[
  {
    "model": "contenttypes.contenttype",
    "pk": 1,
    "fields": {
      "app_label": "contenttypes",
      "model": "contenttype"
    }
  },
  {
    "model": "contenttypes.contenttype",
    "pk": 2,
    "fields": {
      "app_label": "sessions",
      "model": "session"
    }
  },
  {
    "model": "contenttypes.contenttype",
    "pk": 3,
    "fields": {
      "app_label": "sites",
      "model": "site"
    }
  },
  {
    "model": "contenttypes.contenttype",
    "pk": 4,
    "fields": {
      "app_label": "auth",
      "model": "permission"
    }
  },
  {
    "model": "contenttypes.contenttype",
    "pk": 5,
    "fields": {
      "app_label": "auth",
      "model": "group"
    }
  },
  {
    "model": "contenttypes.contenttype",
    "pk": 6,
    "fields": {
      "app_label": "account",
      "model": "user"
    }
  },
  {
    "model": "contenttypes.contenttype",
    "pk": 7,
    "fields": {
      "app_label": "account",
      "model": "address"
    }
  },
  {
    "model": "contenttypes.contenttype",
    "pk": 8,
    "fields": {
      "app_label": "account",
      "model": "customernote"
    }
  },
  {
    "model": "contenttypes.contenttype",
    "pk": 9,
    "fields": {
      "app_label": "discount",
      "model": "sale"
    }
  },
  {
    "model": "contenttypes.contenttype",
    "pk": 10,
    "fields": {
      "app_label": "discount",
      "model": "voucher"
    }
  },
  {
    "model": "contenttypes.contenttype",
    "pk": 11,
    "fields": {
      "app_label": "discount",
      "model": "vouchertranslation"
    }
  },
  {
    "model": "contenttypes.contenttype",
    "pk": 12,
    "fields": {
      "app_label": "product",
      "model": "category"
    }
  },
  {
    "model": "contenttypes.contenttype",
    "pk": 13,
    "fields": {
      "app_label": "product",
      "model": "product"
    }
  },
  {
    "model": "contenttypes.contenttype",
    "pk": 14,
    "fields": {
      "app_label": "product",
      "model": "productimage"
    }
  },
  {
    "model": "contenttypes.contenttype",
    "pk": 15,
    "fields": {
      "app_label": "product",
      "model": "productvariant"
    }
  },
  {
    "model": "contenttypes.contenttype",
    "pk": 16,
    "fields": {
      "app_label": "product",
      "model": "variantimage"
    }
  },
  {
    "model": "contenttypes.contenttype",
    "pk": 17,
    "fields": {
      "app_label": "product",
      "model": "producttype"
    }
  },
  {
    "model": "contenttypes.contenttype",
    "pk": 18,
    "fields": {
      "app_label": "product",
      "model": "collection"
    }
  },
  {
    "model": "contenttypes.contenttype",
    "pk": 19,
    "fields": {
      "app_label": "product",
      "model": "categorytranslation"
    }
  },
  {
    "model": "contenttypes.contenttype",
    "pk": 20,
    "fields": {
      "app_label": "product",
      "model": "collectiontranslation"
    }
  },
  {
    "model": "contenttypes.contenttype",
    "pk": 21,
    "fields": {
      "app_label": "product",
      "model": "producttranslation"
    }
  },
  {
    "model": "contenttypes.contenttype",
    "pk": 22,
    "fields": {
      "app_label": "product",
      "model": "productvarianttranslation"
    }
  },
  {
    "model": "contenttypes.contenttype",
    "pk": 23,
    "fields": {
      "app_label": "product",
      "model": "attribute"
    }
  },
  {
    "model": "contenttypes.contenttype",
    "pk": 24,
    "fields": {
      "app_label": "product",
      "model": "attributevaluetranslation"
    }
  },
  {
    "model": "contenttypes.contenttype",
    "pk": 25,
    "fields": {
      "app_label": "product",
      "model": "attributevalue"
    }
  },
  {
    "model": "contenttypes.contenttype",
    "pk": 26,
    "fields": {
      "app_label": "product",
      "model": "attributetranslation"
    }
  },
  {
    "model": "contenttypes.contenttype",
    "pk": 27,
    "fields": {
      "app_label": "checkout",
      "model": "cart"
    }
  },
  {
    "model": "contenttypes.contenttype",
    "pk": 28,
    "fields": {
      "app_label": "checkout",
      "model": "cartline"
    }
  },
  {
    "model": "contenttypes.contenttype",
    "pk": 29,
    "fields": {
      "app_label": "menu",
      "model": "menu"
    }
  },
  {
    "model": "contenttypes.contenttype",
    "pk": 30,
    "fields": {
      "app_label": "menu",
      "model": "menuitem"
    }
  },
  {
    "model": "contenttypes.contenttype",
    "pk": 31,
    "fields": {
      "app_label": "menu",
      "model": "menuitemtranslation"
    }
  },
  {
    "model": "contenttypes.contenttype",
    "pk": 32,
    "fields": {
      "app_label": "order",
      "model": "order"
    }
  },
  {
    "model": "contenttypes.contenttype",
    "pk": 33,
    "fields": {
      "app_label": "order",
      "model": "orderline"
    }
  },
  {
    "model": "contenttypes.contenttype",
    "pk": 34,
    "fields": {
      "app_label": "order",
      "model": "fulfillment"
    }
  },
  {
    "model": "contenttypes.contenttype",
    "pk": 35,
    "fields": {
      "app_label": "order",
      "model": "fulfillmentline"
    }
  },
  {
    "model": "contenttypes.contenttype",
    "pk": 36,
    "fields": {
      "app_label": "order",
      "model": "orderevent"
    }
  },
  {
    "model": "contenttypes.contenttype",
    "pk": 37,
    "fields": {
      "app_label": "shipping",
      "model": "shippingmethod"
    }
  },
  {
    "model": "contenttypes.contenttype",
    "pk": 38,
    "fields": {
      "app_label": "shipping",
      "model": "shippingmethodtranslation"
    }
  },
  {
    "model": "contenttypes.contenttype",
    "pk": 39,
    "fields": {
      "app_label": "shipping",
      "model": "shippingzone"
    }
  },
  {
    "model": "contenttypes.contenttype",
    "pk": 40,
    "fields": {
      "app_label": "site",
      "model": "sitesettings"
    }
  },
  {
    "model": "contenttypes.contenttype",
    "pk": 41,
    "fields": {
      "app_label": "site",
      "model": "authorizationkey"
    }
  },
  {
    "model": "contenttypes.contenttype",
    "pk": 42,
    "fields": {
      "app_label": "site",
      "model": "sitesettingstranslation"
    }
  },
  {
    "model": "contenttypes.contenttype",
    "pk": 43,
    "fields": {
      "app_label": "page",
      "model": "page"
    }
  },
  {
    "model": "contenttypes.contenttype",
    "pk": 44,
    "fields": {
      "app_label": "page",
      "model": "pagetranslation"
    }
  },
  {
    "model": "contenttypes.contenttype",
    "pk": 45,
    "fields": {
      "app_label": "payment",
      "model": "transaction"
    }
  },
  {
    "model": "contenttypes.contenttype",
    "pk": 46,
    "fields": {
      "app_label": "payment",
      "model": "payment"
    }
  },
  {
    "model": "contenttypes.contenttype",
    "pk": 47,
    "fields": {
      "app_label": "django_prices_openexchangerates",
      "model": "conversionrate"
    }
  },
  {
    "model": "contenttypes.contenttype",
    "pk": 48,
    "fields": {
      "app_label": "django_prices_vatlayer",
      "model": "vat"
    }
  },
  {
    "model": "contenttypes.contenttype",
    "pk": 49,
    "fields": {
      "app_label": "django_prices_vatlayer",
      "model": "ratetypes"
    }
  },
  {
    "model": "contenttypes.contenttype",
    "pk": 50,
    "fields": {
      "app_label": "social_django",
      "model": "association"
    }
  },
  {
    "model": "contenttypes.contenttype",
    "pk": 51,
    "fields": {
      "app_label": "social_django",
      "model": "code"
    }
  },
  {
    "model": "contenttypes.contenttype",
    "pk": 52,
    "fields": {
      "app_label": "social_django",
      "model": "nonce"
    }
  },
  {
    "model": "contenttypes.contenttype",
    "pk": 53,
    "fields": {
      "app_label": "social_django",
      "model": "usersocialauth"
    }
  },
  {
    "model": "contenttypes.contenttype",
    "pk": 54,
    "fields": {
      "app_label": "social_django",
      "model": "partial"
    }
  },
  {
    "model": "contenttypes.contenttype",
    "pk": 55,
    "fields": {
      "app_label": "django_celery_results",
      "model": "taskresult"
    }
  },
  {
    "model": "contenttypes.contenttype",
    "pk": 56,
    "fields": {
      "app_label": "impersonate",
      "model": "impersonationlog"
    }
  },
  {
    "model": "sessions.session",
    "pk": "bcdekvkchvfdyz52hyphcq0opupij9ko",
    "fields": {
      "session_data": "ZDdmMTI4ODNiYWU4NzNmOGY3NWZhNDgzY2E0YzNlNTE3NjQ4NmY1NDp7Il9hdXRoX3VzZXJfaWQiOiIyMSIsIl9hdXRoX3VzZXJfYmFja2VuZCI6ImRqYW5nby5jb250cmliLmF1dGguYmFja2VuZHMuTW9kZWxCYWNrZW5kIiwiX2F1dGhfdXNlcl9oYXNoIjoiMzk3YTEwMGYyZmE2ZWU0NmYyMTU1MjI1OGM3YWJiMzA2N2NmYmM5MyJ9",
      "expire_date": "2018-12-14T20:25:20.641Z"
    }
  },
  {
    "model": "sessions.session",
    "pk": "gibe4kk4pjouve6ohn0x3ytd2juqyeha",
    "fields": {
      "session_data": "YmFhOGQyYjJiODZlMTFhODI4NDExMTM5MTBkODkyNmNlYWUwZDIzODp7Il9sYW5ndWFnZSI6ImVuIn0=",
      "expire_date": "2018-12-06T06:38:46.576Z"
    }
  },
  {
    "model": "sessions.session",
    "pk": "hsbgpgdjtkqwk24h3q0wbxc3d14b1axy",
    "fields": {
      "session_data": "Mjg4MjFiNzQxN2Q5MDVhZmQ3YTY1MDE3N2VkNDg0OGI3ZWU4MDA0MTp7fQ==",
      "expire_date": "2018-12-18T04:50:37.317Z"
    }
  },
  {
    "model": "sites.site",
    "pk": 1,
    "fields": {
      "domain": "localhost:8000",
      "name": "Saleor e-commerce"
    }
  },
  {
    "model": "auth.permission",
    "pk": 1,
    "fields": {
      "name": "Can add content type",
      "content_type": 1,
      "codename": "add_contenttype"
    }
  },
  {
    "model": "auth.permission",
    "pk": 2,
    "fields": {
      "name": "Can change content type",
      "content_type": 1,
      "codename": "change_contenttype"
    }
  },
  {
    "model": "auth.permission",
    "pk": 3,
    "fields": {
      "name": "Can delete content type",
      "content_type": 1,
      "codename": "delete_contenttype"
    }
  },
  {
    "model": "auth.permission",
    "pk": 4,
    "fields": {
      "name": "Can view content type",
      "content_type": 1,
      "codename": "view_contenttype"
    }
  },
  {
    "model": "auth.permission",
    "pk": 5,
    "fields": {
      "name": "Can add session",
      "content_type": 2,
      "codename": "add_session"
    }
  },
  {
    "model": "auth.permission",
    "pk": 6,
    "fields": {
      "name": "Can change session",
      "content_type": 2,
      "codename": "change_session"
    }
  },
  {
    "model": "auth.permission",
    "pk": 7,
    "fields": {
      "name": "Can delete session",
      "content_type": 2,
      "codename": "delete_session"
    }
  },
  {
    "model": "auth.permission",
    "pk": 8,
    "fields": {
      "name": "Can view session",
      "content_type": 2,
      "codename": "view_session"
    }
  },
  {
    "model": "auth.permission",
    "pk": 9,
    "fields": {
      "name": "Can add site",
      "content_type": 3,
      "codename": "add_site"
    }
  },
  {
    "model": "auth.permission",
    "pk": 10,
    "fields": {
      "name": "Can change site",
      "content_type": 3,
      "codename": "change_site"
    }
  },
  {
    "model": "auth.permission",
    "pk": 11,
    "fields": {
      "name": "Can delete site",
      "content_type": 3,
      "codename": "delete_site"
    }
  },
  {
    "model": "auth.permission",
    "pk": 12,
    "fields": {
      "name": "Can view site",
      "content_type": 3,
      "codename": "view_site"
    }
  },
  {
    "model": "auth.permission",
    "pk": 13,
    "fields": {
      "name": "Can add permission",
      "content_type": 4,
      "codename": "add_permission"
    }
  },
  {
    "model": "auth.permission",
    "pk": 14,
    "fields": {
      "name": "Can change permission",
      "content_type": 4,
      "codename": "change_permission"
    }
  },
  {
    "model": "auth.permission",
    "pk": 15,
    "fields": {
      "name": "Can delete permission",
      "content_type": 4,
      "codename": "delete_permission"
    }
  },
  {
    "model": "auth.permission",
    "pk": 16,
    "fields": {
      "name": "Can view permission",
      "content_type": 4,
      "codename": "view_permission"
    }
  },
  {
    "model": "auth.permission",
    "pk": 17,
    "fields": {
      "name": "Can add group",
      "content_type": 5,
      "codename": "add_group"
    }
  },
  {
    "model": "auth.permission",
    "pk": 18,
    "fields": {
      "name": "Can change group",
      "content_type": 5,
      "codename": "change_group"
    }
  },
  {
    "model": "auth.permission",
    "pk": 19,
    "fields": {
      "name": "Can delete group",
      "content_type": 5,
      "codename": "delete_group"
    }
  },
  {
    "model": "auth.permission",
    "pk": 20,
    "fields": {
      "name": "Can view group",
      "content_type": 5,
      "codename": "view_group"
    }
  },
  {
    "model": "auth.permission",
    "pk": 21,
    "fields": {
      "name": "Can add user",
      "content_type": 6,
      "codename": "add_user"
    }
  },
  {
    "model": "auth.permission",
    "pk": 22,
    "fields": {
      "name": "Can change user",
      "content_type": 6,
      "codename": "change_user"
    }
  },
  {
    "model": "auth.permission",
    "pk": 23,
    "fields": {
      "name": "Can delete user",
      "content_type": 6,
      "codename": "delete_user"
    }
  },
  {
    "model": "auth.permission",
    "pk": 24,
    "fields": {
      "name": "Can view user",
      "content_type": 6,
      "codename": "view_user"
    }
  },
  {
    "model": "auth.permission",
    "pk": 25,
    "fields": {
      "name": "Manage customers.",
      "content_type": 6,
      "codename": "manage_users"
    }
  },
  {
    "model": "auth.permission",
    "pk": 26,
    "fields": {
      "name": "Manage staff.",
      "content_type": 6,
      "codename": "manage_staff"
    }
  },
  {
    "model": "auth.permission",
    "pk": 27,
    "fields": {
      "name": "Impersonate customers.",
      "content_type": 6,
      "codename": "impersonate_users"
    }
  },
  {
    "model": "auth.permission",
    "pk": 28,
    "fields": {
      "name": "Can add address",
      "content_type": 7,
      "codename": "add_address"
    }
  },
  {
    "model": "auth.permission",
    "pk": 29,
    "fields": {
      "name": "Can change address",
      "content_type": 7,
      "codename": "change_address"
    }
  },
  {
    "model": "auth.permission",
    "pk": 30,
    "fields": {
      "name": "Can delete address",
      "content_type": 7,
      "codename": "delete_address"
    }
  },
  {
    "model": "auth.permission",
    "pk": 31,
    "fields": {
      "name": "Can view address",
      "content_type": 7,
      "codename": "view_address"
    }
  },
  {
    "model": "auth.permission",
    "pk": 32,
    "fields": {
      "name": "Can add customer note",
      "content_type": 8,
      "codename": "add_customernote"
    }
  },
  {
    "model": "auth.permission",
    "pk": 33,
    "fields": {
      "name": "Can change customer note",
      "content_type": 8,
      "codename": "change_customernote"
    }
  },
  {
    "model": "auth.permission",
    "pk": 34,
    "fields": {
      "name": "Can delete customer note",
      "content_type": 8,
      "codename": "delete_customernote"
    }
  },
  {
    "model": "auth.permission",
    "pk": 35,
    "fields": {
      "name": "Can view customer note",
      "content_type": 8,
      "codename": "view_customernote"
    }
  },
  {
    "model": "auth.permission",
    "pk": 36,
    "fields": {
      "name": "Can add sale",
      "content_type": 9,
      "codename": "add_sale"
    }
  },
  {
    "model": "auth.permission",
    "pk": 37,
    "fields": {
      "name": "Can change sale",
      "content_type": 9,
      "codename": "change_sale"
    }
  },
  {
    "model": "auth.permission",
    "pk": 38,
    "fields": {
      "name": "Can delete sale",
      "content_type": 9,
      "codename": "delete_sale"
    }
  },
  {
    "model": "auth.permission",
    "pk": 39,
    "fields": {
      "name": "Can view sale",
      "content_type": 9,
      "codename": "view_sale"
    }
  },
  {
    "model": "auth.permission",
    "pk": 40,
    "fields": {
      "name": "Manage sales and vouchers.",
      "content_type": 9,
      "codename": "manage_discounts"
    }
  },
  {
    "model": "auth.permission",
    "pk": 41,
    "fields": {
      "name": "Can add voucher",
      "content_type": 10,
      "codename": "add_voucher"
    }
  },
  {
    "model": "auth.permission",
    "pk": 42,
    "fields": {
      "name": "Can change voucher",
      "content_type": 10,
      "codename": "change_voucher"
    }
  },
  {
    "model": "auth.permission",
    "pk": 43,
    "fields": {
      "name": "Can delete voucher",
      "content_type": 10,
      "codename": "delete_voucher"
    }
  },
  {
    "model": "auth.permission",
    "pk": 44,
    "fields": {
      "name": "Can view voucher",
      "content_type": 10,
      "codename": "view_voucher"
    }
  },
  {
    "model": "auth.permission",
    "pk": 45,
    "fields": {
      "name": "Can add voucher translation",
      "content_type": 11,
      "codename": "add_vouchertranslation"
    }
  },
  {
    "model": "auth.permission",
    "pk": 46,
    "fields": {
      "name": "Can change voucher translation",
      "content_type": 11,
      "codename": "change_vouchertranslation"
    }
  },
  {
    "model": "auth.permission",
    "pk": 47,
    "fields": {
      "name": "Can delete voucher translation",
      "content_type": 11,
      "codename": "delete_vouchertranslation"
    }
  },
  {
    "model": "auth.permission",
    "pk": 48,
    "fields": {
      "name": "Can view voucher translation",
      "content_type": 11,
      "codename": "view_vouchertranslation"
    }
  },
  {
    "model": "auth.permission",
    "pk": 49,
    "fields": {
      "name": "Can add category",
      "content_type": 12,
      "codename": "add_category"
    }
  },
  {
    "model": "auth.permission",
    "pk": 50,
    "fields": {
      "name": "Can change category",
      "content_type": 12,
      "codename": "change_category"
    }
  },
  {
    "model": "auth.permission",
    "pk": 51,
    "fields": {
      "name": "Can delete category",
      "content_type": 12,
      "codename": "delete_category"
    }
  },
  {
    "model": "auth.permission",
    "pk": 52,
    "fields": {
      "name": "Can view category",
      "content_type": 12,
      "codename": "view_category"
    }
  },
  {
    "model": "auth.permission",
    "pk": 53,
    "fields": {
      "name": "Can add product",
      "content_type": 13,
      "codename": "add_product"
    }
  },
  {
    "model": "auth.permission",
    "pk": 54,
    "fields": {
      "name": "Can change product",
      "content_type": 13,
      "codename": "change_product"
    }
  },
  {
    "model": "auth.permission",
    "pk": 55,
    "fields": {
      "name": "Can delete product",
      "content_type": 13,
      "codename": "delete_product"
    }
  },
  {
    "model": "auth.permission",
    "pk": 56,
    "fields": {
      "name": "Can view product",
      "content_type": 13,
      "codename": "view_product"
    }
  },
  {
    "model": "auth.permission",
    "pk": 57,
    "fields": {
      "name": "Manage products.",
      "content_type": 13,
      "codename": "manage_products"
    }
  },
  {
    "model": "auth.permission",
    "pk": 58,
    "fields": {
      "name": "Can add product image",
      "content_type": 14,
      "codename": "add_productimage"
    }
  },
  {
    "model": "auth.permission",
    "pk": 59,
    "fields": {
      "name": "Can change product image",
      "content_type": 14,
      "codename": "change_productimage"
    }
  },
  {
    "model": "auth.permission",
    "pk": 60,
    "fields": {
      "name": "Can delete product image",
      "content_type": 14,
      "codename": "delete_productimage"
    }
  },
  {
    "model": "auth.permission",
    "pk": 61,
    "fields": {
      "name": "Can view product image",
      "content_type": 14,
      "codename": "view_productimage"
    }
  },
  {
    "model": "auth.permission",
    "pk": 62,
    "fields": {
      "name": "Can add product variant",
      "content_type": 15,
      "codename": "add_productvariant"
    }
  },
  {
    "model": "auth.permission",
    "pk": 63,
    "fields": {
      "name": "Can change product variant",
      "content_type": 15,
      "codename": "change_productvariant"
    }
  },
  {
    "model": "auth.permission",
    "pk": 64,
    "fields": {
      "name": "Can delete product variant",
      "content_type": 15,
      "codename": "delete_productvariant"
    }
  },
  {
    "model": "auth.permission",
    "pk": 65,
    "fields": {
      "name": "Can view product variant",
      "content_type": 15,
      "codename": "view_productvariant"
    }
  },
  {
    "model": "auth.permission",
    "pk": 66,
    "fields": {
      "name": "Can add variant image",
      "content_type": 16,
      "codename": "add_variantimage"
    }
  },
  {
    "model": "auth.permission",
    "pk": 67,
    "fields": {
      "name": "Can change variant image",
      "content_type": 16,
      "codename": "change_variantimage"
    }
  },
  {
    "model": "auth.permission",
    "pk": 68,
    "fields": {
      "name": "Can delete variant image",
      "content_type": 16,
      "codename": "delete_variantimage"
    }
  },
  {
    "model": "auth.permission",
    "pk": 69,
    "fields": {
      "name": "Can view variant image",
      "content_type": 16,
      "codename": "view_variantimage"
    }
  },
  {
    "model": "auth.permission",
    "pk": 70,
    "fields": {
      "name": "Can add product type",
      "content_type": 17,
      "codename": "add_producttype"
    }
  },
  {
    "model": "auth.permission",
    "pk": 71,
    "fields": {
      "name": "Can change product type",
      "content_type": 17,
      "codename": "change_producttype"
    }
  },
  {
    "model": "auth.permission",
    "pk": 72,
    "fields": {
      "name": "Can delete product type",
      "content_type": 17,
      "codename": "delete_producttype"
    }
  },
  {
    "model": "auth.permission",
    "pk": 73,
    "fields": {
      "name": "Can view product type",
      "content_type": 17,
      "codename": "view_producttype"
    }
  },
  {
    "model": "auth.permission",
    "pk": 74,
    "fields": {
      "name": "Can add collection",
      "content_type": 18,
      "codename": "add_collection"
    }
  },
  {
    "model": "auth.permission",
    "pk": 75,
    "fields": {
      "name": "Can change collection",
      "content_type": 18,
      "codename": "change_collection"
    }
  },
  {
    "model": "auth.permission",
    "pk": 76,
    "fields": {
      "name": "Can delete collection",
      "content_type": 18,
      "codename": "delete_collection"
    }
  },
  {
    "model": "auth.permission",
    "pk": 77,
    "fields": {
      "name": "Can view collection",
      "content_type": 18,
      "codename": "view_collection"
    }
  },
  {
    "model": "auth.permission",
    "pk": 78,
    "fields": {
      "name": "Can add category translation",
      "content_type": 19,
      "codename": "add_categorytranslation"
    }
  },
  {
    "model": "auth.permission",
    "pk": 79,
    "fields": {
      "name": "Can change category translation",
      "content_type": 19,
      "codename": "change_categorytranslation"
    }
  },
  {
    "model": "auth.permission",
    "pk": 80,
    "fields": {
      "name": "Can delete category translation",
      "content_type": 19,
      "codename": "delete_categorytranslation"
    }
  },
  {
    "model": "auth.permission",
    "pk": 81,
    "fields": {
      "name": "Can view category translation",
      "content_type": 19,
      "codename": "view_categorytranslation"
    }
  },
  {
    "model": "auth.permission",
    "pk": 82,
    "fields": {
      "name": "Can add collection translation",
      "content_type": 20,
      "codename": "add_collectiontranslation"
    }
  },
  {
    "model": "auth.permission",
    "pk": 83,
    "fields": {
      "name": "Can change collection translation",
      "content_type": 20,
      "codename": "change_collectiontranslation"
    }
  },
  {
    "model": "auth.permission",
    "pk": 84,
    "fields": {
      "name": "Can delete collection translation",
      "content_type": 20,
      "codename": "delete_collectiontranslation"
    }
  },
  {
    "model": "auth.permission",
    "pk": 85,
    "fields": {
      "name": "Can view collection translation",
      "content_type": 20,
      "codename": "view_collectiontranslation"
    }
  },
  {
    "model": "auth.permission",
    "pk": 86,
    "fields": {
      "name": "Can add product translation",
      "content_type": 21,
      "codename": "add_producttranslation"
    }
  },
  {
    "model": "auth.permission",
    "pk": 87,
    "fields": {
      "name": "Can change product translation",
      "content_type": 21,
      "codename": "change_producttranslation"
    }
  },
  {
    "model": "auth.permission",
    "pk": 88,
    "fields": {
      "name": "Can delete product translation",
      "content_type": 21,
      "codename": "delete_producttranslation"
    }
  },
  {
    "model": "auth.permission",
    "pk": 89,
    "fields": {
      "name": "Can view product translation",
      "content_type": 21,
      "codename": "view_producttranslation"
    }
  },
  {
    "model": "auth.permission",
    "pk": 90,
    "fields": {
      "name": "Can add product variant translation",
      "content_type": 22,
      "codename": "add_productvarianttranslation"
    }
  },
  {
    "model": "auth.permission",
    "pk": 91,
    "fields": {
      "name": "Can change product variant translation",
      "content_type": 22,
      "codename": "change_productvarianttranslation"
    }
  },
  {
    "model": "auth.permission",
    "pk": 92,
    "fields": {
      "name": "Can delete product variant translation",
      "content_type": 22,
      "codename": "delete_productvarianttranslation"
    }
  },
  {
    "model": "auth.permission",
    "pk": 93,
    "fields": {
      "name": "Can view product variant translation",
      "content_type": 22,
      "codename": "view_productvarianttranslation"
    }
  },
  {
    "model": "auth.permission",
    "pk": 94,
    "fields": {
      "name": "Can add attribute",
      "content_type": 23,
      "codename": "add_attribute"
    }
  },
  {
    "model": "auth.permission",
    "pk": 95,
    "fields": {
      "name": "Can change attribute",
      "content_type": 23,
      "codename": "change_attribute"
    }
  },
  {
    "model": "auth.permission",
    "pk": 96,
    "fields": {
      "name": "Can delete attribute",
      "content_type": 23,
      "codename": "delete_attribute"
    }
  },
  {
    "model": "auth.permission",
    "pk": 97,
    "fields": {
      "name": "Can view attribute",
      "content_type": 23,
      "codename": "view_attribute"
    }
  },
  {
    "model": "auth.permission",
    "pk": 98,
    "fields": {
      "name": "Can add attribute value translation",
      "content_type": 24,
      "codename": "add_attributevaluetranslation"
    }
  },
  {
    "model": "auth.permission",
    "pk": 99,
    "fields": {
      "name": "Can change attribute value translation",
      "content_type": 24,
      "codename": "change_attributevaluetranslation"
    }
  },
  {
    "model": "auth.permission",
    "pk": 100,
    "fields": {
      "name": "Can delete attribute value translation",
      "content_type": 24,
      "codename": "delete_attributevaluetranslation"
    }
  },
  {
    "model": "auth.permission",
    "pk": 101,
    "fields": {
      "name": "Can view attribute value translation",
      "content_type": 24,
      "codename": "view_attributevaluetranslation"
    }
  },
  {
    "model": "auth.permission",
    "pk": 102,
    "fields": {
      "name": "Can add attribute value",
      "content_type": 25,
      "codename": "add_attributevalue"
    }
  },
  {
    "model": "auth.permission",
    "pk": 103,
    "fields": {
      "name": "Can change attribute value",
      "content_type": 25,
      "codename": "change_attributevalue"
    }
  },
  {
    "model": "auth.permission",
    "pk": 104,
    "fields": {
      "name": "Can delete attribute value",
      "content_type": 25,
      "codename": "delete_attributevalue"
    }
  },
  {
    "model": "auth.permission",
    "pk": 105,
    "fields": {
      "name": "Can view attribute value",
      "content_type": 25,
      "codename": "view_attributevalue"
    }
  },
  {
    "model": "auth.permission",
    "pk": 106,
    "fields": {
      "name": "Can add attribute translation",
      "content_type": 26,
      "codename": "add_attributetranslation"
    }
  },
  {
    "model": "auth.permission",
    "pk": 107,
    "fields": {
      "name": "Can change attribute translation",
      "content_type": 26,
      "codename": "change_attributetranslation"
    }
  },
  {
    "model": "auth.permission",
    "pk": 108,
    "fields": {
      "name": "Can delete attribute translation",
      "content_type": 26,
      "codename": "delete_attributetranslation"
    }
  },
  {
    "model": "auth.permission",
    "pk": 109,
    "fields": {
      "name": "Can view attribute translation",
      "content_type": 26,
      "codename": "view_attributetranslation"
    }
  },
  {
    "model": "auth.permission",
    "pk": 110,
    "fields": {
      "name": "Can add cart",
      "content_type": 27,
      "codename": "add_cart"
    }
  },
  {
    "model": "auth.permission",
    "pk": 111,
    "fields": {
      "name": "Can change cart",
      "content_type": 27,
      "codename": "change_cart"
    }
  },
  {
    "model": "auth.permission",
    "pk": 112,
    "fields": {
      "name": "Can delete cart",
      "content_type": 27,
      "codename": "delete_cart"
    }
  },
  {
    "model": "auth.permission",
    "pk": 113,
    "fields": {
      "name": "Can view cart",
      "content_type": 27,
      "codename": "view_cart"
    }
  },
  {
    "model": "auth.permission",
    "pk": 114,
    "fields": {
      "name": "Can add cart line",
      "content_type": 28,
      "codename": "add_cartline"
    }
  },
  {
    "model": "auth.permission",
    "pk": 115,
    "fields": {
      "name": "Can change cart line",
      "content_type": 28,
      "codename": "change_cartline"
    }
  },
  {
    "model": "auth.permission",
    "pk": 116,
    "fields": {
      "name": "Can delete cart line",
      "content_type": 28,
      "codename": "delete_cartline"
    }
  },
  {
    "model": "auth.permission",
    "pk": 117,
    "fields": {
      "name": "Can view cart line",
      "content_type": 28,
      "codename": "view_cartline"
    }
  },
  {
    "model": "auth.permission",
    "pk": 118,
    "fields": {
      "name": "Can add menu",
      "content_type": 29,
      "codename": "add_menu"
    }
  },
  {
    "model": "auth.permission",
    "pk": 119,
    "fields": {
      "name": "Can change menu",
      "content_type": 29,
      "codename": "change_menu"
    }
  },
  {
    "model": "auth.permission",
    "pk": 120,
    "fields": {
      "name": "Can delete menu",
      "content_type": 29,
      "codename": "delete_menu"
    }
  },
  {
    "model": "auth.permission",
    "pk": 121,
    "fields": {
      "name": "Can view menu",
      "content_type": 29,
      "codename": "view_menu"
    }
  },
  {
    "model": "auth.permission",
    "pk": 122,
    "fields": {
      "name": "Manage navigation.",
      "content_type": 29,
      "codename": "manage_menus"
    }
  },
  {
    "model": "auth.permission",
    "pk": 123,
    "fields": {
      "name": "Can add menu item",
      "content_type": 30,
      "codename": "add_menuitem"
    }
  },
  {
    "model": "auth.permission",
    "pk": 124,
    "fields": {
      "name": "Can change menu item",
      "content_type": 30,
      "codename": "change_menuitem"
    }
  },
  {
    "model": "auth.permission",
    "pk": 125,
    "fields": {
      "name": "Can delete menu item",
      "content_type": 30,
      "codename": "delete_menuitem"
    }
  },
  {
    "model": "auth.permission",
    "pk": 126,
    "fields": {
      "name": "Can view menu item",
      "content_type": 30,
      "codename": "view_menuitem"
    }
  },
  {
    "model": "auth.permission",
    "pk": 127,
    "fields": {
      "name": "Can add menu item translation",
      "content_type": 31,
      "codename": "add_menuitemtranslation"
    }
  },
  {
    "model": "auth.permission",
    "pk": 128,
    "fields": {
      "name": "Can change menu item translation",
      "content_type": 31,
      "codename": "change_menuitemtranslation"
    }
  },
  {
    "model": "auth.permission",
    "pk": 129,
    "fields": {
      "name": "Can delete menu item translation",
      "content_type": 31,
      "codename": "delete_menuitemtranslation"
    }
  },
  {
    "model": "auth.permission",
    "pk": 130,
    "fields": {
      "name": "Can view menu item translation",
      "content_type": 31,
      "codename": "view_menuitemtranslation"
    }
  },
  {
    "model": "auth.permission",
    "pk": 131,
    "fields": {
      "name": "Can add order",
      "content_type": 32,
      "codename": "add_order"
    }
  },
  {
    "model": "auth.permission",
    "pk": 132,
    "fields": {
      "name": "Can change order",
      "content_type": 32,
      "codename": "change_order"
    }
  },
  {
    "model": "auth.permission",
    "pk": 133,
    "fields": {
      "name": "Can delete order",
      "content_type": 32,
      "codename": "delete_order"
    }
  },
  {
    "model": "auth.permission",
    "pk": 134,
    "fields": {
      "name": "Can view order",
      "content_type": 32,
      "codename": "view_order"
    }
  },
  {
    "model": "auth.permission",
    "pk": 135,
    "fields": {
      "name": "Manage orders.",
      "content_type": 32,
      "codename": "manage_orders"
    }
  },
  {
    "model": "auth.permission",
    "pk": 136,
    "fields": {
      "name": "Can add order line",
      "content_type": 33,
      "codename": "add_orderline"
    }
  },
  {
    "model": "auth.permission",
    "pk": 137,
    "fields": {
      "name": "Can change order line",
      "content_type": 33,
      "codename": "change_orderline"
    }
  },
  {
    "model": "auth.permission",
    "pk": 138,
    "fields": {
      "name": "Can delete order line",
      "content_type": 33,
      "codename": "delete_orderline"
    }
  },
  {
    "model": "auth.permission",
    "pk": 139,
    "fields": {
      "name": "Can view order line",
      "content_type": 33,
      "codename": "view_orderline"
    }
  },
  {
    "model": "auth.permission",
    "pk": 140,
    "fields": {
      "name": "Can add fulfillment",
      "content_type": 34,
      "codename": "add_fulfillment"
    }
  },
  {
    "model": "auth.permission",
    "pk": 141,
    "fields": {
      "name": "Can change fulfillment",
      "content_type": 34,
      "codename": "change_fulfillment"
    }
  },
  {
    "model": "auth.permission",
    "pk": 142,
    "fields": {
      "name": "Can delete fulfillment",
      "content_type": 34,
      "codename": "delete_fulfillment"
    }
  },
  {
    "model": "auth.permission",
    "pk": 143,
    "fields": {
      "name": "Can view fulfillment",
      "content_type": 34,
      "codename": "view_fulfillment"
    }
  },
  {
    "model": "auth.permission",
    "pk": 144,
    "fields": {
      "name": "Can add fulfillment line",
      "content_type": 35,
      "codename": "add_fulfillmentline"
    }
  },
  {
    "model": "auth.permission",
    "pk": 145,
    "fields": {
      "name": "Can change fulfillment line",
      "content_type": 35,
      "codename": "change_fulfillmentline"
    }
  },
  {
    "model": "auth.permission",
    "pk": 146,
    "fields": {
      "name": "Can delete fulfillment line",
      "content_type": 35,
      "codename": "delete_fulfillmentline"
    }
  },
  {
    "model": "auth.permission",
    "pk": 147,
    "fields": {
      "name": "Can view fulfillment line",
      "content_type": 35,
      "codename": "view_fulfillmentline"
    }
  },
  {
    "model": "auth.permission",
    "pk": 148,
    "fields": {
      "name": "Can add order event",
      "content_type": 36,
      "codename": "add_orderevent"
    }
  },
  {
    "model": "auth.permission",
    "pk": 149,
    "fields": {
      "name": "Can change order event",
      "content_type": 36,
      "codename": "change_orderevent"
    }
  },
  {
    "model": "auth.permission",
    "pk": 150,
    "fields": {
      "name": "Can delete order event",
      "content_type": 36,
      "codename": "delete_orderevent"
    }
  },
  {
    "model": "auth.permission",
    "pk": 151,
    "fields": {
      "name": "Can view order event",
      "content_type": 36,
      "codename": "view_orderevent"
    }
  },
  {
    "model": "auth.permission",
    "pk": 152,
    "fields": {
      "name": "Can add shipping method",
      "content_type": 37,
      "codename": "add_shippingmethod"
    }
  },
  {
    "model": "auth.permission",
    "pk": 153,
    "fields": {
      "name": "Can change shipping method",
      "content_type": 37,
      "codename": "change_shippingmethod"
    }
  },
  {
    "model": "auth.permission",
    "pk": 154,
    "fields": {
      "name": "Can delete shipping method",
      "content_type": 37,
      "codename": "delete_shippingmethod"
    }
  },
  {
    "model": "auth.permission",
    "pk": 155,
    "fields": {
      "name": "Can view shipping method",
      "content_type": 37,
      "codename": "view_shippingmethod"
    }
  },
  {
    "model": "auth.permission",
    "pk": 156,
    "fields": {
      "name": "Can add shipping method translation",
      "content_type": 38,
      "codename": "add_shippingmethodtranslation"
    }
  },
  {
    "model": "auth.permission",
    "pk": 157,
    "fields": {
      "name": "Can change shipping method translation",
      "content_type": 38,
      "codename": "change_shippingmethodtranslation"
    }
  },
  {
    "model": "auth.permission",
    "pk": 158,
    "fields": {
      "name": "Can delete shipping method translation",
      "content_type": 38,
      "codename": "delete_shippingmethodtranslation"
    }
  },
  {
    "model": "auth.permission",
    "pk": 159,
    "fields": {
      "name": "Can view shipping method translation",
      "content_type": 38,
      "codename": "view_shippingmethodtranslation"
    }
  },
  {
    "model": "auth.permission",
    "pk": 160,
    "fields": {
      "name": "Can add shipping zone",
      "content_type": 39,
      "codename": "add_shippingzone"
    }
  },
  {
    "model": "auth.permission",
    "pk": 161,
    "fields": {
      "name": "Can change shipping zone",
      "content_type": 39,
      "codename": "change_shippingzone"
    }
  },
  {
    "model": "auth.permission",
    "pk": 162,
    "fields": {
      "name": "Can delete shipping zone",
      "content_type": 39,
      "codename": "delete_shippingzone"
    }
  },
  {
    "model": "auth.permission",
    "pk": 163,
    "fields": {
      "name": "Can view shipping zone",
      "content_type": 39,
      "codename": "view_shippingzone"
    }
  },
  {
    "model": "auth.permission",
    "pk": 164,
    "fields": {
      "name": "Manage shipping.",
      "content_type": 39,
      "codename": "manage_shipping"
    }
  },
  {
    "model": "auth.permission",
    "pk": 165,
    "fields": {
      "name": "Can add site settings",
      "content_type": 40,
      "codename": "add_sitesettings"
    }
  },
  {
    "model": "auth.permission",
    "pk": 166,
    "fields": {
      "name": "Can change site settings",
      "content_type": 40,
      "codename": "change_sitesettings"
    }
  },
  {
    "model": "auth.permission",
    "pk": 167,
    "fields": {
      "name": "Can delete site settings",
      "content_type": 40,
      "codename": "delete_sitesettings"
    }
  },
  {
    "model": "auth.permission",
    "pk": 168,
    "fields": {
      "name": "Can view site settings",
      "content_type": 40,
      "codename": "view_sitesettings"
    }
  },
  {
    "model": "auth.permission",
    "pk": 169,
    "fields": {
      "name": "Manage settings.",
      "content_type": 40,
      "codename": "manage_settings"
    }
  },
  {
    "model": "auth.permission",
    "pk": 170,
    "fields": {
      "name": "Can add authorization key",
      "content_type": 41,
      "codename": "add_authorizationkey"
    }
  },
  {
    "model": "auth.permission",
    "pk": 171,
    "fields": {
      "name": "Can change authorization key",
      "content_type": 41,
      "codename": "change_authorizationkey"
    }
  },
  {
    "model": "auth.permission",
    "pk": 172,
    "fields": {
      "name": "Can delete authorization key",
      "content_type": 41,
      "codename": "delete_authorizationkey"
    }
  },
  {
    "model": "auth.permission",
    "pk": 173,
    "fields": {
      "name": "Can view authorization key",
      "content_type": 41,
      "codename": "view_authorizationkey"
    }
  },
  {
    "model": "auth.permission",
    "pk": 174,
    "fields": {
      "name": "Can add site settings translation",
      "content_type": 42,
      "codename": "add_sitesettingstranslation"
    }
  },
  {
    "model": "auth.permission",
    "pk": 175,
    "fields": {
      "name": "Can change site settings translation",
      "content_type": 42,
      "codename": "change_sitesettingstranslation"
    }
  },
  {
    "model": "auth.permission",
    "pk": 176,
    "fields": {
      "name": "Can delete site settings translation",
      "content_type": 42,
      "codename": "delete_sitesettingstranslation"
    }
  },
  {
    "model": "auth.permission",
    "pk": 177,
    "fields": {
      "name": "Can view site settings translation",
      "content_type": 42,
      "codename": "view_sitesettingstranslation"
    }
  },
  {
    "model": "auth.permission",
    "pk": 178,
    "fields": {
      "name": "Can add page",
      "content_type": 43,
      "codename": "add_page"
    }
  },
  {
    "model": "auth.permission",
    "pk": 179,
    "fields": {
      "name": "Can change page",
      "content_type": 43,
      "codename": "change_page"
    }
  },
  {
    "model": "auth.permission",
    "pk": 180,
    "fields": {
      "name": "Can delete page",
      "content_type": 43,
      "codename": "delete_page"
    }
  },
  {
    "model": "auth.permission",
    "pk": 181,
    "fields": {
      "name": "Can view page",
      "content_type": 43,
      "codename": "view_page"
    }
  },
  {
    "model": "auth.permission",
    "pk": 182,
    "fields": {
      "name": "Manage pages.",
      "content_type": 43,
      "codename": "manage_pages"
    }
  },
  {
    "model": "auth.permission",
    "pk": 183,
    "fields": {
      "name": "Can add page translation",
      "content_type": 44,
      "codename": "add_pagetranslation"
    }
  },
  {
    "model": "auth.permission",
    "pk": 184,
    "fields": {
      "name": "Can change page translation",
      "content_type": 44,
      "codename": "change_pagetranslation"
    }
  },
  {
    "model": "auth.permission",
    "pk": 185,
    "fields": {
      "name": "Can delete page translation",
      "content_type": 44,
      "codename": "delete_pagetranslation"
    }
  },
  {
    "model": "auth.permission",
    "pk": 186,
    "fields": {
      "name": "Can view page translation",
      "content_type": 44,
      "codename": "view_pagetranslation"
    }
  },
  {
    "model": "auth.permission",
    "pk": 187,
    "fields": {
      "name": "Can add transaction",
      "content_type": 45,
      "codename": "add_transaction"
    }
  },
  {
    "model": "auth.permission",
    "pk": 188,
    "fields": {
      "name": "Can change transaction",
      "content_type": 45,
      "codename": "change_transaction"
    }
  },
  {
    "model": "auth.permission",
    "pk": 189,
    "fields": {
      "name": "Can delete transaction",
      "content_type": 45,
      "codename": "delete_transaction"
    }
  },
  {
    "model": "auth.permission",
    "pk": 190,
    "fields": {
      "name": "Can view transaction",
      "content_type": 45,
      "codename": "view_transaction"
    }
  },
  {
    "model": "auth.permission",
    "pk": 191,
    "fields": {
      "name": "Can add payment",
      "content_type": 46,
      "codename": "add_payment"
    }
  },
  {
    "model": "auth.permission",
    "pk": 192,
    "fields": {
      "name": "Can change payment",
      "content_type": 46,
      "codename": "change_payment"
    }
  },
  {
    "model": "auth.permission",
    "pk": 193,
    "fields": {
      "name": "Can delete payment",
      "content_type": 46,
      "codename": "delete_payment"
    }
  },
  {
    "model": "auth.permission",
    "pk": 194,
    "fields": {
      "name": "Can view payment",
      "content_type": 46,
      "codename": "view_payment"
    }
  },
  {
    "model": "auth.permission",
    "pk": 195,
    "fields": {
      "name": "Can add conversion rate",
      "content_type": 47,
      "codename": "add_conversionrate"
    }
  },
  {
    "model": "auth.permission",
    "pk": 196,
    "fields": {
      "name": "Can change conversion rate",
      "content_type": 47,
      "codename": "change_conversionrate"
    }
  },
  {
    "model": "auth.permission",
    "pk": 197,
    "fields": {
      "name": "Can delete conversion rate",
      "content_type": 47,
      "codename": "delete_conversionrate"
    }
  },
  {
    "model": "auth.permission",
    "pk": 198,
    "fields": {
      "name": "Can view conversion rate",
      "content_type": 47,
      "codename": "view_conversionrate"
    }
  },
  {
    "model": "auth.permission",
    "pk": 199,
    "fields": {
      "name": "Can add vat",
      "content_type": 48,
      "codename": "add_vat"
    }
  },
  {
    "model": "auth.permission",
    "pk": 200,
    "fields": {
      "name": "Can change vat",
      "content_type": 48,
      "codename": "change_vat"
    }
  },
  {
    "model": "auth.permission",
    "pk": 201,
    "fields": {
      "name": "Can delete vat",
      "content_type": 48,
      "codename": "delete_vat"
    }
  },
  {
    "model": "auth.permission",
    "pk": 202,
    "fields": {
      "name": "Can view vat",
      "content_type": 48,
      "codename": "view_vat"
    }
  },
  {
    "model": "auth.permission",
    "pk": 203,
    "fields": {
      "name": "Can add rate types",
      "content_type": 49,
      "codename": "add_ratetypes"
    }
  },
  {
    "model": "auth.permission",
    "pk": 204,
    "fields": {
      "name": "Can change rate types",
      "content_type": 49,
      "codename": "change_ratetypes"
    }
  },
  {
    "model": "auth.permission",
    "pk": 205,
    "fields": {
      "name": "Can delete rate types",
      "content_type": 49,
      "codename": "delete_ratetypes"
    }
  },
  {
    "model": "auth.permission",
    "pk": 206,
    "fields": {
      "name": "Can view rate types",
      "content_type": 49,
      "codename": "view_ratetypes"
    }
  },
  {
    "model": "auth.permission",
    "pk": 207,
    "fields": {
      "name": "Can add association",
      "content_type": 50,
      "codename": "add_association"
    }
  },
  {
    "model": "auth.permission",
    "pk": 208,
    "fields": {
      "name": "Can change association",
      "content_type": 50,
      "codename": "change_association"
    }
  },
  {
    "model": "auth.permission",
    "pk": 209,
    "fields": {
      "name": "Can delete association",
      "content_type": 50,
      "codename": "delete_association"
    }
  },
  {
    "model": "auth.permission",
    "pk": 210,
    "fields": {
      "name": "Can view association",
      "content_type": 50,
      "codename": "view_association"
    }
  },
  {
    "model": "auth.permission",
    "pk": 211,
    "fields": {
      "name": "Can add code",
      "content_type": 51,
      "codename": "add_code"
    }
  },
  {
    "model": "auth.permission",
    "pk": 212,
    "fields": {
      "name": "Can change code",
      "content_type": 51,
      "codename": "change_code"
    }
  },
  {
    "model": "auth.permission",
    "pk": 213,
    "fields": {
      "name": "Can delete code",
      "content_type": 51,
      "codename": "delete_code"
    }
  },
  {
    "model": "auth.permission",
    "pk": 214,
    "fields": {
      "name": "Can view code",
      "content_type": 51,
      "codename": "view_code"
    }
  },
  {
    "model": "auth.permission",
    "pk": 215,
    "fields": {
      "name": "Can add nonce",
      "content_type": 52,
      "codename": "add_nonce"
    }
  },
  {
    "model": "auth.permission",
    "pk": 216,
    "fields": {
      "name": "Can change nonce",
      "content_type": 52,
      "codename": "change_nonce"
    }
  },
  {
    "model": "auth.permission",
    "pk": 217,
    "fields": {
      "name": "Can delete nonce",
      "content_type": 52,
      "codename": "delete_nonce"
    }
  },
  {
    "model": "auth.permission",
    "pk": 218,
    "fields": {
      "name": "Can view nonce",
      "content_type": 52,
      "codename": "view_nonce"
    }
  },
  {
    "model": "auth.permission",
    "pk": 219,
    "fields": {
      "name": "Can add user social auth",
      "content_type": 53,
      "codename": "add_usersocialauth"
    }
  },
  {
    "model": "auth.permission",
    "pk": 220,
    "fields": {
      "name": "Can change user social auth",
      "content_type": 53,
      "codename": "change_usersocialauth"
    }
  },
  {
    "model": "auth.permission",
    "pk": 221,
    "fields": {
      "name": "Can delete user social auth",
      "content_type": 53,
      "codename": "delete_usersocialauth"
    }
  },
  {
    "model": "auth.permission",
    "pk": 222,
    "fields": {
      "name": "Can view user social auth",
      "content_type": 53,
      "codename": "view_usersocialauth"
    }
  },
  {
    "model": "auth.permission",
    "pk": 223,
    "fields": {
      "name": "Can add partial",
      "content_type": 54,
      "codename": "add_partial"
    }
  },
  {
    "model": "auth.permission",
    "pk": 224,
    "fields": {
      "name": "Can change partial",
      "content_type": 54,
      "codename": "change_partial"
    }
  },
  {
    "model": "auth.permission",
    "pk": 225,
    "fields": {
      "name": "Can delete partial",
      "content_type": 54,
      "codename": "delete_partial"
    }
  },
  {
    "model": "auth.permission",
    "pk": 226,
    "fields": {
      "name": "Can view partial",
      "content_type": 54,
      "codename": "view_partial"
    }
  },
  {
    "model": "auth.permission",
    "pk": 227,
    "fields": {
      "name": "Can add task result",
      "content_type": 55,
      "codename": "add_taskresult"
    }
  },
  {
    "model": "auth.permission",
    "pk": 228,
    "fields": {
      "name": "Can change task result",
      "content_type": 55,
      "codename": "change_taskresult"
    }
  },
  {
    "model": "auth.permission",
    "pk": 229,
    "fields": {
      "name": "Can delete task result",
      "content_type": 55,
      "codename": "delete_taskresult"
    }
  },
  {
    "model": "auth.permission",
    "pk": 230,
    "fields": {
      "name": "Can view task result",
      "content_type": 55,
      "codename": "view_taskresult"
    }
  },
  {
    "model": "auth.permission",
    "pk": 231,
    "fields": {
      "name": "Can add impersonation log",
      "content_type": 56,
      "codename": "add_impersonationlog"
    }
  },
  {
    "model": "auth.permission",
    "pk": 232,
    "fields": {
      "name": "Can change impersonation log",
      "content_type": 56,
      "codename": "change_impersonationlog"
    }
  },
  {
    "model": "auth.permission",
    "pk": 233,
    "fields": {
      "name": "Can delete impersonation log",
      "content_type": 56,
      "codename": "delete_impersonationlog"
    }
  },
  {
    "model": "auth.permission",
    "pk": 234,
    "fields": {
      "name": "Can view impersonation log",
      "content_type": 56,
      "codename": "view_impersonationlog"
    }
  },
  {
    "model": "account.address",
    "pk": 1,
    "fields": {
      "first_name": "David",
      "last_name": "Bradford",
      "company_name": "",
      "street_address_1": "50154 Martin Lodge Suite 916",
      "street_address_2": "",
      "city": "North Kristine",
      "city_area": "",
      "postal_code": "13982",
      "country": "DO",
      "country_area": "",
      "phone": ""
    }
  },
  {
    "model": "account.address",
    "pk": 2,
    "fields": {
      "first_name": "Amy",
      "last_name": "Harris",
      "company_name": "",
      "street_address_1": "61607 Neal Parks",
      "street_address_2": "",
      "city": "South Kristyland",
      "city_area": "",
      "postal_code": "70252",
      "country": "CH",
      "country_area": "",
      "phone": ""
    }
  },
  {
    "model": "account.address",
    "pk": 3,
    "fields": {
      "first_name": "Troy",
      "last_name": "Young",
      "company_name": "",
      "street_address_1": "441 Christopher Fords Suite 743",
      "street_address_2": "",
      "city": "West Martha",
      "city_area": "",
      "postal_code": "13176",
      "country": "PW",
      "country_area": "",
      "phone": ""
    }
  },
  {
    "model": "account.address",
    "pk": 4,
    "fields": {
      "first_name": "Paula",
      "last_name": "Baird",
      "company_name": "",
      "street_address_1": "228 Powell Falls",
      "street_address_2": "",
      "city": "New Jeremiah",
      "city_area": "",
      "postal_code": "07106",
      "country": "QA",
      "country_area": "",
      "phone": ""
    }
  },
  {
    "model": "account.address",
    "pk": 5,
    "fields": {
      "first_name": "Samantha",
      "last_name": "King",
      "company_name": "",
      "street_address_1": "6745 Mcbride Mall Apt. 867",
      "street_address_2": "",
      "city": "Port Destiny",
      "city_area": "",
      "postal_code": "47668",
      "country": "SO",
      "country_area": "",
      "phone": ""
    }
  },
  {
    "model": "account.address",
    "pk": 6,
    "fields": {
      "first_name": "Cameron",
      "last_name": "Freeman",
      "company_name": "",
      "street_address_1": "91747 Nunez Haven Apt. 286",
      "street_address_2": "",
      "city": "Johnsonstad",
      "city_area": "",
      "postal_code": "35606",
      "country": "SN",
      "country_area": "",
      "phone": ""
    }
  },
  {
    "model": "account.address",
    "pk": 7,
    "fields": {
      "first_name": "Michael",
      "last_name": "Doyle",
      "company_name": "",
      "street_address_1": "824 Taylor Freeway",
      "street_address_2": "",
      "city": "New Jonathanchester",
      "city_area": "",
      "postal_code": "12843",
      "country": "NZ",
      "country_area": "",
      "phone": ""
    }
  },
  {
    "model": "account.address",
    "pk": 8,
    "fields": {
      "first_name": "Michelle",
      "last_name": "Pierce",
      "company_name": "",
      "street_address_1": "942 Williams Rest",
      "street_address_2": "",
      "city": "East Juan",
      "city_area": "",
      "postal_code": "83363",
      "country": "DM",
      "country_area": "",
      "phone": ""
    }
  },
  {
    "model": "account.address",
    "pk": 9,
    "fields": {
      "first_name": "Michael",
      "last_name": "Stuart",
      "company_name": "",
      "street_address_1": "730 Natasha Vista Suite 016",
      "street_address_2": "",
      "city": "Kingfort",
      "city_area": "",
      "postal_code": "74191",
      "country": "NR",
      "country_area": "",
      "phone": ""
    }
  },
  {
    "model": "account.address",
    "pk": 10,
    "fields": {
      "first_name": "Miguel",
      "last_name": "Jones",
      "company_name": "",
      "street_address_1": "669 Jose Vista Suite 240",
      "street_address_2": "",
      "city": "Ryantown",
      "city_area": "",
      "postal_code": "23770",
      "country": "TM",
      "country_area": "",
      "phone": ""
    }
  },
  {
    "model": "account.address",
    "pk": 11,
    "fields": {
      "first_name": "Larry",
      "last_name": "Medina",
      "company_name": "",
      "street_address_1": "647 Tara Vista",
      "street_address_2": "",
      "city": "New Alexandria",
      "city_area": "",
      "postal_code": "96841",
      "country": "GR",
      "country_area": "",
      "phone": ""
    }
  },
  {
    "model": "account.address",
    "pk": 12,
    "fields": {
      "first_name": "Karen",
      "last_name": "Byrd",
      "company_name": "",
      "street_address_1": "589 Aaron Mountains",
      "street_address_2": "",
      "city": "South Joshua",
      "city_area": "",
      "postal_code": "18966",
      "country": "TO",
      "country_area": "",
      "phone": ""
    }
  },
  {
    "model": "account.address",
    "pk": 13,
    "fields": {
      "first_name": "Heather",
      "last_name": "Marshall",
      "company_name": "",
      "street_address_1": "0726 Williams Island",
      "street_address_2": "",
      "city": "Port Christopherburgh",
      "city_area": "",
      "postal_code": "04692",
      "country": "ES",
      "country_area": "",
      "phone": ""
    }
  },
  {
    "model": "account.address",
    "pk": 14,
    "fields": {
      "first_name": "Catherine",
      "last_name": "Carney",
      "company_name": "",
      "street_address_1": "50090 Wood Fall",
      "street_address_2": "",
      "city": "Donnafort",
      "city_area": "",
      "postal_code": "33112",
      "country": "DM",
      "country_area": "",
      "phone": ""
    }
  },
  {
    "model": "account.address",
    "pk": 15,
    "fields": {
      "first_name": "Marc",
      "last_name": "Williams",
      "company_name": "",
      "street_address_1": "51410 Heather Fields Suite 770",
      "street_address_2": "",
      "city": "Lake Ryan",
      "city_area": "",
      "postal_code": "56257",
      "country": "KP",
      "country_area": "",
      "phone": ""
    }
  },
  {
    "model": "account.address",
    "pk": 16,
    "fields": {
      "first_name": "Joan",
      "last_name": "Powell",
      "company_name": "",
      "street_address_1": "59079 Nelson Shoals Suite 749",
      "street_address_2": "",
      "city": "Justinmouth",
      "city_area": "",
      "postal_code": "11341",
      "country": "NZ",
      "country_area": "",
      "phone": ""
    }
  },
  {
    "model": "account.address",
    "pk": 17,
    "fields": {
      "first_name": "Kylie",
      "last_name": "Mcdonald",
      "company_name": "",
      "street_address_1": "4946 Smith Lakes Apt. 352",
      "street_address_2": "",
      "city": "Lindseyshire",
      "city_area": "",
      "postal_code": "05708",
      "country": "DZ",
      "country_area": "",
      "phone": ""
    }
  },
  {
    "model": "account.address",
    "pk": 18,
    "fields": {
      "first_name": "Katherine",
      "last_name": "Knapp",
      "company_name": "",
      "street_address_1": "585 Ryan Shores",
      "street_address_2": "",
      "city": "New Julia",
      "city_area": "",
      "postal_code": "76179",
      "country": "SD",
      "country_area": "",
      "phone": ""
    }
  },
  {
    "model": "account.address",
    "pk": 19,
    "fields": {
      "first_name": "Ashley",
      "last_name": "Boyle",
      "company_name": "",
      "street_address_1": "254 Brown Valley",
      "street_address_2": "",
      "city": "Ashleychester",
      "city_area": "",
      "postal_code": "12784",
      "country": "ME",
      "country_area": "",
      "phone": ""
    }
  },
  {
    "model": "account.address",
    "pk": 20,
    "fields": {
      "first_name": "Amanda",
      "last_name": "Aguilar",
      "company_name": "",
      "street_address_1": "46815 Nicholas Mountains Suite 968",
      "street_address_2": "",
      "city": "Port Karenmouth",
      "city_area": "",
      "postal_code": "45776",
      "country": "HN",
      "country_area": "",
      "phone": ""
    }
  },
  {
    "model": "account.address",
    "pk": 21,
    "fields": {
      "first_name": "Kathleen",
      "last_name": "Thomas",
      "company_name": "",
      "street_address_1": "261 Golden Estate Suite 734",
      "street_address_2": "",
      "city": "Howelltown",
      "city_area": "",
      "postal_code": "30724",
      "country": "AT",
      "country_area": "",
      "phone": ""
    }
  },
  {
    "model": "account.address",
    "pk": 22,
    "fields": {
      "first_name": "Angela",
      "last_name": "Hammond",
      "company_name": "",
      "street_address_1": "9923 Tucker Port",
      "street_address_2": "",
      "city": "Moorechester",
      "city_area": "",
      "postal_code": "70496",
      "country": "SL",
      "country_area": "",
      "phone": ""
    }
  },
  {
    "model": "account.address",
    "pk": 23,
    "fields": {
      "first_name": "Kayla",
      "last_name": "Mann",
      "company_name": "",
      "street_address_1": "7619 Michelle Groves Suite 720",
      "street_address_2": "",
      "city": "Perkinsville",
      "city_area": "",
      "postal_code": "04556",
      "country": "CZ",
      "country_area": "",
      "phone": ""
    }
  },
  {
    "model": "account.address",
    "pk": 24,
    "fields": {
      "first_name": "Wendy",
      "last_name": "Reyes",
      "company_name": "",
      "street_address_1": "03807 Short Shores",
      "street_address_2": "",
      "city": "Murraychester",
      "city_area": "",
      "postal_code": "06912",
      "country": "LY",
      "country_area": "",
      "phone": ""
    }
  },
  {
    "model": "account.address",
    "pk": 25,
    "fields": {
      "first_name": "Maria",
      "last_name": "Young",
      "company_name": "",
      "street_address_1": "30378 Gloria Road Apt. 191",
      "street_address_2": "",
      "city": "West Brucestad",
      "city_area": "",
      "postal_code": "16033",
      "country": "MW",
      "country_area": "",
      "phone": ""
    }
  },
  {
    "model": "account.address",
    "pk": 26,
    "fields": {
      "first_name": "Barbara",
      "last_name": "Nixon",
      "company_name": "",
      "street_address_1": "222 Cortez Stravenue Suite 872",
      "street_address_2": "",
      "city": "New Holly",
      "city_area": "",
      "postal_code": "46617",
      "country": "SL",
      "country_area": "",
      "phone": ""
    }
  },
  {
    "model": "account.address",
    "pk": 27,
    "fields": {
      "first_name": "Danielle",
      "last_name": "Reid",
      "company_name": "",
      "street_address_1": "7194 Allen Squares Suite 857",
      "street_address_2": "",
      "city": "South Lisashire",
      "city_area": "",
      "postal_code": "93882",
      "country": "BT",
      "country_area": "",
      "phone": ""
    }
  },
  {
    "model": "account.address",
    "pk": 28,
    "fields": {
      "first_name": "John",
      "last_name": "Johnson",
      "company_name": "",
      "street_address_1": "823 Jerry Hill Apt. 705",
      "street_address_2": "",
      "city": "Timothymouth",
      "city_area": "",
      "postal_code": "56770",
      "country": "CR",
      "country_area": "",
      "phone": ""
    }
  },
  {
    "model": "account.address",
    "pk": 29,
    "fields": {
      "first_name": "Clarence",
      "last_name": "Wong",
      "company_name": "",
      "street_address_1": "49236 Barajas Cliff",
      "street_address_2": "",
      "city": "Swansonborough",
      "city_area": "",
      "postal_code": "08746",
      "country": "NL",
      "country_area": "",
      "phone": ""
    }
  },
  {
    "model": "account.address",
    "pk": 30,
    "fields": {
      "first_name": "Walter",
      "last_name": "Lee",
      "company_name": "",
      "street_address_1": "6683 Kimberly Flats",
      "street_address_2": "",
      "city": "Port Richardborough",
      "city_area": "",
      "postal_code": "10005",
      "country": "TH",
      "country_area": "",
      "phone": ""
    }
  },
  {
    "model": "account.address",
    "pk": 31,
    "fields": {
      "first_name": "Walter",
      "last_name": "Lee",
      "company_name": "",
      "street_address_1": "6683 Kimberly Flats",
      "street_address_2": "",
      "city": "Port Richardborough",
      "city_area": "",
      "postal_code": "10005",
      "country": "TH",
      "country_area": "",
      "phone": ""
    }
  },
  {
    "model": "account.address",
    "pk": 32,
    "fields": {
      "first_name": "Alison",
      "last_name": "Reed",
      "company_name": "",
      "street_address_1": "384 Mcdonald Spur Suite 418",
      "street_address_2": "",
      "city": "North Matthewstad",
      "city_area": "",
      "postal_code": "08153",
      "country": "SN",
      "country_area": "",
      "phone": ""
    }
  },
  {
    "model": "account.address",
    "pk": 33,
    "fields": {
      "first_name": "Peter",
      "last_name": "Walker",
      "company_name": "",
      "street_address_1": "420 Patricia Hill Apt. 441",
      "street_address_2": "",
      "city": "West Maryburgh",
      "city_area": "",
      "postal_code": "66082",
      "country": "NE",
      "country_area": "",
      "phone": ""
    }
  },
  {
    "model": "account.address",
    "pk": 34,
    "fields": {
      "first_name": "David",
      "last_name": "Hoffman",
      "company_name": "",
      "street_address_1": "0586 Yates Manor",
      "street_address_2": "",
      "city": "South Yolandachester",
      "city_area": "",
      "postal_code": "97012",
      "country": "MK",
      "country_area": "",
      "phone": ""
    }
  },
  {
    "model": "account.address",
    "pk": 35,
    "fields": {
      "first_name": "Shawn",
      "last_name": "Bailey",
      "company_name": "",
      "street_address_1": "22669 Anderson Ridge",
      "street_address_2": "",
      "city": "Lucasburgh",
      "city_area": "",
      "postal_code": "92078",
      "country": "AD",
      "country_area": "",
      "phone": ""
    }
  },
  {
    "model": "account.address",
    "pk": 36,
    "fields": {
      "first_name": "Lonnie",
      "last_name": "Rosales",
      "company_name": "",
      "street_address_1": "0645 Margaret Groves",
      "street_address_2": "",
      "city": "South Angela",
      "city_area": "",
      "postal_code": "13804",
      "country": "UY",
      "country_area": "",
      "phone": ""
    }
  },
  {
    "model": "account.address",
    "pk": 37,
    "fields": {
      "first_name": "Mary",
      "last_name": "Norton",
      "company_name": "",
      "street_address_1": "18271 Washington Creek",
      "street_address_2": "",
      "city": "Port Andrewhaven",
      "city_area": "",
      "postal_code": "66100",
      "country": "TJ",
      "country_area": "",
      "phone": ""
    }
  },
  {
    "model": "account.address",
    "pk": 38,
    "fields": {
      "first_name": "Alexis",
      "last_name": "Clarke",
      "company_name": "",
      "street_address_1": "3009 Joshua Greens",
      "street_address_2": "",
      "city": "Lake Renee",
      "city_area": "",
      "postal_code": "38092",
      "country": "SI",
      "country_area": "",
      "phone": ""
    }
  },
  {
    "model": "account.address",
    "pk": 39,
    "fields": {
      "first_name": "Douglas",
      "last_name": "King",
      "company_name": "",
      "street_address_1": "55868 Wayne Route Suite 134",
      "street_address_2": "",
      "city": "Lynnshire",
      "city_area": "",
      "postal_code": "34185",
      "country": "ZA",
      "country_area": "",
      "phone": ""
    }
  },
  {
    "model": "account.address",
    "pk": 40,
    "fields": {
      "first_name": "Morgan",
      "last_name": "Aguirre",
      "company_name": "",
      "street_address_1": "38229 Welch Fords",
      "street_address_2": "",
      "city": "South Christophershire",
      "city_area": "",
      "postal_code": "12884",
      "country": "FM",
      "country_area": "",
      "phone": ""
    }
  },
  {
    "model": "account.address",
    "pk": 41,
    "fields": {
      "first_name": "Jeffrey",
      "last_name": "Oneill",
      "company_name": "",
      "street_address_1": "512 Gonzalez Light Suite 047",
      "street_address_2": "",
      "city": "Roseport",
      "city_area": "",
      "postal_code": "66554",
      "country": "PK",
      "country_area": "",
      "phone": ""
    }
  },
  {
    "model": "account.address",
    "pk": 42,
    "fields": {
      "first_name": "Corey",
      "last_name": "Walters",
      "company_name": "",
      "street_address_1": "1229 Joseph Neck",
      "street_address_2": "",
      "city": "Derrickshire",
      "city_area": "",
      "postal_code": "64912",
      "country": "TJ",
      "country_area": "",
      "phone": ""
    }
  },
  {
    "model": "account.address",
    "pk": 43,
    "fields": {
      "first_name": "Timothy",
      "last_name": "Gardner",
      "company_name": "",
      "street_address_1": "98177 Holloway Turnpike",
      "street_address_2": "",
      "city": "Joelview",
      "city_area": "",
      "postal_code": "39267",
      "country": "TD",
      "country_area": "",
      "phone": ""
    }
  },
  {
    "model": "account.address",
    "pk": 44,
    "fields": {
      "first_name": "Allison",
      "last_name": "Mueller",
      "company_name": "",
      "street_address_1": "14606 Lisa Roads Apt. 657",
      "street_address_2": "",
      "city": "East Jenniferfort",
      "city_area": "",
      "postal_code": "46374",
      "country": "BN",
      "country_area": "",
      "phone": ""
    }
  },
  {
    "model": "account.address",
    "pk": 45,
    "fields": {
      "first_name": "Debra",
      "last_name": "Morris",
      "company_name": "",
      "street_address_1": "98625 Angela Streets",
      "street_address_2": "",
      "city": "South Ronaldberg",
      "city_area": "",
      "postal_code": "40247",
      "country": "TO",
      "country_area": "",
      "phone": ""
    }
  },
  {
    "model": "account.address",
    "pk": 46,
    "fields": {
      "first_name": "Jacqueline",
      "last_name": "Acosta",
      "company_name": "",
      "street_address_1": "37682 Mccullough Forges Apt. 850",
      "street_address_2": "",
      "city": "Conleystad",
      "city_area": "",
      "postal_code": "78558",
      "country": "UA",
      "country_area": "",
      "phone": ""
    }
  },
  {
    "model": "account.address",
    "pk": 47,
    "fields": {
      "first_name": "Michael",
      "last_name": "Smith",
      "company_name": "",
      "street_address_1": "8151 Matthew Ramp Suite 136",
      "street_address_2": "",
      "city": "North Terriland",
      "city_area": "",
      "postal_code": "33011",
      "country": "AE",
      "country_area": "",
      "phone": ""
    }
  },
  {
    "model": "account.address",
    "pk": 48,
    "fields": {
      "first_name": "Theresa",
      "last_name": "Lee",
      "company_name": "",
      "street_address_1": "375 David Terrace",
      "street_address_2": "",
      "city": "Anthonyhaven",
      "city_area": "",
      "postal_code": "02280",
      "country": "MT",
      "country_area": "",
      "phone": ""
    }
  },
  {
    "model": "account.address",
    "pk": 49,
    "fields": {
      "first_name": "Joseph",
      "last_name": "Love",
      "company_name": "",
      "street_address_1": "9894 Stephen Centers",
      "street_address_2": "",
      "city": "Edwinbury",
      "city_area": "",
      "postal_code": "01169",
      "country": "FI",
      "country_area": "",
      "phone": ""
    }
  },
  {
    "model": "account.address",
    "pk": 50,
    "fields": {
      "first_name": "Corey",
      "last_name": "Holt",
      "company_name": "",
      "street_address_1": "817 Stewart Burgs",
      "street_address_2": "",
      "city": "Rachelstad",
      "city_area": "",
      "postal_code": "15655",
      "country": "AR",
      "country_area": "",
      "phone": ""
    }
  },
  {
    "model": "account.address",
    "pk": 51,
    "fields": {
      "first_name": "Lori",
      "last_name": "Tucker",
      "company_name": "",
      "street_address_1": "67124 Scott Flat",
      "street_address_2": "",
      "city": "East Laurachester",
      "city_area": "",
      "postal_code": "55409",
      "country": "HR",
      "country_area": "",
      "phone": ""
    }
  },
  {
    "model": "account.address",
    "pk": 52,
    "fields": {
      "first_name": "Garrett",
      "last_name": "Grimes",
      "company_name": "",
      "street_address_1": "8402 Johnson Stream Suite 877",
      "street_address_2": "",
      "city": "Bartonstad",
      "city_area": "",
      "postal_code": "90793",
      "country": "ME",
      "country_area": "",
      "phone": ""
    }
  },
  {
    "model": "account.address",
    "pk": 53,
    "fields": {
      "first_name": "James",
      "last_name": "Turner",
      "company_name": "",
      "street_address_1": "46629 Campbell River Apt. 460",
      "street_address_2": "",
      "city": "Hannahmouth",
      "city_area": "",
      "postal_code": "68655",
      "country": "MH",
      "country_area": "",
      "phone": ""
    }
  },
  {
    "model": "account.address",
    "pk": 54,
    "fields": {
      "first_name": "Cody",
      "last_name": "Wu",
      "company_name": "",
      "street_address_1": "325 Poole Village",
      "street_address_2": "",
      "city": "South Brianaborough",
      "city_area": "",
      "postal_code": "92908",
      "country": "BT",
      "country_area": "",
      "phone": ""
    }
  },
  {
    "model": "account.address",
    "pk": 55,
    "fields": {
      "first_name": "Michael",
      "last_name": "Good",
      "company_name": "",
      "street_address_1": "351 Jennifer Village",
      "street_address_2": "",
      "city": "North Phillipbury",
      "city_area": "",
      "postal_code": "74396",
      "country": "AT",
      "country_area": "",
      "phone": ""
    }
  },
  {
    "model": "account.address",
    "pk": 56,
    "fields": {
      "first_name": "Jacob",
      "last_name": "Torres",
      "company_name": "",
      "street_address_1": "797 Campbell Causeway",
      "street_address_2": "",
      "city": "New Annmouth",
      "city_area": "",
      "postal_code": "76000",
      "country": "KN",
      "country_area": "",
      "phone": ""
    }
  },
  {
    "model": "account.address",
    "pk": 57,
    "fields": {
      "first_name": "Matthew",
      "last_name": "Brock",
      "company_name": "",
      "street_address_1": "5835 Rosario Forks Suite 795",
      "street_address_2": "",
      "city": "Lake Tonyborough",
      "city_area": "",
      "postal_code": "95681",
      "country": "GE",
      "country_area": "",
      "phone": ""
    }
  },
  {
    "model": "account.address",
    "pk": 58,
    "fields": {
      "first_name": "Daniel",
      "last_name": "Burton",
      "company_name": "",
      "street_address_1": "48254 Haney Roads",
      "street_address_2": "",
      "city": "Katherineborough",
      "city_area": "",
      "postal_code": "64734",
      "country": "TJ",
      "country_area": "",
      "phone": ""
    }
  },
  {
    "model": "account.address",
    "pk": 59,
    "fields": {
      "first_name": "Bradley",
      "last_name": "Watson",
      "company_name": "",
      "street_address_1": "8603 Farmer Forge Apt. 220",
      "street_address_2": "",
      "city": "North Joseph",
      "city_area": "",
      "postal_code": "86449",
      "country": "LS",
      "country_area": "",
      "phone": ""
    }
  },
  {
    "model": "account.address",
    "pk": 60,
    "fields": {
      "first_name": "Ryan",
      "last_name": "Whitaker",
      "company_name": "",
      "street_address_1": "232 Graham Trace Apt. 306",
      "street_address_2": "",
      "city": "West Josebury",
      "city_area": "",
      "postal_code": "05291",
      "country": "TT",
      "country_area": "",
      "phone": ""
    }
  },
  {
    "model": "account.user",
    "pk": 1,
    "fields": {
      "password": "pbkdf2_sha256$120000$tLpEAP5a54UT$6MUag49w17609e6P/f1qAow1iUNoX6h8dBE1frF1lrU=",
      "last_login": null,
      "is_superuser": false,
      "email": "david.bradford@example.com",
      "is_staff": false,
      "token": "44960d39-50b8-4c40-899e-f5d05e04fa9e",
      "is_active": true,
      "note": null,
      "date_joined": "2018-11-30T20:24:41.559Z",
      "default_shipping_address": 1,
      "default_billing_address": 1,
      "groups": [],
      "user_permissions": [],
      "addresses": [
        1
      ]
    }
  },
  {
    "model": "account.user",
    "pk": 2,
    "fields": {
      "password": "pbkdf2_sha256$120000$9aBzZ08rTIvn$rbQD1Fvcrdyc0FIo/Xpc+2W6ngn/KJxb9PrreMs5o34=",
      "last_login": null,
      "is_superuser": false,
      "email": "amy.harris@example.com",
      "is_staff": false,
      "token": "c36a60a9-a54f-49c2-afe6-f5648c0d88ff",
      "is_active": true,
      "note": null,
      "date_joined": "2018-11-30T20:24:41.718Z",
      "default_shipping_address": 2,
      "default_billing_address": 2,
      "groups": [],
      "user_permissions": [],
      "addresses": [
        2
      ]
    }
  },
  {
    "model": "account.user",
    "pk": 3,
    "fields": {
      "password": "pbkdf2_sha256$120000$zrLpJyRBflBT$cDjTubZxN+Zs3dKDlMZlmHEvcntx6KFjXmu9GJWJ/6s=",
      "last_login": null,
      "is_superuser": false,
      "email": "troy.young@example.com",
      "is_staff": false,
      "token": "fc01d8d4-94de-479c-aa07-08f7b1d57bdc",
      "is_active": true,
      "note": null,
      "date_joined": "2018-11-30T20:24:41.831Z",
      "default_shipping_address": 3,
      "default_billing_address": 3,
      "groups": [],
      "user_permissions": [],
      "addresses": [
        3
      ]
    }
  },
  {
    "model": "account.user",
    "pk": 4,
    "fields": {
      "password": "pbkdf2_sha256$120000$6VgduCDrTt35$gkP8e4HuLOkOTfZZtNCSyb5tdLF9ceCmGxHB2erUZcA=",
      "last_login": null,
      "is_superuser": false,
      "email": "paula.baird@example.com",
      "is_staff": false,
      "token": "1cfc7340-c67c-40bc-95f2-9f1be084934e",
      "is_active": true,
      "note": null,
      "date_joined": "2018-11-30T20:24:41.947Z",
      "default_shipping_address": 4,
      "default_billing_address": 4,
      "groups": [],
      "user_permissions": [],
      "addresses": [
        4
      ]
    }
  },
  {
    "model": "account.user",
    "pk": 5,
    "fields": {
      "password": "pbkdf2_sha256$120000$n2b9cplfkgFx$RU3svasgrzcujelpXL17Ol3fSE/EDJVV2dfqedf3w0Y=",
      "last_login": null,
      "is_superuser": false,
      "email": "samantha.king@example.com",
      "is_staff": false,
      "token": "8e8b855c-8535-4dba-873d-32083eccb0a1",
      "is_active": true,
      "note": null,
      "date_joined": "2018-11-30T20:24:42.094Z",
      "default_shipping_address": 5,
      "default_billing_address": 5,
      "groups": [],
      "user_permissions": [],
      "addresses": [
        5
      ]
    }
  },
  {
    "model": "account.user",
    "pk": 6,
    "fields": {
      "password": "pbkdf2_sha256$120000$KuSdbTX2odlz$RLgoZLdt8spsIbHn29z7uiQIGiDlulf3aJ10QZ/bdeE=",
      "last_login": null,
      "is_superuser": false,
      "email": "cameron.freeman@example.com",
      "is_staff": false,
      "token": "cdf588de-dc14-4841-af81-8ec41155ed14",
      "is_active": true,
      "note": null,
      "date_joined": "2018-11-30T20:24:42.217Z",
      "default_shipping_address": 6,
      "default_billing_address": 6,
      "groups": [],
      "user_permissions": [],
      "addresses": [
        6
      ]
    }
  },
  {
    "model": "account.user",
    "pk": 7,
    "fields": {
      "password": "pbkdf2_sha256$120000$bledwja4LB6z$8AO3FHZF2IcEsq0Zs9nAl0zpMipDUTiq2+WyalCVR7w=",
      "last_login": null,
      "is_superuser": false,
      "email": "michael.doyle@example.com",
      "is_staff": false,
      "token": "d4986ca7-34a7-4978-a5fd-72ee836bcd63",
      "is_active": true,
      "note": null,
      "date_joined": "2018-11-30T20:24:42.503Z",
      "default_shipping_address": 7,
      "default_billing_address": 7,
      "groups": [],
      "user_permissions": [],
      "addresses": [
        7
      ]
    }
  },
  {
    "model": "account.user",
    "pk": 8,
    "fields": {
      "password": "pbkdf2_sha256$120000$09TQ3DTCj6az$sQ+urjxjRy0UWbTD81RZbBprNY4tpqq9zY6GxgT+bTI=",
      "last_login": null,
      "is_superuser": false,
      "email": "michelle.pierce@example.com",
      "is_staff": false,
      "token": "462e2e25-f419-4659-8b3a-da4bb187859d",
      "is_active": true,
      "note": null,
      "date_joined": "2018-11-30T20:24:42.630Z",
      "default_shipping_address": 8,
      "default_billing_address": 8,
      "groups": [],
      "user_permissions": [],
      "addresses": [
        8
      ]
    }
  },
  {
    "model": "account.user",
    "pk": 9,
    "fields": {
      "password": "pbkdf2_sha256$120000$Bg0ZeFPIwwge$Gy8WuAdNIK2tG8c+gZFvBxqFZXQv0p5zNPZAOVlywQ4=",
      "last_login": null,
      "is_superuser": false,
      "email": "michael.stuart@example.com",
      "is_staff": false,
      "token": "feaa606d-5205-4b35-920e-5b49b263675a",
      "is_active": true,
      "note": null,
      "date_joined": "2018-11-30T20:24:42.735Z",
      "default_shipping_address": 9,
      "default_billing_address": 9,
      "groups": [],
      "user_permissions": [],
      "addresses": [
        9
      ]
    }
  },
  {
    "model": "account.user",
    "pk": 10,
    "fields": {
      "password": "pbkdf2_sha256$120000$8PF4jMOdtvmR$1QH70gs4WykfSMvIIU6PzNFwK8Qupy+AkbmJacoK3n8=",
      "last_login": null,
      "is_superuser": false,
      "email": "miguel.jones@example.com",
      "is_staff": false,
      "token": "1ef27e7f-3d89-4629-962f-6342656cd40d",
      "is_active": true,
      "note": null,
      "date_joined": "2018-11-30T20:24:42.840Z",
      "default_shipping_address": 10,
      "default_billing_address": 10,
      "groups": [],
      "user_permissions": [],
      "addresses": [
        10
      ]
    }
  },
  {
    "model": "account.user",
    "pk": 11,
    "fields": {
      "password": "pbkdf2_sha256$120000$fmRoPDWAWmOn$5412qYHhF7uYudaBKuI/rgp88vUNEXe4LW45xrixOaU=",
      "last_login": null,
      "is_superuser": false,
      "email": "larry.medina@example.com",
      "is_staff": false,
      "token": "0b082c4e-29e3-4850-bc8b-b85de21d7053",
      "is_active": true,
      "note": null,
      "date_joined": "2018-11-30T20:24:42.983Z",
      "default_shipping_address": 11,
      "default_billing_address": 11,
      "groups": [],
      "user_permissions": [],
      "addresses": [
        11
      ]
    }
  },
  {
    "model": "account.user",
    "pk": 12,
    "fields": {
      "password": "pbkdf2_sha256$120000$gaib2qiJfMoB$kWFTPkg6A1KwxSmpP8C87HuSevNeQTMQi/3LEnI8ZpE=",
      "last_login": null,
      "is_superuser": false,
      "email": "karen.byrd@example.com",
      "is_staff": false,
      "token": "f45b5849-ee1c-4158-8b93-3ec74a38049e",
      "is_active": true,
      "note": null,
      "date_joined": "2018-11-30T20:24:43.195Z",
      "default_shipping_address": 12,
      "default_billing_address": 12,
      "groups": [],
      "user_permissions": [],
      "addresses": [
        12
      ]
    }
  },
  {
    "model": "account.user",
    "pk": 13,
    "fields": {
      "password": "pbkdf2_sha256$120000$vR1BQMEcBeZU$EJc+ywwjALmfOw7c6/3WmgzEJvP1MdnV2o3EndCKl9s=",
      "last_login": null,
      "is_superuser": false,
      "email": "heather.marshall@example.com",
      "is_staff": false,
      "token": "c724f4dc-0e6f-4198-82ba-b231138e192f",
      "is_active": true,
      "note": null,
      "date_joined": "2018-11-30T20:24:43.308Z",
      "default_shipping_address": 13,
      "default_billing_address": 13,
      "groups": [],
      "user_permissions": [],
      "addresses": [
        13
      ]
    }
  },
  {
    "model": "account.user",
    "pk": 14,
    "fields": {
      "password": "pbkdf2_sha256$120000$8j8ZpW0dEAOj$Wpe0ZpRGaU07NfqXGAvb3ivAM7Yb9zb6ljzCyKL7i1A=",
      "last_login": null,
      "is_superuser": false,
      "email": "catherine.carney@example.com",
      "is_staff": false,
      "token": "7c3189e1-6c0c-45de-a1fb-82e3ab1ee21e",
      "is_active": true,
      "note": null,
      "date_joined": "2018-11-30T20:24:43.585Z",
      "default_shipping_address": 14,
      "default_billing_address": 14,
      "groups": [],
      "user_permissions": [],
      "addresses": [
        14
      ]
    }
  },
  {
    "model": "account.user",
    "pk": 15,
    "fields": {
      "password": "pbkdf2_sha256$120000$2uykVCI7Jh3H$Tff828q+ua9vBKrmhLc+N5N8/xSQV2wyPJa+OgQRobc=",
      "last_login": null,
      "is_superuser": false,
      "email": "marc.williams@example.com",
      "is_staff": false,
      "token": "11ae59b3-e5ae-40a3-a965-4c7f8c926372",
      "is_active": true,
      "note": null,
      "date_joined": "2018-11-30T20:24:43.704Z",
      "default_shipping_address": 15,
      "default_billing_address": 15,
      "groups": [],
      "user_permissions": [],
      "addresses": [
        15
      ]
    }
  },
  {
    "model": "account.user",
    "pk": 16,
    "fields": {
      "password": "pbkdf2_sha256$120000$xaQdLj4JLRpo$JmnBaKCxXJvcJmn1rKfwugRg2yTSiSeF8mBBiI8I76E=",
      "last_login": null,
      "is_superuser": false,
      "email": "joan.powell@example.com",
      "is_staff": false,
      "token": "c7ed9b04-884b-41d7-8106-fba85ed6f133",
      "is_active": true,
      "note": null,
      "date_joined": "2018-11-30T20:24:43.843Z",
      "default_shipping_address": 16,
      "default_billing_address": 16,
      "groups": [],
      "user_permissions": [],
      "addresses": [
        16
      ]
    }
  },
  {
    "model": "account.user",
    "pk": 17,
    "fields": {
      "password": "pbkdf2_sha256$120000$hEK9kxWCza5o$5TwnlzzrVb9lnd9TvEEg0lzNGTi8qWmfSu0DvvDURas=",
      "last_login": null,
      "is_superuser": false,
      "email": "kylie.mcdonald@example.com",
      "is_staff": false,
      "token": "2cbb095f-51de-4878-b97e-4675e1e26070",
      "is_active": true,
      "note": null,
      "date_joined": "2018-11-30T20:24:43.956Z",
      "default_shipping_address": 17,
      "default_billing_address": 17,
      "groups": [],
      "user_permissions": [],
      "addresses": [
        17
      ]
    }
  },
  {
    "model": "account.user",
    "pk": 18,
    "fields": {
      "password": "pbkdf2_sha256$120000$QbIKq3QqB7F4$b96hp9hosvX/nPkxiYGo5UE0DGNaxqdRPEP5Hu20y94=",
      "last_login": null,
      "is_superuser": false,
      "email": "katherine.knapp@example.com",
      "is_staff": false,
      "token": "9bd197b7-f541-427d-a69b-a4272f653766",
      "is_active": true,
      "note": null,
      "date_joined": "2018-11-30T20:24:44.058Z",
      "default_shipping_address": 18,
      "default_billing_address": 18,
      "groups": [],
      "user_permissions": [],
      "addresses": [
        18
      ]
    }
  },
  {
    "model": "account.user",
    "pk": 19,
    "fields": {
      "password": "pbkdf2_sha256$120000$2UfQSxmT3VCZ$M/fGT1rtGfWi9mdpX0KhaS5g8GdWhx4fLbMC2bGhLtM=",
      "last_login": null,
      "is_superuser": false,
      "email": "ashley.boyle@example.com",
      "is_staff": false,
      "token": "a02287c0-624c-40da-ae6d-5a5c6e585f1e",
      "is_active": true,
      "note": null,
      "date_joined": "2018-11-30T20:24:44.217Z",
      "default_shipping_address": 19,
      "default_billing_address": 19,
      "groups": [],
      "user_permissions": [],
      "addresses": [
        19
      ]
    }
  },
  {
    "model": "account.user",
    "pk": 20,
    "fields": {
      "password": "pbkdf2_sha256$120000$aIRcI2ed3uEa$/Nl+pTVgCVkgH+KpkYJshzEHQYIvlP0LdfD8uilQqVM=",
      "last_login": null,
      "is_superuser": false,
      "email": "amanda.aguilar@example.com",
      "is_staff": false,
      "token": "241468c7-21cf-4ec3-be43-43eff3c48d55",
      "is_active": true,
      "note": null,
      "date_joined": "2018-11-30T20:24:44.330Z",
      "default_shipping_address": 20,
      "default_billing_address": 20,
      "groups": [],
      "user_permissions": [],
      "addresses": [
        20
      ]
    }
  },
  {
    "model": "account.user",
    "pk": 21,
    "fields": {
      "password": "pbkdf2_sha256$120000$BynK7v8lGQdd$IELOp6Rnd0+dujAqKpwN3bfNtFvhSdOGjP/eP1/+7n4=",
      "last_login": "2018-12-03T14:52:54.979Z",
      "is_superuser": true,
      "email": "admin@example.com",
      "is_staff": true,
      "token": "2212acfa-943c-4dee-9850-2a23b9ac54cd",
      "is_active": true,
      "note": null,
      "date_joined": "2018-11-30T20:24:47.826Z",
      "default_shipping_address": 31,
      "default_billing_address": 31,
      "groups": [],
      "user_permissions": [],
      "addresses": [
        31
      ]
    }
  },
  {
    "model": "account.user",
    "pk": 22,
    "fields": {
      "password": "pbkdf2_sha256$120000$vp4tAcxnU155$azzi0QJvrymYh3/9tcYtoUFHYfDIGhvUXWZwFpgaqzY=",
      "last_login": null,
      "is_superuser": false,
      "email": "alison.reed@example.com",
      "is_staff": false,
      "token": "7b6c5eb9-c984-4e7b-a3d1-52040080e7f8",
      "is_active": true,
      "note": null,
      "date_joined": "2018-12-04T15:29:34.415Z",
      "default_shipping_address": 32,
      "default_billing_address": 32,
      "groups": [],
      "user_permissions": [],
      "addresses": [
        32
      ]
    }
  },
  {
    "model": "account.user",
    "pk": 23,
    "fields": {
      "password": "pbkdf2_sha256$120000$0alh6rReNnIV$5X8WmKll89+Vw+JxGZkWytAg7lPcOLzDco6PkupyjkQ=",
      "last_login": null,
      "is_superuser": false,
      "email": "peter.walker@example.com",
      "is_staff": false,
      "token": "9eb61821-c720-4186-9e23-a75b655e5044",
      "is_active": true,
      "note": null,
      "date_joined": "2018-12-04T15:29:34.674Z",
      "default_shipping_address": 33,
      "default_billing_address": 33,
      "groups": [],
      "user_permissions": [],
      "addresses": [
        33
      ]
    }
  },
  {
    "model": "account.user",
    "pk": 24,
    "fields": {
      "password": "pbkdf2_sha256$120000$DN4yvZnmoS3h$0zFx5bIOlqhsjOz/QqfGz0tcy29VH1qt90a/YK7D8LM=",
      "last_login": null,
      "is_superuser": false,
      "email": "david.hoffman@example.com",
      "is_staff": false,
      "token": "1f995375-8382-402b-b2ab-a9476d26310e",
      "is_active": true,
      "note": null,
      "date_joined": "2018-12-04T15:29:35.043Z",
      "default_shipping_address": 34,
      "default_billing_address": 34,
      "groups": [],
      "user_permissions": [],
      "addresses": [
        34
      ]
    }
  },
  {
    "model": "account.user",
    "pk": 25,
    "fields": {
      "password": "pbkdf2_sha256$120000$ET4vxg9s2JZx$m+kVqlq9eWxsfHfKLkZKYmP/k0xBB8OtzTFkJNMB9vY=",
      "last_login": null,
      "is_superuser": false,
      "email": "shawn.bailey@example.com",
      "is_staff": false,
      "token": "f887579c-3f09-4a18-a9e7-5fb2b8d2f12f",
      "is_active": true,
      "note": null,
      "date_joined": "2018-12-04T15:29:35.361Z",
      "default_shipping_address": 35,
      "default_billing_address": 35,
      "groups": [],
      "user_permissions": [],
      "addresses": [
        35
      ]
    }
  },
  {
    "model": "account.user",
    "pk": 26,
    "fields": {
      "password": "pbkdf2_sha256$120000$89LiHl9CIrY8$F5FHKzZFz5bEYjjVEJlWKkEd9txiLMoixh+7phg4oB4=",
      "last_login": null,
      "is_superuser": false,
      "email": "lonnie.rosales@example.com",
      "is_staff": false,
      "token": "c5f61f06-9893-44c6-a248-aed10bc9ae55",
      "is_active": true,
      "note": null,
      "date_joined": "2018-12-04T15:29:35.520Z",
      "default_shipping_address": 36,
      "default_billing_address": 36,
      "groups": [],
      "user_permissions": [],
      "addresses": [
        36
      ]
    }
  },
  {
    "model": "account.user",
    "pk": 27,
    "fields": {
      "password": "pbkdf2_sha256$120000$JazaJAhChHEy$aCKJWwH28d+JVOxzJWCY0+rVMAr8lf31ulKWj6MtG6s=",
      "last_login": null,
      "is_superuser": false,
      "email": "mary.norton@example.com",
      "is_staff": false,
      "token": "17cecdeb-458a-4cc1-a346-155b789f76f5",
      "is_active": true,
      "note": null,
      "date_joined": "2018-12-04T15:29:35.850Z",
      "default_shipping_address": 37,
      "default_billing_address": 37,
      "groups": [],
      "user_permissions": [],
      "addresses": [
        37
      ]
    }
  },
  {
    "model": "account.user",
    "pk": 28,
    "fields": {
      "password": "pbkdf2_sha256$120000$SuOpCLdFMuQZ$/mX3w3REkPkvFyDz84b7OVd8WmXUHNF9G/Sz04qwXg4=",
      "last_login": null,
      "is_superuser": false,
      "email": "alexis.clarke@example.com",
      "is_staff": false,
      "token": "52b7de01-086d-4469-9f33-8a883c113aa2",
      "is_active": true,
      "note": null,
      "date_joined": "2018-12-04T15:29:36.133Z",
      "default_shipping_address": 38,
      "default_billing_address": 38,
      "groups": [],
      "user_permissions": [],
      "addresses": [
        38
      ]
    }
  },
  {
    "model": "account.user",
    "pk": 29,
    "fields": {
      "password": "pbkdf2_sha256$120000$GIZxmQYC8S2d$AqUShFAd7aWC9SmHJMuL3XwJIpJ8Kna73EfEMjIUeN4=",
      "last_login": null,
      "is_superuser": false,
      "email": "douglas.king@example.com",
      "is_staff": false,
      "token": "6479a121-75ac-4788-852e-b4da1e5a3cae",
      "is_active": true,
      "note": null,
      "date_joined": "2018-12-04T15:29:36.228Z",
      "default_shipping_address": 39,
      "default_billing_address": 39,
      "groups": [],
      "user_permissions": [],
      "addresses": [
        39
      ]
    }
  },
  {
    "model": "account.user",
    "pk": 30,
    "fields": {
      "password": "pbkdf2_sha256$120000$GJ1GehSSNCNU$vk46SjBKPGHP2dKgOR2JwsWJ/qPlBUkSfjKxlWX2hkY=",
      "last_login": null,
      "is_superuser": false,
      "email": "morgan.aguirre@example.com",
      "is_staff": false,
      "token": "14ac5c1d-2171-4495-9706-3b07f1f0a948",
      "is_active": true,
      "note": null,
      "date_joined": "2018-12-04T15:29:36.499Z",
      "default_shipping_address": 40,
      "default_billing_address": 40,
      "groups": [],
      "user_permissions": [],
      "addresses": [
        40
      ]
    }
  },
  {
    "model": "account.user",
    "pk": 31,
    "fields": {
      "password": "pbkdf2_sha256$120000$6HUktc9uan7T$309nm5sbtpxHUlUgpGimGRji8+KiBGLvPiQvMdFdp4I=",
      "last_login": null,
      "is_superuser": false,
      "email": "jeffrey.oneill@example.com",
      "is_staff": false,
      "token": "1957decb-c964-4d4b-a39d-220fc34dc9e8",
      "is_active": true,
      "note": null,
      "date_joined": "2018-12-04T15:29:36.712Z",
      "default_shipping_address": 41,
      "default_billing_address": 41,
      "groups": [],
      "user_permissions": [],
      "addresses": [
        41
      ]
    }
  },
  {
    "model": "account.user",
    "pk": 32,
    "fields": {
      "password": "pbkdf2_sha256$120000$YzZPLeORfmDn$rTDLxAhkuohn8Yw5pFHWXtZzol68Vf6j3booSLqqvlY=",
      "last_login": null,
      "is_superuser": false,
      "email": "corey.walters@example.com",
      "is_staff": false,
      "token": "ad298b62-9473-43ff-a3d0-2831cec9e6ec",
      "is_active": true,
      "note": null,
      "date_joined": "2018-12-04T15:29:36.843Z",
      "default_shipping_address": 42,
      "default_billing_address": 42,
      "groups": [],
      "user_permissions": [],
      "addresses": [
        42
      ]
    }
  },
  {
    "model": "account.user",
    "pk": 33,
    "fields": {
      "password": "pbkdf2_sha256$120000$AEbUKB3mlzck$aUP0hn5miL0TE/jXK/pD3tv4l2lJKAQj1/x33KbXwNs=",
      "last_login": null,
      "is_superuser": false,
      "email": "timothy.gardner@example.com",
      "is_staff": false,
      "token": "2b9e915b-2e73-48b8-a345-0f24939c859a",
      "is_active": true,
      "note": null,
      "date_joined": "2018-12-04T15:29:37.057Z",
      "default_shipping_address": 43,
      "default_billing_address": 43,
      "groups": [],
      "user_permissions": [],
      "addresses": [
        43
      ]
    }
  },
  {
    "model": "account.user",
    "pk": 34,
    "fields": {
      "password": "pbkdf2_sha256$120000$1TIi26nf2xcF$+IK/PFwipaSmBRfumalg0lgzRI/wJhxf13AXiRjl9uo=",
      "last_login": null,
      "is_superuser": false,
      "email": "allison.mueller@example.com",
      "is_staff": false,
      "token": "313a054a-a386-40d7-bdb6-2119d77b2c8b",
      "is_active": true,
      "note": null,
      "date_joined": "2018-12-04T15:29:37.315Z",
      "default_shipping_address": 44,
      "default_billing_address": 44,
      "groups": [],
      "user_permissions": [],
      "addresses": [
        44
      ]
    }
  },
  {
    "model": "account.user",
    "pk": 35,
    "fields": {
      "password": "pbkdf2_sha256$120000$Ffta0oFMW67R$LBx99hYriCttkNb+Zr9YAtu+miTAKiNMDZq0PHKZDHI=",
      "last_login": null,
      "is_superuser": false,
      "email": "debra.morris@example.com",
      "is_staff": false,
      "token": "483b4cb8-feb7-4cba-ab6f-4be3542c6fa7",
      "is_active": true,
      "note": null,
      "date_joined": "2018-12-04T15:29:37.632Z",
      "default_shipping_address": 45,
      "default_billing_address": 45,
      "groups": [],
      "user_permissions": [],
      "addresses": [
        45
      ]
    }
  },
  {
    "model": "account.user",
    "pk": 36,
    "fields": {
      "password": "pbkdf2_sha256$120000$pywKseZ9SFM3$uCh+N3rlltk+OQYZpxC4voXSBCJmRhJ0fBQxWB2lDnI=",
      "last_login": null,
      "is_superuser": false,
      "email": "jacqueline.acosta@example.com",
      "is_staff": false,
      "token": "27614dd7-58c7-4fb6-81b8-8aa5e36408a7",
      "is_active": true,
      "note": null,
      "date_joined": "2018-12-04T15:29:37.812Z",
      "default_shipping_address": 46,
      "default_billing_address": 46,
      "groups": [],
      "user_permissions": [],
      "addresses": [
        46
      ]
    }
  },
  {
    "model": "account.user",
    "pk": 37,
    "fields": {
      "password": "pbkdf2_sha256$120000$9hLhyPuH7XzV$LkCnlh+Djxy9fFTYyt8wbJRuRFbLRmz/zLRdm2SrB6k=",
      "last_login": null,
      "is_superuser": false,
      "email": "michael.smith@example.com",
      "is_staff": false,
      "token": "b5e4e2a1-6976-4a38-911f-01b2e15c6ad9",
      "is_active": true,
      "note": null,
      "date_joined": "2018-12-04T15:29:37.987Z",
      "default_shipping_address": 47,
      "default_billing_address": 47,
      "groups": [],
      "user_permissions": [],
      "addresses": [
        47
      ]
    }
  },
  {
    "model": "account.user",
    "pk": 38,
    "fields": {
      "password": "pbkdf2_sha256$120000$qf8BGNoxASX8$Aj3PvhS8G6pQZ2q8ZOxGSlgntG8kVd4qTfJALpd8eko=",
      "last_login": null,
      "is_superuser": false,
      "email": "theresa.lee@example.com",
      "is_staff": false,
      "token": "2efb8c4b-c380-43cf-99bb-777fa26d12cf",
      "is_active": true,
      "note": null,
      "date_joined": "2018-12-04T15:29:38.316Z",
      "default_shipping_address": 48,
      "default_billing_address": 48,
      "groups": [],
      "user_permissions": [],
      "addresses": [
        48
      ]
    }
  },
  {
    "model": "account.user",
    "pk": 39,
    "fields": {
      "password": "pbkdf2_sha256$120000$qS499zRGTDJD$EUijJUMWhq/w+qsnrOAiO1qV4LOKoa9IfYaaVVWggig=",
      "last_login": null,
      "is_superuser": false,
      "email": "joseph.love@example.com",
      "is_staff": false,
      "token": "f9681f61-367c-4fcf-8a8e-aecbd00979b2",
      "is_active": true,
      "note": null,
      "date_joined": "2018-12-04T15:29:38.574Z",
      "default_shipping_address": 49,
      "default_billing_address": 49,
      "groups": [],
      "user_permissions": [],
      "addresses": [
        49
      ]
    }
  },
  {
    "model": "account.user",
    "pk": 40,
    "fields": {
      "password": "pbkdf2_sha256$120000$66xGOfuwm2d0$q7LbN8rU5wNEh26DetrguVUzUAkW8UYOImTHZVj0eNk=",
      "last_login": null,
      "is_superuser": false,
      "email": "corey.holt@example.com",
      "is_staff": false,
      "token": "b6b4bfd0-dbf3-48af-a24a-cc624fea5a11",
      "is_active": true,
      "note": null,
      "date_joined": "2018-12-04T15:29:38.891Z",
      "default_shipping_address": 50,
      "default_billing_address": 50,
      "groups": [],
      "user_permissions": [],
      "addresses": [
        50
      ]
    }
  },
  {
    "model": "account.user",
    "pk": 41,
    "fields": {
      "password": "pbkdf2_sha256$120000$q2YGSxs7SrFe$gfju/7Fbb4SPbXQ2z96Pp1Agq2xXx7KUXCkvyxHNB38=",
      "last_login": null,
      "is_superuser": false,
      "email": "lori.tucker@example.com",
      "is_staff": false,
      "token": "ad915b6f-1180-4e98-8495-70642fa126ef",
      "is_active": true,
      "note": null,
      "date_joined": "2018-12-04T15:29:39.058Z",
      "default_shipping_address": 51,
      "default_billing_address": 51,
      "groups": [],
      "user_permissions": [],
      "addresses": [
        51
      ]
    }
  },
  {
    "model": "discount.voucher",
    "pk": 1,
    "fields": {
      "type": "shipping",
      "name": "Free shipping",
      "code": "FREESHIPPING",
      "usage_limit": null,
      "used": 0,
      "start_date": "2018-11-30",
      "end_date": null,
      "apply_once_per_order": false,
      "discount_value_type": "percentage",
      "discount_value": "100.00",
      "countries": "",
      "min_amount_spent": null,
      "products": [],
      "collections": [],
      "categories": []
    }
  },
  {
    "model": "discount.voucher",
    "pk": 2,
    "fields": {
      "type": "value",
      "name": "Big order discount",
      "code": "DISCOUNT",
      "usage_limit": null,
      "used": 0,
      "start_date": "2018-11-30",
      "end_date": null,
      "apply_once_per_order": false,
      "discount_value_type": "fixed",
      "discount_value": "25.00",
      "countries": "",
      "min_amount_spent": {
        "_type": "Money",
        "amount": "200.00",
        "currency": "USD"
      },
      "products": [],
      "collections": [],
      "categories": []
    }
  },
  {
    "model": "discount.sale",
    "pk": 1,
    "fields": {
      "name": "Happy bill day!",
      "type": "percentage",
      "value": "20.00",
      "start_date": "2018-11-30",
      "end_date": null,
      "products": [
        75,
        86,
        87,
        113
      ],
      "categories": [],
      "collections": []
    }
  },
  {
    "model": "discount.sale",
    "pk": 2,
    "fields": {
      "name": "Happy positive day!",
      "type": "percentage",
      "value": "20.00",
      "start_date": "2018-11-30",
      "end_date": null,
      "products": [
        61,
        72,
        75,
        76
      ],
      "categories": [],
      "collections": []
    }
  },
  {
    "model": "discount.sale",
    "pk": 3,
    "fields": {
      "name": "Happy race day!",
      "type": "percentage",
      "value": "40.00",
      "start_date": "2018-11-30",
      "end_date": null,
      "products": [
        76,
        86,
        89,
        108
      ],
      "categories": [],
      "collections": []
    }
  },
  {
    "model": "discount.sale",
    "pk": 4,
    "fields": {
      "name": "Happy year day!",
      "type": "percentage",
      "value": "30.00",
      "start_date": "2018-11-30",
      "end_date": null,
      "products": [
        71,
        81,
        115,
        116
      ],
      "categories": [],
      "collections": []
    }
  },
  {
    "model": "discount.sale",
    "pk": 5,
    "fields": {
      "name": "Happy cup day!",
      "type": "percentage",
      "value": "10.00",
      "start_date": "2018-11-30",
      "end_date": null,
      "products": [
        65,
        81,
        84,
        117
      ],
      "categories": [],
      "collections": []
    }
  },
  {
    "model": "discount.sale",
    "pk": 6,
    "fields": {
      "name": "Happy police day!",
      "type": "percentage",
      "value": "30.00",
      "start_date": "2018-12-04",
      "end_date": null,
      "products": [
        73,
        84,
        86,
        88
      ],
      "categories": [],
      "collections": []
    }
  },
  {
    "model": "discount.sale",
    "pk": 7,
    "fields": {
      "name": "Happy around day!",
      "type": "percentage",
      "value": "30.00",
      "start_date": "2018-12-04",
      "end_date": null,
      "products": [
        65,
        71,
        83,
        85
      ],
      "categories": [],
      "collections": []
    }
  },
  {
    "model": "discount.sale",
    "pk": 8,
    "fields": {
      "name": "Happy shake day!",
      "type": "percentage",
      "value": "10.00",
      "start_date": "2018-12-04",
      "end_date": null,
      "products": [
        63,
        64,
        76,
        82
      ],
      "categories": [],
      "collections": []
    }
  },
  {
    "model": "discount.sale",
    "pk": 9,
    "fields": {
      "name": "Happy drop day!",
      "type": "percentage",
      "value": "30.00",
      "start_date": "2018-12-04",
      "end_date": null,
      "products": [
        74,
        86,
        87,
        108
      ],
      "categories": [],
      "collections": []
    }
  },
  {
    "model": "discount.sale",
    "pk": 10,
    "fields": {
      "name": "Happy source day!",
      "type": "percentage",
      "value": "40.00",
      "start_date": "2018-12-04",
      "end_date": null,
      "products": [
        77,
        82,
        87,
        88
      ],
      "categories": [],
      "collections": []
    }
  },
  {
    "model": "product.category",
    "pk": 7,
    "fields": {
      "seo_title": "",
      "seo_description": "",
      "name": "Accessories",
      "slug": "accessories",
      "description": "",
      "parent": null,
      "background_image": "category-backgrounds/DEMO-04_qKmOjGp.jpg",
      "lft": 1,
      "rght": 2,
      "tree_id": 1,
      "level": 0
    }
  },
  {
    "model": "product.category",
    "pk": 8,
    "fields": {
      "seo_title": "",
      "seo_description": "",
      "name": "Groceries",
      "slug": "groceries",
      "description": "",
      "parent": null,
      "background_image": "category-backgrounds/groceries_GY0YfUa.jpg",
      "lft": 1,
      "rght": 2,
      "tree_id": 2,
      "level": 0
    }
  },
  {
    "model": "product.category",
    "pk": 9,
    "fields": {
      "seo_title": "",
      "seo_description": "",
      "name": "Apparel",
      "slug": "apparel",
      "description": "",
      "parent": null,
      "background_image": "category-backgrounds/cos_nBHzMEv.jpg",
      "lft": 1,
      "rght": 2,
      "tree_id": 3,
      "level": 0
    }
  },
  {
    "model": "product.producttype",
    "pk": 7,
    "fields": {
      "name": "Paint",
      "has_variants": true,
      "is_shipping_required": true,
      "tax_rate": "standard",
      "weight": "1.0 kg"
    }
  },
  {
    "model": "product.producttype",
    "pk": 8,
    "fields": {
      "name": "Music",
      "has_variants": true,
      "is_shipping_required": true,
      "tax_rate": "standard",
      "weight": "0.2 kg"
    }
  },
  {
    "model": "product.producttype",
    "pk": 9,
    "fields": {
      "name": "Juice",
      "has_variants": true,
      "is_shipping_required": true,
      "tax_rate": "standard",
      "weight": "1.0 kg"
    }
  },
  {
    "model": "product.producttype",
    "pk": 10,
    "fields": {
      "name": "Wine",
      "has_variants": false,
      "is_shipping_required": true,
      "tax_rate": "",
      "weight": "1.0 kg"
    }
  },
  {
    "model": "product.producttype",
    "pk": 11,
    "fields": {
      "name": "Beer",
      "has_variants": false,
      "is_shipping_required": true,
      "tax_rate": "standard",
      "weight": "1.0 kg"
    }
  },
  {
    "model": "product.producttype",
    "pk": 12,
    "fields": {
      "name": "Cushion",
      "has_variants": true,
      "is_shipping_required": true,
      "tax_rate": "standard",
      "weight": "0.5 kg"
    }
  },
  {
    "model": "product.producttype",
    "pk": 13,
    "fields": {
      "name": "Shoe",
      "has_variants": true,
      "is_shipping_required": true,
      "tax_rate": "standard",
      "weight": "1.0 kg"
    }
  },
  {
    "model": "product.producttype",
    "pk": 14,
    "fields": {
      "name": "Top (clothing)",
      "has_variants": true,
      "is_shipping_required": true,
      "tax_rate": "standard",
      "weight": "1.0 kg"
    }
  },
  {
    "model": "product.product",
    "pk": 61,
    "fields": {
      "seo_title": "",
      "seo_description": "Tonight, my love, let us take fat brushes and paint the skies with the shades of nebula tides. Get the dark, moody shades of the ether.&nbsp;",
      "product_type": 7,
      "name": "Nebula Night Sky Paint",
      "description": "<p>Tonight, my love, let us take fat brushes and paint the skies with the shades of nebula tides. Get the dark, moody shades of the ether.&nbsp;</p>",
      "category": 7,
      "price": {
        "_type": "Money",
        "amount": "15.00",
        "currency": "USD"
      },
      "available_on": null,
      "is_published": true,
      "attributes": "{}",
      "updated_at": "2018-12-04T15:29:33.556Z",
      "charge_taxes": true,
      "tax_rate": "standard",
      "weight": "0.0 kg"
    }
  },
  {
    "model": "product.product",
    "pk": 62,
    "fields": {
      "seo_title": "",
      "seo_description": "The rich, deep hue of space dust. Vacuum packed and airlocked for long-lasting freshness of color.",
      "product_type": 7,
      "name": "Space Dust Navy Paint",
      "description": "<p>The rich, deep hue of space dust. Vacuum packed and airlocked for long-lasting freshness of color.</p>",
      "category": 7,
      "price": {
        "_type": "Money",
        "amount": "15.00",
        "currency": "USD"
      },
      "available_on": null,
      "is_published": true,
      "attributes": "{}",
      "updated_at": "2018-12-04T15:29:33.569Z",
      "charge_taxes": true,
      "tax_rate": "standard",
      "weight": "1.0 kg"
    }
  },
  {
    "model": "product.product",
    "pk": 63,
    "fields": {
      "seo_title": null,
      "seo_description": null,
      "product_type": 7,
      "name": "Red Dwarf Red Paint",
      "description": "We are all connected to the universe, because every cell in our bodies was cooked in the hearts of dying stars. Red Dwarf Paint: the color of Carl Sagan\u2019s dreams.",
      "category": 7,
      "price": {
        "_type": "Money",
        "amount": "15.00",
        "currency": "USD"
      },
      "available_on": null,
      "is_published": true,
      "attributes": "{}",
      "updated_at": "2018-12-04T15:29:33.575Z",
      "charge_taxes": true,
      "tax_rate": "standard",
      "weight": "0.0 kg"
    }
  },
  {
    "model": "product.product",
    "pk": 64,
    "fields": {
      "seo_title": "",
      "seo_description": "There is life in outer space. This vibrant light speed yellow paint brings life to any surface. Goes on easy and dries at light speed.",
      "product_type": 7,
      "name": "Light Speed Yellow Paint",
      "description": "<p>There is life in outer space. This vibrant light speed yellow paint brings life to any surface. Goes on easy and dries at light speed.</p>",
      "category": 7,
      "price": {
        "_type": "Money",
        "amount": "15.00",
        "currency": "USD"
      },
      "available_on": null,
      "is_published": true,
      "attributes": "{}",
      "updated_at": "2018-12-04T15:29:33.581Z",
      "charge_taxes": true,
      "tax_rate": "standard",
      "weight": "0.0 kg"
    }
  },
  {
    "model": "product.product",
    "pk": 65,
    "fields": {
      "seo_title": "",
      "seo_description": "Turquoise is the new black. No more gloomy night skies, brighten up your evenings with hyperspace paint.&nbsp;",
      "product_type": 7,
      "name": "Hyperspace Turquoise Paint",
      "description": "<p>Turquoise is the new black. No more gloomy night skies, brighten up your evenings with hyperspace paint.&nbsp;</p>",
      "category": 7,
      "price": {
        "_type": "Money",
        "amount": "15.00",
        "currency": "USD"
      },
      "available_on": null,
      "is_published": true,
      "attributes": "{}",
      "updated_at": "2018-12-04T15:29:33.586Z",
      "charge_taxes": true,
      "tax_rate": "standard",
      "weight": "1.0 kg"
    }
  },
  {
    "model": "product.product",
    "pk": 71,
    "fields": {
      "seo_title": "",
      "seo_description": "Fell from a tree straight into the bottle. No additives, no preservatives, just the refreshing taste of pure sun-kissed Californian oranges.",
      "product_type": 9,
      "name": "Orange Juice",
      "description": "<p>Fell from a tree straight into the bottle. No additives, no preservatives, just the refreshing taste of pure sun-kissed Californian oranges.</p>",
      "category": 8,
      "price": {
        "_type": "Money",
        "amount": "3.00",
        "currency": "USD"
      },
      "available_on": null,
      "is_published": true,
      "attributes": "{\"16\": \"49\"}",
      "updated_at": "2018-12-04T15:29:33.592Z",
      "charge_taxes": true,
      "tax_rate": "standard",
      "weight": "1.0 kg"
    }
  },
  {
    "model": "product.product",
    "pk": 72,
    "fields": {
      "seo_title": "",
      "seo_description": "Fell straight from the tree, on to Newton\u2019s head, then into the bottle. The autumn taste of English apples. Brought to you by gravity.",
      "product_type": 9,
      "name": "Apple Juice",
      "description": "Fell straight from the tree, on to Newton\u2019s head, then into the bottle. The autumn taste of English apples. Brought to you by gravity.",
      "category": 8,
      "price": {
        "_type": "Money",
        "amount": "3.00",
        "currency": "USD"
      },
      "available_on": null,
      "is_published": true,
      "attributes": "{\"16\": \"3\"}",
      "updated_at": "2018-12-04T15:29:33.600Z",
      "charge_taxes": true,
      "tax_rate": "standard",
      "weight": "1.0 kg"
    }
  },
  {
    "model": "product.product",
    "pk": 73,
    "fields": {
      "seo_title": "",
      "seo_description": "Improve your eyesight the natural way with 100% pure, squeezed carrot juice. The sweet, orange nectar of Mother Earth.",
      "product_type": 9,
      "name": "Carrot Juice",
      "description": "Improve your eyesight the natural way with 100% pure, squeezed carrot juice. The sweet, orange nectar of Mother Earth.",
      "category": 8,
      "price": {
        "_type": "Money",
        "amount": "3.00",
        "currency": "USD"
      },
      "available_on": null,
      "is_published": true,
      "attributes": "{\"16\": \"52\"}",
      "updated_at": "2018-12-04T15:29:33.606Z",
      "charge_taxes": true,
      "tax_rate": "standard",
      "weight": "1.0 kg"
    }
  },
  {
    "model": "product.product",
    "pk": 74,
    "fields": {
      "seo_title": "",
      "seo_description": "Build your protein the natural way, with exotic banana juice made from ripe fruit and packed with all the goodness of the tropical sun.",
      "product_type": 9,
      "name": "Banana Juice",
      "description": "Build your protein the natural way, with exotic banana juice made from ripe fruit and packed with all the goodness of the tropical sun.",
      "category": 8,
      "price": {
        "_type": "Money",
        "amount": "3.00",
        "currency": "USD"
      },
      "available_on": null,
      "is_published": true,
      "attributes": "{\"16\": \"50\"}",
      "updated_at": "2018-12-04T15:29:33.611Z",
      "charge_taxes": true,
      "tax_rate": "standard",
      "weight": "1.0 kg"
    }
  },
  {
    "model": "product.product",
    "pk": 75,
    "fields": {
      "seo_title": "",
      "seo_description": "I can\u2019t stand pineapples, so this one is not for me. They have a weird, fluffy, tangy taste. But if it is your kind of thing, then knock yourself out.",
      "product_type": 9,
      "name": "Pineapple Juice",
      "description": "I can\u2019t stand pineapples, so this one is not for me. They have a weird, fluffy, tangy taste. But if it is your kind of thing, then knock yourself out.",
      "category": 8,
      "price": {
        "_type": "Money",
        "amount": "3.00",
        "currency": "USD"
      },
      "available_on": null,
      "is_published": true,
      "attributes": "{\"16\": \"1\"}",
      "updated_at": "2018-12-04T15:29:33.617Z",
      "charge_taxes": true,
      "tax_rate": "standard",
      "weight": "1.0 kg"
    }
  },
  {
    "model": "product.product",
    "pk": 76,
    "fields": {
      "seo_title": "",
      "seo_description": "Did you know falling coconuts kill 150 people a year? But did you know that coconut juice is the new superfood? You win some, you lose some.",
      "product_type": 9,
      "name": "Coconut Juice",
      "description": "Did you know falling coconuts kill 150 people a year? But did you know that coconut juice is the new superfood? You win some, you lose some.",
      "category": 8,
      "price": {
        "_type": "Money",
        "amount": "3.00",
        "currency": "USD"
      },
      "available_on": null,
      "is_published": true,
      "attributes": "{\"16\": \"2\"}",
      "updated_at": "2018-12-04T15:29:33.622Z",
      "charge_taxes": true,
      "tax_rate": "standard",
      "weight": "1.0 kg"
    }
  },
  {
    "model": "product.product",
    "pk": 77,
    "fields": {
      "seo_title": "",
      "seo_description": "Is it a bird? Is it a plane? No! It\u2019s some jacked dude who just sucked down a bottle of our brand new power juice! Look at him go!",
      "product_type": 9,
      "name": "Power Juice",
      "description": "Is it a bird? Is a plane? No! It\u2019s some jacked dude who just sucked down a bottle of our brand new power juice! Look at him go!",
      "category": 8,
      "price": {
        "_type": "Money",
        "amount": "3.00",
        "currency": "USD"
      },
      "available_on": null,
      "is_published": true,
      "attributes": "{\"16\": \"54\"}",
      "updated_at": "2018-12-04T15:29:33.627Z",
      "charge_taxes": true,
      "tax_rate": "standard",
      "weight": "1.0 kg"
    }
  },
  {
    "model": "product.product",
    "pk": 78,
    "fields": {
      "seo_title": "",
      "seo_description": "Brussel sprouts, spinach, peas, kale, lettuce, cabbage, zucchini, more brussel sprouts. All the greens you\u2019ll ever need in one delicious juice.",
      "product_type": 9,
      "name": "Green Juice",
      "description": "Brussel sprouts, spinach, peas, kale, lettuce, cabbage, zucchini, more brussel sprouts. All the greens you\u2019ll ever need in one delicious juice.",
      "category": 8,
      "price": {
        "_type": "Money",
        "amount": "3.00",
        "currency": "USD"
      },
      "available_on": null,
      "is_published": true,
      "attributes": "{\"16\": \"53\"}",
      "updated_at": "2018-12-04T15:29:33.633Z",
      "charge_taxes": true,
      "tax_rate": "standard",
      "weight": "1.0 kg"
    }
  },
  {
    "model": "product.product",
    "pk": 79,
    "fields": {
      "seo_title": "",
      "seo_description": "Bean there, drunk that! The energy drink for the health-conscious. Brand new bean juice; from allotment to bottle in under 8 hours.",
      "product_type": 9,
      "name": "Bean Juice",
      "description": "Bean there, drunk that! The energy drink for the health-conscious. Brand new bean juice; from allotment to bottle in under 8 hours.",
      "category": 8,
      "price": {
        "_type": "Money",
        "amount": "3.00",
        "currency": "USD"
      },
      "available_on": null,
      "is_published": true,
      "attributes": "{\"16\": \"51\"}",
      "updated_at": "2018-12-04T15:29:33.638Z",
      "charge_taxes": true,
      "tax_rate": "standard",
      "weight": "1.0 kg"
    }
  },
  {
    "model": "product.product",
    "pk": 81,
    "fields": {
      "seo_title": "",
      "seo_description": "A fine, mature red with a hint of blackberry, an undertone of the alkaline Burgundy soil, a delicate aftertaste of burnt garlic, and a whole lot of grapes.",
      "product_type": 10,
      "name": "Red Wine",
      "description": "<p>A fine, mature red with a hint of blackberry, an undertone of the alkaline Burgundy soil, a delicate aftertaste of burnt garlic, and a whole lot of grapes.</p>",
      "category": 8,
      "price": {
        "_type": "Money",
        "amount": "15.00",
        "currency": "USD"
      },
      "available_on": null,
      "is_published": true,
      "attributes": "{\"20\": \"67\"}",
      "updated_at": "2018-12-04T15:29:33.644Z",
      "charge_taxes": true,
      "tax_rate": "",
      "weight": "0.0 kg"
    }
  },
  {
    "model": "product.product",
    "pk": 82,
    "fields": {
      "seo_title": "",
      "seo_description": "Watch the slow setting sun of a wild summer evening sink into the horizon as you sip white wine that tastes like bittersweet memories of halcyon days.",
      "product_type": 10,
      "name": "White Wine",
      "description": "<p>Watch the slow setting sun of a wild summer evening sink into the horizon as you sip white wine that tastes like bittersweet memories of halcyon days.</p>",
      "category": 8,
      "price": {
        "_type": "Money",
        "amount": "15.00",
        "currency": "USD"
      },
      "available_on": null,
      "is_published": true,
      "attributes": "{\"20\": \"67\"}",
      "updated_at": "2018-12-04T15:29:33.649Z",
      "charge_taxes": true,
      "tax_rate": "",
      "weight": "0.0 kg"
    }
  },
  {
    "model": "product.product",
    "pk": 83,
    "fields": {
      "seo_title": "",
      "seo_description": "Find your sea legs and then lose the power to use them with extra strong seaman\u2019s lager. Don\u2019t drink and sail, me hearties!",
      "product_type": 11,
      "name": "Seaman Lager",
      "description": "<p>Find your sea legs and then lose the power to use them with extra strong seaman\u2019s lager. Don\u2019t drink and sail, me hearties!</p>",
      "category": 8,
      "price": {
        "_type": "Money",
        "amount": "3.00",
        "currency": "USD"
      },
      "available_on": null,
      "is_published": true,
      "attributes": "{\"15\": \"46\", \"21\": \"68\"}",
      "updated_at": "2018-12-04T15:29:33.655Z",
      "charge_taxes": true,
      "tax_rate": "standard",
      "weight": "1.0 kg"
    }
  },
  {
    "model": "product.product",
    "pk": 84,
    "fields": {
      "seo_title": "",
      "seo_description": "Best beer on the seven seas. A dark ale for when the dark clouds gather overhead. The nutty nautical taste that sailors love.",
      "product_type": 11,
      "name": "Seaman Beer",
      "description": "<p>Best beer on the seven seas. A dark ale for when the dark clouds gather overhead. The nutty nautical taste that sailors love.</p>",
      "category": 8,
      "price": {
        "_type": "Money",
        "amount": "3.20",
        "currency": "USD"
      },
      "available_on": null,
      "is_published": true,
      "attributes": "{\"15\": \"46\", \"21\": \"69\"}",
      "updated_at": "2018-12-04T15:29:33.662Z",
      "charge_taxes": true,
      "tax_rate": "standard",
      "weight": "1.0 kg"
    }
  },
  {
    "model": "product.product",
    "pk": 85,
    "fields": {
      "seo_title": "",
      "seo_description": "Add a little color to your life with a Saleor parrot cushion. Turns any old sofa into a rainbow of classy interior design.&nbsp;",
      "product_type": 12,
      "name": "Colored Parrot Cushion",
      "description": "<p>Add a little color to your life with a Saleor parrot cushion. Turns any old sofa into a rainbow of classy interior design.&nbsp;</p>",
      "category": 7,
      "price": {
        "_type": "Money",
        "amount": "20.00",
        "currency": "USD"
      },
      "available_on": null,
      "is_published": true,
      "attributes": "{\"23\": \"72\"}",
      "updated_at": "2018-12-04T15:29:33.669Z",
      "charge_taxes": true,
      "tax_rate": "standard",
      "weight": "0.0 kg"
    }
  },
  {
    "model": "product.product",
    "pk": 86,
    "fields": {
      "seo_title": "",
      "seo_description": "Minimalist interiors need simple, sleek soft furnishings. Don\u2019t parrot what others do, set your own monochrome trends with Saleor designs.",
      "product_type": 12,
      "name": "White Parrot Cushion",
      "description": "<p>Minimalist interiors need simple, sleek soft furnishings. Don\u2019t parrot what others do, set your own monochrome trends with Saleor designs.</p>",
      "category": 7,
      "price": {
        "_type": "Money",
        "amount": "20.00",
        "currency": "USD"
      },
      "available_on": null,
      "is_published": true,
      "attributes": "{\"23\": \"72\"}",
      "updated_at": "2018-12-04T15:29:33.675Z",
      "charge_taxes": true,
      "tax_rate": "standard",
      "weight": "0.0 kg"
    }
  },
  {
    "model": "product.product",
    "pk": 87,
    "fields": {
      "seo_title": "",
      "seo_description": "Mellow yellow. Step into summer with Saleor. Every time your head goes down, you see these beauties, and your mood bounces right back up.&nbsp;",
      "product_type": 13,
      "name": "Yellow Plimsolls",
      "description": "<p>Mellow yellow. Step into summer with Saleor. Every time your head goes down, you see these beauties, and your mood bounces right back up.&nbsp;</p>",
      "category": 9,
      "price": {
        "_type": "Money",
        "amount": "59.00",
        "currency": "USD"
      },
      "available_on": null,
      "is_published": true,
      "attributes": "{}",
      "updated_at": "2018-12-04T15:29:33.680Z",
      "charge_taxes": true,
      "tax_rate": "standard",
      "weight": "0.0 kg"
    }
  },
  {
    "model": "product.product",
    "pk": 88,
    "fields": {
      "seo_title": "",
      "seo_description": "PE at school wouldn\u2019t have been such a drag with these on your feet. Slip on the style and stride tall with Saleor branded plimsolls. PE now stands for pretty elegant.&nbsp;&nbsp;",
      "product_type": 13,
      "name": "White Plimsolls",
      "description": "<p>PE at school wouldn\u2019t have been such a drag with these on your feet. Slip on the style and stride tall with Saleor branded plimsolls. PE now stands for pretty elegant.&nbsp;&nbsp;</p>",
      "category": 9,
      "price": {
        "_type": "Money",
        "amount": "49.00",
        "currency": "USD"
      },
      "available_on": null,
      "is_published": true,
      "attributes": "{}",
      "updated_at": "2018-12-04T15:29:33.689Z",
      "charge_taxes": true,
      "tax_rate": "standard",
      "weight": "1.0 kg"
    }
  },
  {
    "model": "product.product",
    "pk": 89,
    "fields": {
      "seo_title": "",
      "seo_description": "Pay homage to the music and art of Joy Division and Peter Saville, but with a Mirumee twist. Perfect live transmission apparel for dead souls.",
      "product_type": 14,
      "name": "Code Division T-shirt",
      "description": "<p>Pay homage to the music and art of a Joy Division and Peter Saville, but with a Mirumee twist. Perfect live transmission apparel for dead souls.</p>",
      "category": 9,
      "price": {
        "_type": "Money",
        "amount": "30.00",
        "currency": "USD"
      },
      "available_on": null,
      "is_published": true,
      "attributes": "{\"25\": \"82\"}",
      "updated_at": "2018-12-04T15:29:33.698Z",
      "charge_taxes": true,
      "tax_rate": "standard",
      "weight": "0.0 kg"
    }
  },
  {
    "model": "product.product",
    "pk": 107,
    "fields": {
      "seo_title": "",
      "seo_description": "Ever have those days where you feel a bit geometric? Can't quite shape yourself up right? Show your different sides with a Saleor styles.",
      "product_type": 14,
      "name": "Polo Shirt",
      "description": "<p>Ever have those days where you feel a bit geometric? Can't quite shape yourself up right? Show your different sides with a Saleor styles.&nbsp;</p>",
      "category": 9,
      "price": {
        "_type": "Money",
        "amount": "30.00",
        "currency": "USD"
      },
      "available_on": null,
      "is_published": true,
      "attributes": "{\"25\": \"82\"}",
      "updated_at": "2018-12-04T15:29:33.705Z",
      "charge_taxes": true,
      "tax_rate": "standard",
      "weight": "0.0 kg"
    }
  },
  {
    "model": "product.product",
    "pk": 108,
    "fields": {
      "seo_title": "",
      "seo_description": "Polo? Yolo\u2026 so don\u2019t waste time on the wrong apparel. Choose a polo shirt that looks as good as you feel.",
      "product_type": 14,
      "name": "Polo Shirt",
      "description": "Polo? Yolo\u2026 so don\u2019t waste time on the wrong apparel. Choose a polo shirt that looks as good as you feel.",
      "category": 9,
      "price": {
        "_type": "Money",
        "amount": "30.00",
        "currency": "USD"
      },
      "available_on": null,
      "is_published": true,
      "attributes": "{\"25\": \"82\"}",
      "updated_at": "2018-12-04T15:29:33.710Z",
      "charge_taxes": true,
      "tax_rate": "standard",
      "weight": "0.0 kg"
    }
  },
  {
    "model": "product.product",
    "pk": 109,
    "fields": {
      "seo_title": "",
      "seo_description": "Wondering if this will look as good on you as it does on the screen? The answer is yes. A quality polo with smart styling.",
      "product_type": 14,
      "name": "Polo Shirt",
      "description": "Wondering if this will look as good on you as it does on the screen? The answer is yes. A quality polo with smart styling.",
      "category": 9,
      "price": {
        "_type": "Money",
        "amount": "30.00",
        "currency": "USD"
      },
      "available_on": null,
      "is_published": true,
      "attributes": "{\"25\": \"82\"}",
      "updated_at": "2018-12-04T15:29:33.715Z",
      "charge_taxes": true,
      "tax_rate": "standard",
      "weight": "0.0 kg"
    }
  },
  {
    "model": "product.product",
    "pk": 110,
    "fields": {
      "seo_title": "",
      "seo_description": "They say polo is the sport of kings. Or was that stamp collecting? Either way, this shirt is fit for a king of Saturday night.",
      "product_type": 14,
      "name": "Polo Shirt",
      "description": "<p>They say polo is the sport of kings. Or was that stamp collecting? Either way, this shirt is fit for a king of Saturday night.</p>",
      "category": 9,
      "price": {
        "_type": "Money",
        "amount": "30.00",
        "currency": "USD"
      },
      "available_on": null,
      "is_published": true,
      "attributes": "{\"25\": \"82\"}",
      "updated_at": "2018-12-04T15:29:33.721Z",
      "charge_taxes": true,
      "tax_rate": "standard",
      "weight": "0.0 kg"
    }
  },
  {
    "model": "product.product",
    "pk": 111,
    "fields": {
      "seo_title": "",
      "seo_description": "One style fits all. Get a look that works even when you are taking it easy. Relaxed wear for the masses.",
      "product_type": 14,
      "name": "T-shirt",
      "description": "One style fits all. Get a look that works even when you are taking it easy. Relaxed wear for the masses.",
      "category": 9,
      "price": {
        "_type": "Money",
        "amount": "30.00",
        "currency": "USD"
      },
      "available_on": null,
      "is_published": true,
      "attributes": "{\"25\": \"82\"}",
      "updated_at": "2018-12-04T15:29:33.727Z",
      "charge_taxes": true,
      "tax_rate": "standard",
      "weight": "0.0 kg"
    }
  },
  {
    "model": "product.product",
    "pk": 112,
    "fields": {
      "seo_title": "",
      "seo_description": "A classic tee for a timeless look, at a great price. Feel like a million bucks without breaking the bank.",
      "product_type": 14,
      "name": "T-shirt",
      "description": "A classic tee for a timeless look, at a great price. Feel like a million bucks without breaking the bank.",
      "category": 9,
      "price": {
        "_type": "Money",
        "amount": "30.00",
        "currency": "USD"
      },
      "available_on": null,
      "is_published": true,
      "attributes": "{\"25\": \"82\"}",
      "updated_at": "2018-12-04T15:29:33.735Z",
      "charge_taxes": true,
      "tax_rate": "standard",
      "weight": "0.0 kg"
    }
  },
  {
    "model": "product.product",
    "pk": 113,
    "fields": {
      "seo_title": "",
      "seo_description": "Want to look like you just fell out of bed? Sometimes style can be effortless. Throw it on get on with having a good day.",
      "product_type": 14,
      "name": "T-shirt",
      "description": "Want to look like you just fell out of bed? Sometimes style can be effortless. Throw it on get on with having a good day.",
      "category": 9,
      "price": {
        "_type": "Money",
        "amount": "30.00",
        "currency": "USD"
      },
      "available_on": null,
      "is_published": true,
      "attributes": "{\"25\": \"82\"}",
      "updated_at": "2018-12-04T15:29:33.742Z",
      "charge_taxes": true,
      "tax_rate": "standard",
      "weight": "0.0 kg"
    }
  },
  {
    "model": "product.product",
    "pk": 114,
    "fields": {
      "seo_title": "",
      "seo_description": "Your t-shirt is your second skin. It\u2019s the version of you that you show to the world. Wear one that flows with your movements and is built to last.",
      "product_type": 14,
      "name": "T-shirt",
      "description": "Your t-shirt is your second skin. It\u2019s the version of you that you show to the world. Wear one that flows with your movements and is built to last.",
      "category": 9,
      "price": {
        "_type": "Money",
        "amount": "30.00",
        "currency": "USD"
      },
      "available_on": null,
      "is_published": true,
      "attributes": "{\"25\": \"82\"}",
      "updated_at": "2018-12-04T15:29:33.748Z",
      "charge_taxes": true,
      "tax_rate": "standard",
      "weight": "0.0 kg"
    }
  },
  {
    "model": "product.product",
    "pk": 115,
    "fields": {
      "seo_title": "",
      "seo_description": "Special offer. Buy a hood and get a free jet black sweater attached. Perfect for when you are up to no good.",
      "product_type": 14,
      "name": "Black Hoodie",
      "description": "Special offer. Buy a hood and get a free jet black sweater attached. Perfect for when you are up to no good.",
      "category": 9,
      "price": {
        "_type": "Money",
        "amount": "30.00",
        "currency": "USD"
      },
      "available_on": null,
      "is_published": true,
      "attributes": "{\"25\": \"82\"}",
      "updated_at": "2018-12-04T15:29:33.754Z",
      "charge_taxes": true,
      "tax_rate": "standard",
      "weight": "0.0 kg"
    }
  },
  {
    "model": "product.product",
    "pk": 116,
    "fields": {
      "seo_title": "",
      "seo_description": "Special offer. Buy a superhero blue sweater and get a free hood attached. Ideal for when you are out saving the world.",
      "product_type": 14,
      "name": "Blue Hoodie",
      "description": "Special offer. Buy a superhero blue sweater and get a free hood attached. Ideal for when you are out saving the world.",
      "category": 9,
      "price": {
        "_type": "Money",
        "amount": "30.00",
        "currency": "USD"
      },
      "available_on": null,
      "is_published": true,
      "attributes": "{\"25\": \"82\"}",
      "updated_at": "2018-12-04T15:29:33.760Z",
      "charge_taxes": true,
      "tax_rate": "standard",
      "weight": "0.0 kg"
    }
  },
  {
    "model": "product.product",
    "pk": 117,
    "fields": {
      "seo_title": "",
      "seo_description": "Who dunnit? It was Colonel Mustard, in the dining room, with the lead piping, wearing this hot as mustard hoodie.",
      "product_type": 14,
      "name": "Mustard Hoodie",
      "description": "Who dunnit? It was Colonel Mustard, in the dining room, with the lead piping, wearing this hot as mustard hoodie.",
      "category": 9,
      "price": {
        "_type": "Money",
        "amount": "30.00",
        "currency": "USD"
      },
      "available_on": null,
      "is_published": true,
      "attributes": "{\"25\": \"82\"}",
      "updated_at": "2018-12-04T15:29:33.765Z",
      "charge_taxes": true,
      "tax_rate": "standard",
      "weight": "0.0 kg"
    }
  },
  {
    "model": "product.product",
    "pk": 118,
    "fields": {
      "seo_title": "",
      "seo_description": "Get your slouch on and be seen with a whiter than white hoodie straight from the streets. Relaxed stylin\u2019 and profilin\u2019 with flair.",
      "product_type": 14,
      "name": "White Hoodie",
      "description": "Get your slouch on and be seen with a whiter than white hoodie straight from the streets. Relaxed stylin\u2019 and profilin\u2019 with flair.",
      "category": 9,
      "price": {
        "_type": "Money",
        "amount": "30.00",
        "currency": "USD"
      },
      "available_on": null,
      "is_published": true,
      "attributes": "{\"25\": \"82\"}",
      "updated_at": "2018-12-04T15:29:33.770Z",
      "charge_taxes": true,
      "tax_rate": "standard",
      "weight": "0.0 kg"
    }
  },
  {
    "model": "product.productvariant",
    "pk": 171,
    "fields": {
      "sku": "546451996",
      "name": "1l",
      "price_override": {
        "_type": "Money",
        "amount": "15.00",
        "currency": "USD"
      },
      "product": 61,
      "attributes": "{\"18\": \"60\"}",
      "track_inventory": true,
      "quantity": 115,
      "quantity_allocated": 16,
      "cost_price": {
        "_type": "Money",
        "amount": "5.00",
        "currency": "USD"
      },
      "weight": "1.0 kg"
    }
  },
  {
    "model": "product.productvariant",
    "pk": 172,
    "fields": {
      "sku": "546451997",
      "name": "2.5l",
      "price_override": {
        "_type": "Money",
        "amount": "35.00",
        "currency": "USD"
      },
      "product": 61,
      "attributes": "{\"18\": \"61\"}",
      "track_inventory": true,
      "quantity": 20,
      "quantity_allocated": 1,
      "cost_price": {
        "_type": "Money",
        "amount": "10.00",
        "currency": "USD"
      },
      "weight": "2.5 kg"
    }
  },
  {
    "model": "product.productvariant",
    "pk": 173,
    "fields": {
      "sku": "546451999",
      "name": "5l",
      "price_override": {
        "_type": "Money",
        "amount": "49.00",
        "currency": "USD"
      },
      "product": 61,
      "attributes": "{\"18\": \"62\"}",
      "track_inventory": true,
      "quantity": 7,
      "quantity_allocated": 7,
      "cost_price": {
        "_type": "Money",
        "amount": "20.00",
        "currency": "USD"
      },
      "weight": "5.0 kg"
    }
  },
  {
    "model": "product.productvariant",
    "pk": 174,
    "fields": {
      "sku": "998223591",
      "name": "1l",
      "price_override": {
        "_type": "Money",
        "amount": "15.00",
        "currency": "USD"
      },
      "product": 62,
      "attributes": "{\"18\": \"60\"}",
      "track_inventory": true,
      "quantity": 46,
      "quantity_allocated": 22,
      "cost_price": {
        "_type": "Money",
        "amount": "5.00",
        "currency": "USD"
      },
      "weight": "1.0 kg"
    }
  },
  {
    "model": "product.productvariant",
    "pk": 175,
    "fields": {
      "sku": "998223599",
      "name": "2.5l",
      "price_override": {
        "_type": "Money",
        "amount": "25.00",
        "currency": "USD"
      },
      "product": 62,
      "attributes": "{\"18\": \"61\"}",
      "track_inventory": true,
      "quantity": 110,
      "quantity_allocated": 0,
      "cost_price": {
        "_type": "Money",
        "amount": "10.00",
        "currency": "USD"
      },
      "weight": "0.0 kg"
    }
  },
  {
    "model": "product.productvariant",
    "pk": 176,
    "fields": {
      "sku": "998223594",
      "name": "5l",
      "price_override": {
        "_type": "Money",
        "amount": "49.00",
        "currency": "USD"
      },
      "product": 62,
      "attributes": "{\"18\": \"62\"}",
      "track_inventory": true,
      "quantity": 120,
      "quantity_allocated": 9,
      "cost_price": {
        "_type": "Money",
        "amount": "25.00",
        "currency": "USD"
      },
      "weight": "0.0 kg"
    }
  },
  {
    "model": "product.productvariant",
    "pk": 177,
    "fields": {
      "sku": "998223582",
      "name": "1l",
      "price_override": {
        "_type": "Money",
        "amount": "15.00",
        "currency": "USD"
      },
      "product": 63,
      "attributes": "{\"18\": \"60\"}",
      "track_inventory": true,
      "quantity": 1240,
      "quantity_allocated": 9,
      "cost_price": {
        "_type": "Money",
        "amount": "5.00",
        "currency": "USD"
      },
      "weight": "1.0 kg"
    }
  },
  {
    "model": "product.productvariant",
    "pk": 178,
    "fields": {
      "sku": "998223583",
      "name": "2.5l",
      "price_override": {
        "_type": "Money",
        "amount": "25.00",
        "currency": "USD"
      },
      "product": 63,
      "attributes": "{\"18\": \"61\"}",
      "track_inventory": true,
      "quantity": 1222,
      "quantity_allocated": 11,
      "cost_price": {
        "_type": "Money",
        "amount": "10.00",
        "currency": "USD"
      },
      "weight": "2.5 kg"
    }
  },
  {
    "model": "product.productvariant",
    "pk": 179,
    "fields": {
      "sku": "998223584",
      "name": "5l",
      "price_override": {
        "_type": "Money",
        "amount": "49.00",
        "currency": "USD"
      },
      "product": 63,
      "attributes": "{\"18\": \"62\"}",
      "track_inventory": true,
      "quantity": 463,
      "quantity_allocated": 18,
      "cost_price": {
        "_type": "Money",
        "amount": "20.00",
        "currency": "USD"
      },
      "weight": "5.0 kg"
    }
  },
  {
    "model": "product.productvariant",
    "pk": 180,
    "fields": {
      "sku": "998323582",
      "name": "1l",
      "price_override": {
        "_type": "Money",
        "amount": "15.00",
        "currency": "USD"
      },
      "product": 64,
      "attributes": "{\"18\": \"60\"}",
      "track_inventory": true,
      "quantity": 989,
      "quantity_allocated": 3,
      "cost_price": {
        "_type": "Money",
        "amount": "5.00",
        "currency": "USD"
      },
      "weight": "1.0 kg"
    }
  },
  {
    "model": "product.productvariant",
    "pk": 181,
    "fields": {
      "sku": "998323583",
      "name": "2.5l",
      "price_override": {
        "_type": "Money",
        "amount": "30.00",
        "currency": "USD"
      },
      "product": 64,
      "attributes": "{\"18\": \"61\"}",
      "track_inventory": true,
      "quantity": 758,
      "quantity_allocated": 7,
      "cost_price": {
        "_type": "Money",
        "amount": "10.00",
        "currency": "USD"
      },
      "weight": "2.5 kg"
    }
  },
  {
    "model": "product.productvariant",
    "pk": 182,
    "fields": {
      "sku": "998323584",
      "name": "5l",
      "price_override": {
        "_type": "Money",
        "amount": "49.00",
        "currency": "USD"
      },
      "product": 64,
      "attributes": "{\"18\": \"62\"}",
      "track_inventory": true,
      "quantity": 576,
      "quantity_allocated": 5,
      "cost_price": {
        "_type": "Money",
        "amount": "15.00",
        "currency": "USD"
      },
      "weight": "5.0 kg"
    }
  },
  {
    "model": "product.productvariant",
    "pk": 183,
    "fields": {
      "sku": "998423582",
      "name": "1l",
      "price_override": {
        "_type": "Money",
        "amount": "15.00",
        "currency": "USD"
      },
      "product": 65,
      "attributes": "{\"18\": \"60\"}",
      "track_inventory": true,
      "quantity": 427,
      "quantity_allocated": 16,
      "cost_price": {
        "_type": "Money",
        "amount": "5.00",
        "currency": "USD"
      },
      "weight": "1.0 kg"
    }
  },
  {
    "model": "product.productvariant",
    "pk": 184,
    "fields": {
      "sku": "998423583",
      "name": "2.5l",
      "price_override": {
        "_type": "Money",
        "amount": "30.00",
        "currency": "USD"
      },
      "product": 65,
      "attributes": "{\"18\": \"61\"}",
      "track_inventory": true,
      "quantity": 513,
      "quantity_allocated": 2,
      "cost_price": {
        "_type": "Money",
        "amount": "10.00",
        "currency": "USD"
      },
      "weight": "2.5 kg"
    }
  },
  {
    "model": "product.productvariant",
    "pk": 185,
    "fields": {
      "sku": "998423585",
      "name": "5l",
      "price_override": {
        "_type": "Money",
        "amount": "49.00",
        "currency": "USD"
      },
      "product": 65,
      "attributes": "{\"18\": \"62\"}",
      "track_inventory": true,
      "quantity": 153,
      "quantity_allocated": 12,
      "cost_price": {
        "_type": "Money",
        "amount": "15.00",
        "currency": "USD"
      },
      "weight": "5.0 kg"
    }
  },
  {
    "model": "product.productvariant",
    "pk": 190,
    "fields": {
      "sku": "988323582",
      "name": "500ml",
      "price_override": null,
      "product": 71,
      "attributes": "{\"15\": \"46\"}",
      "track_inventory": true,
      "quantity": 1218,
      "quantity_allocated": 7,
      "cost_price": {
        "_type": "Money",
        "amount": "1.00",
        "currency": "USD"
      },
      "weight": "1.0 kg"
    }
  },
  {
    "model": "product.productvariant",
    "pk": 191,
    "fields": {
      "sku": "938323582",
      "name": "1l",
      "price_override": {
        "_type": "Money",
        "amount": "5.00",
        "currency": "USD"
      },
      "product": 71,
      "attributes": "{\"15\": \"47\"}",
      "track_inventory": true,
      "quantity": 177,
      "quantity_allocated": 2,
      "cost_price": {
        "_type": "Money",
        "amount": "1.50",
        "currency": "USD"
      },
      "weight": "1.0 kg"
    }
  },
  {
    "model": "product.productvariant",
    "pk": 192,
    "fields": {
      "sku": "988323522",
      "name": "2l",
      "price_override": {
        "_type": "Money",
        "amount": "7.00",
        "currency": "USD"
      },
      "product": 71,
      "attributes": "{\"15\": \"48\"}",
      "track_inventory": true,
      "quantity": 221,
      "quantity_allocated": 10,
      "cost_price": {
        "_type": "Money",
        "amount": "2.00",
        "currency": "USD"
      },
      "weight": "2.0 kg"
    }
  },
  {
    "model": "product.productvariant",
    "pk": 193,
    "fields": {
      "sku": "12312312321",
      "name": "",
      "price_override": null,
      "product": 81,
      "attributes": "{}",
      "track_inventory": true,
      "quantity": 21244,
      "quantity_allocated": 13,
      "cost_price": null,
      "weight": "0.0 kg"
    }
  },
  {
    "model": "product.productvariant",
    "pk": 194,
    "fields": {
      "sku": "1231998121",
      "name": "",
      "price_override": null,
      "product": 82,
      "attributes": "{}",
      "track_inventory": true,
      "quantity": 12153,
      "quantity_allocated": 22,
      "cost_price": null,
      "weight": "0.0 kg"
    }
  },
  {
    "model": "product.productvariant",
    "pk": 195,
    "fields": {
      "sku": "98616712",
      "name": "",
      "price_override": null,
      "product": 83,
      "attributes": "{}",
      "track_inventory": true,
      "quantity": 12132,
      "quantity_allocated": 11,
      "cost_price": null,
      "weight": "0.0 kg"
    }
  },
  {
    "model": "product.productvariant",
    "pk": 196,
    "fields": {
      "sku": "98616713",
      "name": "",
      "price_override": null,
      "product": 84,
      "attributes": "{}",
      "track_inventory": true,
      "quantity": 975531,
      "quantity_allocated": 14,
      "cost_price": null,
      "weight": "0.0 kg"
    }
  },
  {
    "model": "product.productvariant",
    "pk": 197,
    "fields": {
      "sku": "698223582",
      "name": "45cm x 45cm",
      "price_override": {
        "_type": "Money",
        "amount": "20.00",
        "currency": "USD"
      },
      "product": 85,
      "attributes": "{\"22\": \"70\"}",
      "track_inventory": true,
      "quantity": 9865,
      "quantity_allocated": 4,
      "cost_price": {
        "_type": "Money",
        "amount": "11.00",
        "currency": "USD"
      },
      "weight": "0.0 kg"
    }
  },
  {
    "model": "product.productvariant",
    "pk": 198,
    "fields": {
      "sku": "698223581",
      "name": "55cm x 55cm",
      "price_override": null,
      "product": 85,
      "attributes": "{\"22\": \"71\"}",
      "track_inventory": true,
      "quantity": 683,
      "quantity_allocated": 12,
      "cost_price": {
        "_type": "Money",
        "amount": "12.00",
        "currency": "USD"
      },
      "weight": "0.0 kg"
    }
  },
  {
    "model": "product.productvariant",
    "pk": 199,
    "fields": {
      "sku": "987126191",
      "name": "45cm x 45cm",
      "price_override": null,
      "product": 86,
      "attributes": "{\"22\": \"70\"}",
      "track_inventory": true,
      "quantity": 576,
      "quantity_allocated": 5,
      "cost_price": {
        "_type": "Money",
        "amount": "13.00",
        "currency": "USD"
      },
      "weight": "0.0 kg"
    }
  },
  {
    "model": "product.productvariant",
    "pk": 200,
    "fields": {
      "sku": "998223590",
      "name": "55cm x 55cm",
      "price_override": null,
      "product": 86,
      "attributes": "{\"22\": \"71\"}",
      "track_inventory": true,
      "quantity": 1020,
      "quantity_allocated": 21,
      "cost_price": {
        "_type": "Money",
        "amount": "13.00",
        "currency": "USD"
      },
      "weight": "0.0 kg"
    }
  },
  {
    "model": "product.productvariant",
    "pk": 202,
    "fields": {
      "sku": "93855755",
      "name": "500ml",
      "price_override": null,
      "product": 72,
      "attributes": "{\"15\": \"46\"}",
      "track_inventory": true,
      "quantity": 1219,
      "quantity_allocated": 8,
      "cost_price": {
        "_type": "Money",
        "amount": "1.00",
        "currency": "USD"
      },
      "weight": "1.0 kg"
    }
  },
  {
    "model": "product.productvariant",
    "pk": 203,
    "fields": {
      "sku": "43226647",
      "name": "1l",
      "price_override": {
        "_type": "Money",
        "amount": "5.00",
        "currency": "USD"
      },
      "product": 72,
      "attributes": "{\"15\": \"47\"}",
      "track_inventory": true,
      "quantity": 180,
      "quantity_allocated": 5,
      "cost_price": {
        "_type": "Money",
        "amount": "1.50",
        "currency": "USD"
      },
      "weight": "1.0 kg"
    }
  },
  {
    "model": "product.productvariant",
    "pk": 204,
    "fields": {
      "sku": "80884671",
      "name": "2l",
      "price_override": {
        "_type": "Money",
        "amount": "7.00",
        "currency": "USD"
      },
      "product": 72,
      "attributes": "{\"15\": \"48\"}",
      "track_inventory": true,
      "quantity": 224,
      "quantity_allocated": 13,
      "cost_price": {
        "_type": "Money",
        "amount": "2.00",
        "currency": "USD"
      },
      "weight": "2.0 kg"
    }
  },
  {
    "model": "product.productvariant",
    "pk": 205,
    "fields": {
      "sku": "67882967",
      "name": "500ml",
      "price_override": null,
      "product": 73,
      "attributes": "{\"15\": \"46\"}",
      "track_inventory": true,
      "quantity": 1214,
      "quantity_allocated": 3,
      "cost_price": {
        "_type": "Money",
        "amount": "1.00",
        "currency": "USD"
      },
      "weight": "1.0 kg"
    }
  },
  {
    "model": "product.productvariant",
    "pk": 206,
    "fields": {
      "sku": "14925419",
      "name": "1l",
      "price_override": {
        "_type": "Money",
        "amount": "5.00",
        "currency": "USD"
      },
      "product": 73,
      "attributes": "{\"15\": \"47\"}",
      "track_inventory": true,
      "quantity": 181,
      "quantity_allocated": 6,
      "cost_price": {
        "_type": "Money",
        "amount": "1.50",
        "currency": "USD"
      },
      "weight": "1.0 kg"
    }
  },
  {
    "model": "product.productvariant",
    "pk": 207,
    "fields": {
      "sku": "62426105",
      "name": "2l",
      "price_override": {
        "_type": "Money",
        "amount": "7.00",
        "currency": "USD"
      },
      "product": 73,
      "attributes": "{\"15\": \"48\"}",
      "track_inventory": true,
      "quantity": 215,
      "quantity_allocated": 4,
      "cost_price": {
        "_type": "Money",
        "amount": "2.00",
        "currency": "USD"
      },
      "weight": "2.0 kg"
    }
  },
  {
    "model": "product.productvariant",
    "pk": 208,
    "fields": {
      "sku": "45328412",
      "name": "500ml",
      "price_override": null,
      "product": 74,
      "attributes": "{\"15\": \"46\"}",
      "track_inventory": true,
      "quantity": 1214,
      "quantity_allocated": 3,
      "cost_price": {
        "_type": "Money",
        "amount": "1.00",
        "currency": "USD"
      },
      "weight": "1.0 kg"
    }
  },
  {
    "model": "product.productvariant",
    "pk": 209,
    "fields": {
      "sku": "27512590",
      "name": "1l",
      "price_override": {
        "_type": "Money",
        "amount": "5.00",
        "currency": "USD"
      },
      "product": 74,
      "attributes": "{\"15\": \"47\"}",
      "track_inventory": true,
      "quantity": 184,
      "quantity_allocated": 9,
      "cost_price": {
        "_type": "Money",
        "amount": "1.50",
        "currency": "USD"
      },
      "weight": "1.0 kg"
    }
  },
  {
    "model": "product.productvariant",
    "pk": 210,
    "fields": {
      "sku": "40636347",
      "name": "2l",
      "price_override": {
        "_type": "Money",
        "amount": "7.00",
        "currency": "USD"
      },
      "product": 74,
      "attributes": "{\"15\": \"48\"}",
      "track_inventory": true,
      "quantity": 215,
      "quantity_allocated": 4,
      "cost_price": {
        "_type": "Money",
        "amount": "2.00",
        "currency": "USD"
      },
      "weight": "2.0 kg"
    }
  },
  {
    "model": "product.productvariant",
    "pk": 211,
    "fields": {
      "sku": "43200242",
      "name": "500ml",
      "price_override": null,
      "product": 75,
      "attributes": "{\"15\": \"46\"}",
      "track_inventory": true,
      "quantity": 1219,
      "quantity_allocated": 8,
      "cost_price": {
        "_type": "Money",
        "amount": "1.00",
        "currency": "USD"
      },
      "weight": "1.0 kg"
    }
  },
  {
    "model": "product.productvariant",
    "pk": 212,
    "fields": {
      "sku": "79129513",
      "name": "1l",
      "price_override": {
        "_type": "Money",
        "amount": "5.00",
        "currency": "USD"
      },
      "product": 75,
      "attributes": "{\"15\": \"47\"}",
      "track_inventory": true,
      "quantity": 181,
      "quantity_allocated": 6,
      "cost_price": {
        "_type": "Money",
        "amount": "1.50",
        "currency": "USD"
      },
      "weight": "1.0 kg"
    }
  },
  {
    "model": "product.productvariant",
    "pk": 213,
    "fields": {
      "sku": "75799450",
      "name": "2l",
      "price_override": {
        "_type": "Money",
        "amount": "7.00",
        "currency": "USD"
      },
      "product": 75,
      "attributes": "{\"15\": \"48\"}",
      "track_inventory": true,
      "quantity": 224,
      "quantity_allocated": 13,
      "cost_price": {
        "_type": "Money",
        "amount": "2.00",
        "currency": "USD"
      },
      "weight": "2.0 kg"
    }
  },
  {
    "model": "product.productvariant",
    "pk": 214,
    "fields": {
      "sku": "3944859",
      "name": "500ml",
      "price_override": null,
      "product": 76,
      "attributes": "{\"15\": \"46\"}",
      "track_inventory": true,
      "quantity": 1217,
      "quantity_allocated": 6,
      "cost_price": {
        "_type": "Money",
        "amount": "1.00",
        "currency": "USD"
      },
      "weight": "1.0 kg"
    }
  },
  {
    "model": "product.productvariant",
    "pk": 215,
    "fields": {
      "sku": "5829405",
      "name": "1l",
      "price_override": {
        "_type": "Money",
        "amount": "5.00",
        "currency": "USD"
      },
      "product": 76,
      "attributes": "{\"15\": \"47\"}",
      "track_inventory": true,
      "quantity": 179,
      "quantity_allocated": 4,
      "cost_price": {
        "_type": "Money",
        "amount": "1.50",
        "currency": "USD"
      },
      "weight": "1.0 kg"
    }
  },
  {
    "model": "product.productvariant",
    "pk": 216,
    "fields": {
      "sku": "84725784",
      "name": "2l",
      "price_override": {
        "_type": "Money",
        "amount": "7.00",
        "currency": "USD"
      },
      "product": 76,
      "attributes": "{\"15\": \"48\"}",
      "track_inventory": true,
      "quantity": 233,
      "quantity_allocated": 22,
      "cost_price": {
        "_type": "Money",
        "amount": "2.00",
        "currency": "USD"
      },
      "weight": "2.0 kg"
    }
  },
  {
    "model": "product.productvariant",
    "pk": 217,
    "fields": {
      "sku": "70058446",
      "name": "500ml",
      "price_override": null,
      "product": 77,
      "attributes": "{\"15\": \"46\"}",
      "track_inventory": true,
      "quantity": 1218,
      "quantity_allocated": 7,
      "cost_price": {
        "_type": "Money",
        "amount": "1.00",
        "currency": "USD"
      },
      "weight": "1.0 kg"
    }
  },
  {
    "model": "product.productvariant",
    "pk": 218,
    "fields": {
      "sku": "94044081",
      "name": "1l",
      "price_override": {
        "_type": "Money",
        "amount": "5.00",
        "currency": "USD"
      },
      "product": 77,
      "attributes": "{\"15\": \"47\"}",
      "track_inventory": true,
      "quantity": 177,
      "quantity_allocated": 2,
      "cost_price": {
        "_type": "Money",
        "amount": "1.50",
        "currency": "USD"
      },
      "weight": "1.0 kg"
    }
  },
  {
    "model": "product.productvariant",
    "pk": 219,
    "fields": {
      "sku": "80696397",
      "name": "2l",
      "price_override": {
        "_type": "Money",
        "amount": "7.00",
        "currency": "USD"
      },
      "product": 77,
      "attributes": "{\"15\": \"48\"}",
      "track_inventory": true,
      "quantity": 217,
      "quantity_allocated": 6,
      "cost_price": {
        "_type": "Money",
        "amount": "2.00",
        "currency": "USD"
      },
      "weight": "2.0 kg"
    }
  },
  {
    "model": "product.productvariant",
    "pk": 220,
    "fields": {
      "sku": "60752428",
      "name": "500ml",
      "price_override": null,
      "product": 78,
      "attributes": "{\"15\": \"46\"}",
      "track_inventory": true,
      "quantity": 1216,
      "quantity_allocated": 5,
      "cost_price": {
        "_type": "Money",
        "amount": "1.00",
        "currency": "USD"
      },
      "weight": "1.0 kg"
    }
  },
  {
    "model": "product.productvariant",
    "pk": 221,
    "fields": {
      "sku": "81470859",
      "name": "1l",
      "price_override": {
        "_type": "Money",
        "amount": "5.00",
        "currency": "USD"
      },
      "product": 78,
      "attributes": "{\"15\": \"47\"}",
      "track_inventory": true,
      "quantity": 180,
      "quantity_allocated": 5,
      "cost_price": {
        "_type": "Money",
        "amount": "1.50",
        "currency": "USD"
      },
      "weight": "1.0 kg"
    }
  },
  {
    "model": "product.productvariant",
    "pk": 222,
    "fields": {
      "sku": "30635751",
      "name": "2l",
      "price_override": {
        "_type": "Money",
        "amount": "7.00",
        "currency": "USD"
      },
      "product": 78,
      "attributes": "{\"15\": \"48\"}",
      "track_inventory": true,
      "quantity": 215,
      "quantity_allocated": 4,
      "cost_price": {
        "_type": "Money",
        "amount": "2.00",
        "currency": "USD"
      },
      "weight": "2.0 kg"
    }
  },
  {
    "model": "product.productvariant",
    "pk": 223,
    "fields": {
      "sku": "57211177",
      "name": "500ml",
      "price_override": null,
      "product": 79,
      "attributes": "{\"15\": \"46\"}",
      "track_inventory": true,
      "quantity": 1226,
      "quantity_allocated": 15,
      "cost_price": {
        "_type": "Money",
        "amount": "1.00",
        "currency": "USD"
      },
      "weight": "1.0 kg"
    }
  },
  {
    "model": "product.productvariant",
    "pk": 224,
    "fields": {
      "sku": "57423879",
      "name": "1l",
      "price_override": {
        "_type": "Money",
        "amount": "5.00",
        "currency": "USD"
      },
      "product": 79,
      "attributes": "{\"15\": \"47\"}",
      "track_inventory": true,
      "quantity": 177,
      "quantity_allocated": 2,
      "cost_price": {
        "_type": "Money",
        "amount": "1.50",
        "currency": "USD"
      },
      "weight": "1.0 kg"
    }
  },
  {
    "model": "product.productvariant",
    "pk": 225,
    "fields": {
      "sku": "21438542",
      "name": "2l",
      "price_override": {
        "_type": "Money",
        "amount": "7.00",
        "currency": "USD"
      },
      "product": 79,
      "attributes": "{\"15\": \"48\"}",
      "track_inventory": true,
      "quantity": 228,
      "quantity_allocated": 17,
      "cost_price": {
        "_type": "Money",
        "amount": "2.00",
        "currency": "USD"
      },
      "weight": "2.0 kg"
    }
  },
  {
    "model": "product.productvariant",
    "pk": 242,
    "fields": {
      "sku": "398323583",
      "name": "39",
      "price_override": null,
      "product": 87,
      "attributes": "{\"24\": \"75\"}",
      "track_inventory": true,
      "quantity": 9125,
      "quantity_allocated": 4,
      "cost_price": {
        "_type": "Money",
        "amount": "20.00",
        "currency": "USD"
      },
      "weight": "0.0 kg"
    }
  },
  {
    "model": "product.productvariant",
    "pk": 243,
    "fields": {
      "sku": "398323584",
      "name": "40",
      "price_override": null,
      "product": 87,
      "attributes": "{\"24\": \"76\"}",
      "track_inventory": true,
      "quantity": 5,
      "quantity_allocated": 4,
      "cost_price": {
        "_type": "Money",
        "amount": "20.00",
        "currency": "USD"
      },
      "weight": "0.0 kg"
    }
  },
  {
    "model": "product.productvariant",
    "pk": 244,
    "fields": {
      "sku": "398323585",
      "name": "41",
      "price_override": null,
      "product": 87,
      "attributes": "{\"24\": \"77\"}",
      "track_inventory": true,
      "quantity": 1,
      "quantity_allocated": 0,
      "cost_price": {
        "_type": "Money",
        "amount": "20.00",
        "currency": "USD"
      },
      "weight": "0.0 kg"
    }
  },
  {
    "model": "product.productvariant",
    "pk": 245,
    "fields": {
      "sku": "398323586",
      "name": "42",
      "price_override": null,
      "product": 87,
      "attributes": "{\"24\": \"78\"}",
      "track_inventory": true,
      "quantity": 131,
      "quantity_allocated": 0,
      "cost_price": {
        "_type": "Money",
        "amount": "20.00",
        "currency": "USD"
      },
      "weight": "0.0 kg"
    }
  },
  {
    "model": "product.productvariant",
    "pk": 246,
    "fields": {
      "sku": "398323588",
      "name": "43",
      "price_override": null,
      "product": 87,
      "attributes": "{\"24\": \"79\"}",
      "track_inventory": true,
      "quantity": 875,
      "quantity_allocated": 14,
      "cost_price": {
        "_type": "Money",
        "amount": "20.00",
        "currency": "USD"
      },
      "weight": "0.0 kg"
    }
  },
  {
    "model": "product.productvariant",
    "pk": 247,
    "fields": {
      "sku": "993223583",
      "name": "40",
      "price_override": null,
      "product": 88,
      "attributes": "{\"24\": \"76\"}",
      "track_inventory": true,
      "quantity": 7612,
      "quantity_allocated": 1,
      "cost_price": {
        "_type": "Money",
        "amount": "10.00",
        "currency": "USD"
      },
      "weight": "1.0 kg"
    }
  },
  {
    "model": "product.productvariant",
    "pk": 248,
    "fields": {
      "sku": "978223582",
      "name": "41",
      "price_override": null,
      "product": 88,
      "attributes": "{\"24\": \"77\"}",
      "track_inventory": true,
      "quantity": 971,
      "quantity_allocated": 0,
      "cost_price": {
        "_type": "Money",
        "amount": "20.00",
        "currency": "USD"
      },
      "weight": "1.0 kg"
    }
  },
  {
    "model": "product.productvariant",
    "pk": 249,
    "fields": {
      "sku": "918323583",
      "name": "40",
      "price_override": null,
      "product": 88,
      "attributes": "{\"24\": \"76\"}",
      "track_inventory": true,
      "quantity": 0,
      "quantity_allocated": 0,
      "cost_price": null,
      "weight": "2.0 kg"
    }
  },
  {
    "model": "product.productvariant",
    "pk": 250,
    "fields": {
      "sku": "918223582",
      "name": "45",
      "price_override": null,
      "product": 88,
      "attributes": "{\"24\": \"81\"}",
      "track_inventory": true,
      "quantity": 6,
      "quantity_allocated": 6,
      "cost_price": {
        "_type": "Money",
        "amount": "20.00",
        "currency": "USD"
      },
      "weight": "2.0 kg"
    }
  },
  {
    "model": "product.productvariant",
    "pk": 251,
    "fields": {
      "sku": "988323583",
      "name": "S",
      "price_override": null,
      "product": 89,
      "attributes": "{\"13\": \"36\"}",
      "track_inventory": true,
      "quantity": 1215,
      "quantity_allocated": 2,
      "cost_price": {
        "_type": "Money",
        "amount": "10.00",
        "currency": "USD"
      },
      "weight": "0.0 kg"
    }
  },
  {
    "model": "product.productvariant",
    "pk": 252,
    "fields": {
      "sku": "338223582",
      "name": "M",
      "price_override": null,
      "product": 89,
      "attributes": "{\"13\": \"37\"}",
      "track_inventory": true,
      "quantity": 4,
      "quantity_allocated": 3,
      "cost_price": {
        "_type": "Money",
        "amount": "10.00",
        "currency": "USD"
      },
      "weight": "0.0 kg"
    }
  },
  {
    "model": "product.productvariant",
    "pk": 253,
    "fields": {
      "sku": "118223591",
      "name": "L",
      "price_override": null,
      "product": 89,
      "attributes": "{\"13\": \"38\"}",
      "track_inventory": true,
      "quantity": 9818,
      "quantity_allocated": 0,
      "cost_price": {
        "_type": "Money",
        "amount": "10.00",
        "currency": "USD"
      },
      "weight": "0.0 kg"
    }
  },
  {
    "model": "product.productvariant",
    "pk": 254,
    "fields": {
      "sku": "448323583",
      "name": "XL",
      "price_override": null,
      "product": 89,
      "attributes": "{\"13\": \"39\"}",
      "track_inventory": true,
      "quantity": 1,
      "quantity_allocated": 0,
      "cost_price": {
        "_type": "Money",
        "amount": "10.00",
        "currency": "USD"
      },
      "weight": "0.0 kg"
    }
  },
  {
    "model": "product.productvariant",
    "pk": 255,
    "fields": {
      "sku": "3128223583",
      "name": "XXL",
      "price_override": null,
      "product": 89,
      "attributes": "{\"13\": \"40\"}",
      "track_inventory": true,
      "quantity": 5794,
      "quantity_allocated": 3,
      "cost_price": {
        "_type": "Money",
        "amount": "10.00",
        "currency": "USD"
      },
      "weight": "0.0 kg"
    }
  },
  {
    "model": "product.productvariant",
    "pk": 256,
    "fields": {
      "sku": "29716755",
      "name": "S",
      "price_override": null,
      "product": 107,
      "attributes": "{\"13\": \"36\"}",
      "track_inventory": true,
      "quantity": 1223,
      "quantity_allocated": 10,
      "cost_price": {
        "_type": "Money",
        "amount": "10.00",
        "currency": "USD"
      },
      "weight": "0.0 kg"
    }
  },
  {
    "model": "product.productvariant",
    "pk": 257,
    "fields": {
      "sku": "66594736",
      "name": "M",
      "price_override": null,
      "product": 107,
      "attributes": "{\"13\": \"37\"}",
      "track_inventory": true,
      "quantity": 8,
      "quantity_allocated": 7,
      "cost_price": {
        "_type": "Money",
        "amount": "10.00",
        "currency": "USD"
      },
      "weight": "0.0 kg"
    }
  },
  {
    "model": "product.productvariant",
    "pk": 258,
    "fields": {
      "sku": "50269944",
      "name": "L",
      "price_override": null,
      "product": 107,
      "attributes": "{\"13\": \"38\"}",
      "track_inventory": true,
      "quantity": 9818,
      "quantity_allocated": 0,
      "cost_price": {
        "_type": "Money",
        "amount": "10.00",
        "currency": "USD"
      },
      "weight": "0.0 kg"
    }
  },
  {
    "model": "product.productvariant",
    "pk": 259,
    "fields": {
      "sku": "31352185",
      "name": "XL",
      "price_override": null,
      "product": 107,
      "attributes": "{\"13\": \"39\"}",
      "track_inventory": true,
      "quantity": 1,
      "quantity_allocated": 0,
      "cost_price": {
        "_type": "Money",
        "amount": "10.00",
        "currency": "USD"
      },
      "weight": "0.0 kg"
    }
  },
  {
    "model": "product.productvariant",
    "pk": 260,
    "fields": {
      "sku": "85364796",
      "name": "XXL",
      "price_override": null,
      "product": 107,
      "attributes": "{\"13\": \"40\"}",
      "track_inventory": true,
      "quantity": 5796,
      "quantity_allocated": 5,
      "cost_price": {
        "_type": "Money",
        "amount": "10.00",
        "currency": "USD"
      },
      "weight": "0.0 kg"
    }
  },
  {
    "model": "product.productvariant",
    "pk": 261,
    "fields": {
      "sku": "44026421",
      "name": "S",
      "price_override": null,
      "product": 108,
      "attributes": "{\"13\": \"36\"}",
      "track_inventory": true,
      "quantity": 1218,
      "quantity_allocated": 5,
      "cost_price": {
        "_type": "Money",
        "amount": "10.00",
        "currency": "USD"
      },
      "weight": "0.0 kg"
    }
  },
  {
    "model": "product.productvariant",
    "pk": 262,
    "fields": {
      "sku": "90892602",
      "name": "M",
      "price_override": null,
      "product": 108,
      "attributes": "{\"13\": \"37\"}",
      "track_inventory": true,
      "quantity": 1,
      "quantity_allocated": 0,
      "cost_price": {
        "_type": "Money",
        "amount": "10.00",
        "currency": "USD"
      },
      "weight": "0.0 kg"
    }
  },
  {
    "model": "product.productvariant",
    "pk": 263,
    "fields": {
      "sku": "59014392",
      "name": "L",
      "price_override": null,
      "product": 108,
      "attributes": "{\"13\": \"38\"}",
      "track_inventory": true,
      "quantity": 9818,
      "quantity_allocated": 0,
      "cost_price": {
        "_type": "Money",
        "amount": "10.00",
        "currency": "USD"
      },
      "weight": "0.0 kg"
    }
  },
  {
    "model": "product.productvariant",
    "pk": 264,
    "fields": {
      "sku": "43659438",
      "name": "XL",
      "price_override": null,
      "product": 108,
      "attributes": "{\"13\": \"39\"}",
      "track_inventory": true,
      "quantity": 1,
      "quantity_allocated": 0,
      "cost_price": {
        "_type": "Money",
        "amount": "10.00",
        "currency": "USD"
      },
      "weight": "0.0 kg"
    }
  },
  {
    "model": "product.productvariant",
    "pk": 265,
    "fields": {
      "sku": "60597697",
      "name": "XXL",
      "price_override": null,
      "product": 108,
      "attributes": "{\"13\": \"40\"}",
      "track_inventory": true,
      "quantity": 5811,
      "quantity_allocated": 20,
      "cost_price": {
        "_type": "Money",
        "amount": "10.00",
        "currency": "USD"
      },
      "weight": "0.0 kg"
    }
  },
  {
    "model": "product.productvariant",
    "pk": 266,
    "fields": {
      "sku": "26592266",
      "name": "S",
      "price_override": null,
      "product": 109,
      "attributes": "{\"13\": \"36\"}",
      "track_inventory": true,
      "quantity": 1213,
      "quantity_allocated": 0,
      "cost_price": {
        "_type": "Money",
        "amount": "10.00",
        "currency": "USD"
      },
      "weight": "0.0 kg"
    }
  },
  {
    "model": "product.productvariant",
    "pk": 267,
    "fields": {
      "sku": "36260498",
      "name": "M",
      "price_override": null,
      "product": 109,
      "attributes": "{\"13\": \"37\"}",
      "track_inventory": true,
      "quantity": 2,
      "quantity_allocated": 1,
      "cost_price": {
        "_type": "Money",
        "amount": "10.00",
        "currency": "USD"
      },
      "weight": "0.0 kg"
    }
  },
  {
    "model": "product.productvariant",
    "pk": 268,
    "fields": {
      "sku": "37558859",
      "name": "L",
      "price_override": null,
      "product": 109,
      "attributes": "{\"13\": \"38\"}",
      "track_inventory": true,
      "quantity": 9818,
      "quantity_allocated": 0,
      "cost_price": {
        "_type": "Money",
        "amount": "10.00",
        "currency": "USD"
      },
      "weight": "0.0 kg"
    }
  },
  {
    "model": "product.productvariant",
    "pk": 269,
    "fields": {
      "sku": "19402012",
      "name": "XL",
      "price_override": null,
      "product": 109,
      "attributes": "{\"13\": \"39\"}",
      "track_inventory": true,
      "quantity": 1,
      "quantity_allocated": 0,
      "cost_price": {
        "_type": "Money",
        "amount": "10.00",
        "currency": "USD"
      },
      "weight": "0.0 kg"
    }
  },
  {
    "model": "product.productvariant",
    "pk": 270,
    "fields": {
      "sku": "17570141",
      "name": "XXL",
      "price_override": null,
      "product": 109,
      "attributes": "{\"13\": \"40\"}",
      "track_inventory": true,
      "quantity": 5810,
      "quantity_allocated": 19,
      "cost_price": {
        "_type": "Money",
        "amount": "10.00",
        "currency": "USD"
      },
      "weight": "0.0 kg"
    }
  },
  {
    "model": "product.productvariant",
    "pk": 271,
    "fields": {
      "sku": "98530976",
      "name": "S",
      "price_override": null,
      "product": 110,
      "attributes": "{\"13\": \"36\"}",
      "track_inventory": true,
      "quantity": 1216,
      "quantity_allocated": 3,
      "cost_price": {
        "_type": "Money",
        "amount": "10.00",
        "currency": "USD"
      },
      "weight": "0.0 kg"
    }
  },
  {
    "model": "product.productvariant",
    "pk": 272,
    "fields": {
      "sku": "46806935",
      "name": "M",
      "price_override": null,
      "product": 110,
      "attributes": "{\"13\": \"37\"}",
      "track_inventory": true,
      "quantity": 8,
      "quantity_allocated": 7,
      "cost_price": {
        "_type": "Money",
        "amount": "10.00",
        "currency": "USD"
      },
      "weight": "0.0 kg"
    }
  },
  {
    "model": "product.productvariant",
    "pk": 273,
    "fields": {
      "sku": "71103052",
      "name": "L",
      "price_override": null,
      "product": 110,
      "attributes": "{\"13\": \"38\"}",
      "track_inventory": true,
      "quantity": 9818,
      "quantity_allocated": 0,
      "cost_price": {
        "_type": "Money",
        "amount": "10.00",
        "currency": "USD"
      },
      "weight": "0.0 kg"
    }
  },
  {
    "model": "product.productvariant",
    "pk": 274,
    "fields": {
      "sku": "84812015",
      "name": "XL",
      "price_override": null,
      "product": 110,
      "attributes": "{\"13\": \"39\"}",
      "track_inventory": true,
      "quantity": 1,
      "quantity_allocated": 0,
      "cost_price": {
        "_type": "Money",
        "amount": "10.00",
        "currency": "USD"
      },
      "weight": "0.0 kg"
    }
  },
  {
    "model": "product.productvariant",
    "pk": 275,
    "fields": {
      "sku": "89820261",
      "name": "XXL",
      "price_override": null,
      "product": 110,
      "attributes": "{\"13\": \"40\"}",
      "track_inventory": true,
      "quantity": 5805,
      "quantity_allocated": 14,
      "cost_price": {
        "_type": "Money",
        "amount": "10.00",
        "currency": "USD"
      },
      "weight": "0.0 kg"
    }
  },
  {
    "model": "product.productvariant",
    "pk": 276,
    "fields": {
      "sku": "81115323",
      "name": "S",
      "price_override": null,
      "product": 111,
      "attributes": "{\"13\": \"36\"}",
      "track_inventory": true,
      "quantity": 1215,
      "quantity_allocated": 2,
      "cost_price": {
        "_type": "Money",
        "amount": "10.00",
        "currency": "USD"
      },
      "weight": "0.0 kg"
    }
  },
  {
    "model": "product.productvariant",
    "pk": 277,
    "fields": {
      "sku": "38254631",
      "name": "M",
      "price_override": null,
      "product": 111,
      "attributes": "{\"13\": \"37\"}",
      "track_inventory": true,
      "quantity": 6,
      "quantity_allocated": 5,
      "cost_price": {
        "_type": "Money",
        "amount": "10.00",
        "currency": "USD"
      },
      "weight": "0.0 kg"
    }
  },
  {
    "model": "product.productvariant",
    "pk": 278,
    "fields": {
      "sku": "11511539",
      "name": "L",
      "price_override": null,
      "product": 111,
      "attributes": "{\"13\": \"38\"}",
      "track_inventory": true,
      "quantity": 9820,
      "quantity_allocated": 2,
      "cost_price": {
        "_type": "Money",
        "amount": "10.00",
        "currency": "USD"
      },
      "weight": "0.0 kg"
    }
  },
  {
    "model": "product.productvariant",
    "pk": 279,
    "fields": {
      "sku": "84192227",
      "name": "XL",
      "price_override": null,
      "product": 111,
      "attributes": "{\"13\": \"39\"}",
      "track_inventory": true,
      "quantity": 1,
      "quantity_allocated": 0,
      "cost_price": {
        "_type": "Money",
        "amount": "10.00",
        "currency": "USD"
      },
      "weight": "0.0 kg"
    }
  },
  {
    "model": "product.productvariant",
    "pk": 280,
    "fields": {
      "sku": "91642659",
      "name": "XXL",
      "price_override": null,
      "product": 111,
      "attributes": "{\"13\": \"40\"}",
      "track_inventory": true,
      "quantity": 5794,
      "quantity_allocated": 3,
      "cost_price": {
        "_type": "Money",
        "amount": "10.00",
        "currency": "USD"
      },
      "weight": "0.0 kg"
    }
  },
  {
    "model": "product.productvariant",
    "pk": 281,
    "fields": {
      "sku": "76491340",
      "name": "S",
      "price_override": null,
      "product": 112,
      "attributes": "{\"13\": \"36\"}",
      "track_inventory": true,
      "quantity": 1217,
      "quantity_allocated": 4,
      "cost_price": {
        "_type": "Money",
        "amount": "10.00",
        "currency": "USD"
      },
      "weight": "0.0 kg"
    }
  },
  {
    "model": "product.productvariant",
    "pk": 282,
    "fields": {
      "sku": "55101176",
      "name": "M",
      "price_override": null,
      "product": 112,
      "attributes": "{\"13\": \"37\"}",
      "track_inventory": true,
      "quantity": 4,
      "quantity_allocated": 3,
      "cost_price": {
        "_type": "Money",
        "amount": "10.00",
        "currency": "USD"
      },
      "weight": "0.0 kg"
    }
  },
  {
    "model": "product.productvariant",
    "pk": 283,
    "fields": {
      "sku": "28094954",
      "name": "L",
      "price_override": null,
      "product": 112,
      "attributes": "{\"13\": \"38\"}",
      "track_inventory": true,
      "quantity": 9822,
      "quantity_allocated": 4,
      "cost_price": {
        "_type": "Money",
        "amount": "10.00",
        "currency": "USD"
      },
      "weight": "0.0 kg"
    }
  },
  {
    "model": "product.productvariant",
    "pk": 284,
    "fields": {
      "sku": "40232182",
      "name": "XL",
      "price_override": null,
      "product": 112,
      "attributes": "{\"13\": \"39\"}",
      "track_inventory": true,
      "quantity": 3,
      "quantity_allocated": 2,
      "cost_price": {
        "_type": "Money",
        "amount": "10.00",
        "currency": "USD"
      },
      "weight": "0.0 kg"
    }
  },
  {
    "model": "product.productvariant",
    "pk": 285,
    "fields": {
      "sku": "21522631",
      "name": "XXL",
      "price_override": null,
      "product": 112,
      "attributes": "{\"13\": \"40\"}",
      "track_inventory": true,
      "quantity": 5804,
      "quantity_allocated": 13,
      "cost_price": {
        "_type": "Money",
        "amount": "10.00",
        "currency": "USD"
      },
      "weight": "0.0 kg"
    }
  },
  {
    "model": "product.productvariant",
    "pk": 286,
    "fields": {
      "sku": "29810068",
      "name": "S",
      "price_override": null,
      "product": 113,
      "attributes": "{\"13\": \"36\"}",
      "track_inventory": true,
      "quantity": 1213,
      "quantity_allocated": 0,
      "cost_price": {
        "_type": "Money",
        "amount": "10.00",
        "currency": "USD"
      },
      "weight": "0.0 kg"
    }
  },
  {
    "model": "product.productvariant",
    "pk": 287,
    "fields": {
      "sku": "57917658",
      "name": "M",
      "price_override": null,
      "product": 113,
      "attributes": "{\"13\": \"37\"}",
      "track_inventory": true,
      "quantity": 6,
      "quantity_allocated": 5,
      "cost_price": {
        "_type": "Money",
        "amount": "10.00",
        "currency": "USD"
      },
      "weight": "0.0 kg"
    }
  },
  {
    "model": "product.productvariant",
    "pk": 288,
    "fields": {
      "sku": "42680611",
      "name": "L",
      "price_override": null,
      "product": 113,
      "attributes": "{\"13\": \"38\"}",
      "track_inventory": true,
      "quantity": 9818,
      "quantity_allocated": 0,
      "cost_price": {
        "_type": "Money",
        "amount": "10.00",
        "currency": "USD"
      },
      "weight": "0.0 kg"
    }
  },
  {
    "model": "product.productvariant",
    "pk": 289,
    "fields": {
      "sku": "72289815",
      "name": "XL",
      "price_override": null,
      "product": 113,
      "attributes": "{\"13\": \"39\"}",
      "track_inventory": true,
      "quantity": 1,
      "quantity_allocated": 0,
      "cost_price": {
        "_type": "Money",
        "amount": "10.00",
        "currency": "USD"
      },
      "weight": "0.0 kg"
    }
  },
  {
    "model": "product.productvariant",
    "pk": 290,
    "fields": {
      "sku": "98653891",
      "name": "XXL",
      "price_override": null,
      "product": 113,
      "attributes": "{\"13\": \"40\"}",
      "track_inventory": true,
      "quantity": 5807,
      "quantity_allocated": 16,
      "cost_price": {
        "_type": "Money",
        "amount": "10.00",
        "currency": "USD"
      },
      "weight": "0.0 kg"
    }
  },
  {
    "model": "product.productvariant",
    "pk": 291,
    "fields": {
      "sku": "77306807",
      "name": "S",
      "price_override": null,
      "product": 114,
      "attributes": "{\"13\": \"36\"}",
      "track_inventory": true,
      "quantity": 1214,
      "quantity_allocated": 1,
      "cost_price": {
        "_type": "Money",
        "amount": "10.00",
        "currency": "USD"
      },
      "weight": "0.0 kg"
    }
  },
  {
    "model": "product.productvariant",
    "pk": 292,
    "fields": {
      "sku": "68848129",
      "name": "M",
      "price_override": null,
      "product": 114,
      "attributes": "{\"13\": \"37\"}",
      "track_inventory": true,
      "quantity": 3,
      "quantity_allocated": 2,
      "cost_price": {
        "_type": "Money",
        "amount": "10.00",
        "currency": "USD"
      },
      "weight": "0.0 kg"
    }
  },
  {
    "model": "product.productvariant",
    "pk": 293,
    "fields": {
      "sku": "35342696",
      "name": "L",
      "price_override": null,
      "product": 114,
      "attributes": "{\"13\": \"38\"}",
      "track_inventory": true,
      "quantity": 9818,
      "quantity_allocated": 0,
      "cost_price": {
        "_type": "Money",
        "amount": "10.00",
        "currency": "USD"
      },
      "weight": "0.0 kg"
    }
  },
  {
    "model": "product.productvariant",
    "pk": 294,
    "fields": {
      "sku": "98935349",
      "name": "XL",
      "price_override": null,
      "product": 114,
      "attributes": "{\"13\": \"39\"}",
      "track_inventory": true,
      "quantity": 1,
      "quantity_allocated": 0,
      "cost_price": {
        "_type": "Money",
        "amount": "10.00",
        "currency": "USD"
      },
      "weight": "0.0 kg"
    }
  },
  {
    "model": "product.productvariant",
    "pk": 295,
    "fields": {
      "sku": "45179543",
      "name": "XXL",
      "price_override": null,
      "product": 114,
      "attributes": "{\"13\": \"40\"}",
      "track_inventory": true,
      "quantity": 5793,
      "quantity_allocated": 2,
      "cost_price": {
        "_type": "Money",
        "amount": "10.00",
        "currency": "USD"
      },
      "weight": "0.0 kg"
    }
  },
  {
    "model": "product.productvariant",
    "pk": 296,
    "fields": {
      "sku": "62783187",
      "name": "S",
      "price_override": null,
      "product": 115,
      "attributes": "{\"13\": \"36\"}",
      "track_inventory": true,
      "quantity": 1216,
      "quantity_allocated": 3,
      "cost_price": {
        "_type": "Money",
        "amount": "10.00",
        "currency": "USD"
      },
      "weight": "0.0 kg"
    }
  },
  {
    "model": "product.productvariant",
    "pk": 297,
    "fields": {
      "sku": "91406604",
      "name": "M",
      "price_override": null,
      "product": 115,
      "attributes": "{\"13\": \"37\"}",
      "track_inventory": true,
      "quantity": 5,
      "quantity_allocated": 4,
      "cost_price": {
        "_type": "Money",
        "amount": "10.00",
        "currency": "USD"
      },
      "weight": "0.0 kg"
    }
  },
  {
    "model": "product.productvariant",
    "pk": 298,
    "fields": {
      "sku": "22119503",
      "name": "L",
      "price_override": null,
      "product": 115,
      "attributes": "{\"13\": \"38\"}",
      "track_inventory": true,
      "quantity": 9818,
      "quantity_allocated": 0,
      "cost_price": {
        "_type": "Money",
        "amount": "10.00",
        "currency": "USD"
      },
      "weight": "0.0 kg"
    }
  },
  {
    "model": "product.productvariant",
    "pk": 299,
    "fields": {
      "sku": "19230637",
      "name": "XL",
      "price_override": null,
      "product": 115,
      "attributes": "{\"13\": \"39\"}",
      "track_inventory": true,
      "quantity": 1,
      "quantity_allocated": 0,
      "cost_price": {
        "_type": "Money",
        "amount": "10.00",
        "currency": "USD"
      },
      "weight": "0.0 kg"
    }
  },
  {
    "model": "product.productvariant",
    "pk": 300,
    "fields": {
      "sku": "61630747",
      "name": "XXL",
      "price_override": null,
      "product": 115,
      "attributes": "{\"13\": \"40\"}",
      "track_inventory": true,
      "quantity": 5812,
      "quantity_allocated": 21,
      "cost_price": {
        "_type": "Money",
        "amount": "10.00",
        "currency": "USD"
      },
      "weight": "0.0 kg"
    }
  },
  {
    "model": "product.productvariant",
    "pk": 301,
    "fields": {
      "sku": "15744278",
      "name": "S",
      "price_override": null,
      "product": 116,
      "attributes": "{\"13\": \"36\"}",
      "track_inventory": true,
      "quantity": 1217,
      "quantity_allocated": 4,
      "cost_price": {
        "_type": "Money",
        "amount": "10.00",
        "currency": "USD"
      },
      "weight": "0.0 kg"
    }
  },
  {
    "model": "product.productvariant",
    "pk": 302,
    "fields": {
      "sku": "21599567",
      "name": "M",
      "price_override": null,
      "product": 116,
      "attributes": "{\"13\": \"37\"}",
      "track_inventory": true,
      "quantity": 8,
      "quantity_allocated": 7,
      "cost_price": {
        "_type": "Money",
        "amount": "10.00",
        "currency": "USD"
      },
      "weight": "0.0 kg"
    }
  },
  {
    "model": "product.productvariant",
    "pk": 303,
    "fields": {
      "sku": "65363253",
      "name": "L",
      "price_override": null,
      "product": 116,
      "attributes": "{\"13\": \"38\"}",
      "track_inventory": true,
      "quantity": 9821,
      "quantity_allocated": 3,
      "cost_price": {
        "_type": "Money",
        "amount": "10.00",
        "currency": "USD"
      },
      "weight": "0.0 kg"
    }
  },
  {
    "model": "product.productvariant",
    "pk": 304,
    "fields": {
      "sku": "51987722",
      "name": "XL",
      "price_override": null,
      "product": 116,
      "attributes": "{\"13\": \"39\"}",
      "track_inventory": true,
      "quantity": 6,
      "quantity_allocated": 5,
      "cost_price": {
        "_type": "Money",
        "amount": "10.00",
        "currency": "USD"
      },
      "weight": "0.0 kg"
    }
  },
  {
    "model": "product.productvariant",
    "pk": 305,
    "fields": {
      "sku": "43313080",
      "name": "XXL",
      "price_override": null,
      "product": 116,
      "attributes": "{\"13\": \"40\"}",
      "track_inventory": true,
      "quantity": 5800,
      "quantity_allocated": 9,
      "cost_price": {
        "_type": "Money",
        "amount": "10.00",
        "currency": "USD"
      },
      "weight": "0.0 kg"
    }
  },
  {
    "model": "product.productvariant",
    "pk": 306,
    "fields": {
      "sku": "33963052",
      "name": "S",
      "price_override": null,
      "product": 117,
      "attributes": "{\"13\": \"36\"}",
      "track_inventory": true,
      "quantity": 1214,
      "quantity_allocated": 1,
      "cost_price": {
        "_type": "Money",
        "amount": "10.00",
        "currency": "USD"
      },
      "weight": "0.0 kg"
    }
  },
  {
    "model": "product.productvariant",
    "pk": 307,
    "fields": {
      "sku": "66846240",
      "name": "M",
      "price_override": null,
      "product": 117,
      "attributes": "{\"13\": \"37\"}",
      "track_inventory": true,
      "quantity": 12,
      "quantity_allocated": 11,
      "cost_price": {
        "_type": "Money",
        "amount": "10.00",
        "currency": "USD"
      },
      "weight": "0.0 kg"
    }
  },
  {
    "model": "product.productvariant",
    "pk": 308,
    "fields": {
      "sku": "55365141",
      "name": "L",
      "price_override": null,
      "product": 117,
      "attributes": "{\"13\": \"38\"}",
      "track_inventory": true,
      "quantity": 9818,
      "quantity_allocated": 0,
      "cost_price": {
        "_type": "Money",
        "amount": "10.00",
        "currency": "USD"
      },
      "weight": "0.0 kg"
    }
  },
  {
    "model": "product.productvariant",
    "pk": 309,
    "fields": {
      "sku": "73186143",
      "name": "XL",
      "price_override": null,
      "product": 117,
      "attributes": "{\"13\": \"39\"}",
      "track_inventory": true,
      "quantity": 1,
      "quantity_allocated": 0,
      "cost_price": {
        "_type": "Money",
        "amount": "10.00",
        "currency": "USD"
      },
      "weight": "0.0 kg"
    }
  },
  {
    "model": "product.productvariant",
    "pk": 310,
    "fields": {
      "sku": "42651772",
      "name": "XXL",
      "price_override": null,
      "product": 117,
      "attributes": "{\"13\": \"40\"}",
      "track_inventory": true,
      "quantity": 5806,
      "quantity_allocated": 15,
      "cost_price": {
        "_type": "Money",
        "amount": "10.00",
        "currency": "USD"
      },
      "weight": "0.0 kg"
    }
  },
  {
    "model": "product.productvariant",
    "pk": 311,
    "fields": {
      "sku": "70760297",
      "name": "S",
      "price_override": null,
      "product": 118,
      "attributes": "{\"13\": \"36\"}",
      "track_inventory": true,
      "quantity": 1215,
      "quantity_allocated": 2,
      "cost_price": {
        "_type": "Money",
        "amount": "10.00",
        "currency": "USD"
      },
      "weight": "0.0 kg"
    }
  },
  {
    "model": "product.productvariant",
    "pk": 312,
    "fields": {
      "sku": "36334412",
      "name": "M",
      "price_override": null,
      "product": 118,
      "attributes": "{\"13\": \"37\"}",
      "track_inventory": true,
      "quantity": 13,
      "quantity_allocated": 12,
      "cost_price": {
        "_type": "Money",
        "amount": "10.00",
        "currency": "USD"
      },
      "weight": "0.0 kg"
    }
  },
  {
    "model": "product.productvariant",
    "pk": 313,
    "fields": {
      "sku": "35994675",
      "name": "L",
      "price_override": null,
      "product": 118,
      "attributes": "{\"13\": \"38\"}",
      "track_inventory": true,
      "quantity": 9818,
      "quantity_allocated": 0,
      "cost_price": {
        "_type": "Money",
        "amount": "10.00",
        "currency": "USD"
      },
      "weight": "0.0 kg"
    }
  },
  {
    "model": "product.productvariant",
    "pk": 314,
    "fields": {
      "sku": "10404946",
      "name": "XL",
      "price_override": null,
      "product": 118,
      "attributes": "{\"13\": \"39\"}",
      "track_inventory": true,
      "quantity": 1,
      "quantity_allocated": 0,
      "cost_price": {
        "_type": "Money",
        "amount": "10.00",
        "currency": "USD"
      },
      "weight": "0.0 kg"
    }
  },
  {
    "model": "product.productvariant",
    "pk": 315,
    "fields": {
      "sku": "45507483",
      "name": "XXL",
      "price_override": null,
      "product": 118,
      "attributes": "{\"13\": \"40\"}",
      "track_inventory": true,
      "quantity": 5794,
      "quantity_allocated": 3,
      "cost_price": {
        "_type": "Money",
        "amount": "10.00",
        "currency": "USD"
      },
      "weight": "0.0 kg"
    }
  },
  {
    "model": "product.attribute",
    "pk": 13,
    "fields": {
      "slug": "size",
      "name": "Size",
      "product_type": null,
      "product_variant_type": 14
    }
  },
  {
    "model": "product.attribute",
    "pk": 14,
    "fields": {
      "slug": "color",
      "name": "Color",
      "product_type": null,
      "product_variant_type": null
    }
  },
  {
    "model": "product.attribute",
    "pk": 15,
    "fields": {
      "slug": "bottle-size",
      "name": "Size",
      "product_type": 11,
      "product_variant_type": null
    }
  },
  {
    "model": "product.attribute",
    "pk": 16,
    "fields": {
      "slug": "flavor",
      "name": "Flavor",
      "product_type": 9,
      "product_variant_type": null
    }
  },
  {
    "model": "product.attribute",
    "pk": 18,
    "fields": {
      "slug": "bucket-size",
      "name": "Size",
      "product_type": null,
      "product_variant_type": 7
    }
  },
  {
    "model": "product.attribute",
    "pk": 19,
    "fields": {
      "slug": "medium",
      "name": "Medium",
      "product_type": null,
      "product_variant_type": 8
    }
  },
  {
    "model": "product.attribute",
    "pk": 20,
    "fields": {
      "slug": "volume",
      "name": "Volume",
      "product_type": 10,
      "product_variant_type": null
    }
  },
  {
    "model": "product.attribute",
    "pk": 21,
    "fields": {
      "slug": "abv",
      "name": "ABV",
      "product_type": 11,
      "product_variant_type": null
    }
  },
  {
    "model": "product.attribute",
    "pk": 22,
    "fields": {
      "slug": "cushion-size",
      "name": "Size",
      "product_type": null,
      "product_variant_type": 12
    }
  },
  {
    "model": "product.attribute",
    "pk": 23,
    "fields": {
      "slug": "material",
      "name": "Material",
      "product_type": 12,
      "product_variant_type": null
    }
  },
  {
    "model": "product.attribute",
    "pk": 24,
    "fields": {
      "slug": "shoe-size",
      "name": "Shoe size",
      "product_type": null,
      "product_variant_type": 13
    }
  },
  {
    "model": "product.attribute",
    "pk": 25,
    "fields": {
      "slug": "shirt-material",
      "name": "Material",
      "product_type": 14,
      "product_variant_type": null
    }
  },
  {
    "model": "product.attributevalue",
    "pk": 1,
    "fields": {
      "sort_order": 6,
      "name": "Pineapple",
      "value": "",
      "slug": "pineapple",
      "attribute": 16
    }
  },
  {
    "model": "product.attributevalue",
    "pk": 2,
    "fields": {
      "sort_order": 7,
      "name": "Coconut",
      "value": "",
      "slug": "coconut",
      "attribute": 16
    }
  },
  {
    "model": "product.attributevalue",
    "pk": 3,
    "fields": {
      "sort_order": 8,
      "name": "Apple",
      "value": "",
      "slug": "apple",
      "attribute": 16
    }
  },
  {
    "model": "product.attributevalue",
    "pk": 36,
    "fields": {
      "sort_order": 0,
      "name": "S",
      "value": "",
      "slug": "s",
      "attribute": 13
    }
  },
  {
    "model": "product.attributevalue",
    "pk": 37,
    "fields": {
      "sort_order": 1,
      "name": "M",
      "value": "",
      "slug": "m",
      "attribute": 13
    }
  },
  {
    "model": "product.attributevalue",
    "pk": 38,
    "fields": {
      "sort_order": 2,
      "name": "L",
      "value": "",
      "slug": "l",
      "attribute": 13
    }
  },
  {
    "model": "product.attributevalue",
    "pk": 39,
    "fields": {
      "sort_order": 3,
      "name": "XL",
      "value": "",
      "slug": "xl",
      "attribute": 13
    }
  },
  {
    "model": "product.attributevalue",
    "pk": 40,
    "fields": {
      "sort_order": 4,
      "name": "XXL",
      "value": "",
      "slug": "xxl",
      "attribute": 13
    }
  },
  {
    "model": "product.attributevalue",
    "pk": 41,
    "fields": {
      "sort_order": 0,
      "name": "White",
      "value": "",
      "slug": "white",
      "attribute": 14
    }
  },
  {
    "model": "product.attributevalue",
    "pk": 42,
    "fields": {
      "sort_order": 1,
      "name": "Blue",
      "value": "",
      "slug": "blue",
      "attribute": 14
    }
  },
  {
    "model": "product.attributevalue",
    "pk": 43,
    "fields": {
      "sort_order": 2,
      "name": "Orange",
      "value": "",
      "slug": "orange",
      "attribute": 14
    }
  },
  {
    "model": "product.attributevalue",
    "pk": 44,
    "fields": {
      "sort_order": 3,
      "name": "Black",
      "value": "",
      "slug": "black",
      "attribute": 14
    }
  },
  {
    "model": "product.attributevalue",
    "pk": 45,
    "fields": {
      "sort_order": 4,
      "name": "Cyan",
      "value": "",
      "slug": "cyan",
      "attribute": 14
    }
  },
  {
    "model": "product.attributevalue",
    "pk": 46,
    "fields": {
      "sort_order": 0,
      "name": "500ml",
      "value": "",
      "slug": "500ml",
      "attribute": 15
    }
  },
  {
    "model": "product.attributevalue",
    "pk": 47,
    "fields": {
      "sort_order": 1,
      "name": "1l",
      "value": "",
      "slug": "1l",
      "attribute": 15
    }
  },
  {
    "model": "product.attributevalue",
    "pk": 48,
    "fields": {
      "sort_order": 2,
      "name": "2l",
      "value": "",
      "slug": "2l",
      "attribute": 15
    }
  },
  {
    "model": "product.attributevalue",
    "pk": 49,
    "fields": {
      "sort_order": 0,
      "name": "Orange",
      "value": "",
      "slug": "orange",
      "attribute": 16
    }
  },
  {
    "model": "product.attributevalue",
    "pk": 50,
    "fields": {
      "sort_order": 1,
      "name": "Banana",
      "value": "",
      "slug": "banana",
      "attribute": 16
    }
  },
  {
    "model": "product.attributevalue",
    "pk": 51,
    "fields": {
      "sort_order": 2,
      "name": "Bean",
      "value": "",
      "slug": "bean",
      "attribute": 16
    }
  },
  {
    "model": "product.attributevalue",
    "pk": 52,
    "fields": {
      "sort_order": 3,
      "name": "Carrot",
      "value": "",
      "slug": "carrot",
      "attribute": 16
    }
  },
  {
    "model": "product.attributevalue",
    "pk": 53,
    "fields": {
      "sort_order": 4,
      "name": "Sprouty",
      "value": "",
      "slug": "sprouty",
      "attribute": 16
    }
  },
  {
    "model": "product.attributevalue",
    "pk": 54,
    "fields": {
      "sort_order": 5,
      "name": "Salty, like the tears of your enemy",
      "value": "",
      "slug": "salty-like-the-tears-of-your-enemy",
      "attribute": 16
    }
  },
  {
    "model": "product.attributevalue",
    "pk": 60,
    "fields": {
      "sort_order": 0,
      "name": "1l",
      "value": "",
      "slug": "1l",
      "attribute": 18
    }
  },
  {
    "model": "product.attributevalue",
    "pk": 61,
    "fields": {
      "sort_order": 1,
      "name": "2.5l",
      "value": "",
      "slug": "25l",
      "attribute": 18
    }
  },
  {
    "model": "product.attributevalue",
    "pk": 62,
    "fields": {
      "sort_order": 2,
      "name": "5l",
      "value": "",
      "slug": "5l",
      "attribute": 18
    }
  },
  {
    "model": "product.attributevalue",
    "pk": 63,
    "fields": {
      "sort_order": 0,
      "name": "Vinyl",
      "value": "",
      "slug": "vinyl",
      "attribute": 19
    }
  },
  {
    "model": "product.attributevalue",
    "pk": 64,
    "fields": {
      "sort_order": 1,
      "name": "DVD",
      "value": "",
      "slug": "dvd",
      "attribute": 19
    }
  },
  {
    "model": "product.attributevalue",
    "pk": 65,
    "fields": {
      "sort_order": 2,
      "name": "VHS",
      "value": "",
      "slug": "vhs",
      "attribute": 19
    }
  },
  {
    "model": "product.attributevalue",
    "pk": 66,
    "fields": {
      "sort_order": 3,
      "name": "iTunes",
      "value": "",
      "slug": "itunes",
      "attribute": 19
    }
  },
  {
    "model": "product.attributevalue",
    "pk": 67,
    "fields": {
      "sort_order": 0,
      "name": "700ml",
      "value": "",
      "slug": "700ml",
      "attribute": 20
    }
  },
  {
    "model": "product.attributevalue",
    "pk": 68,
    "fields": {
      "sort_order": 0,
      "name": "5.1%",
      "value": "",
      "slug": "51",
      "attribute": 21
    }
  },
  {
    "model": "product.attributevalue",
    "pk": 69,
    "fields": {
      "sort_order": 1,
      "name": "6.7%",
      "value": "",
      "slug": "67",
      "attribute": 21
    }
  },
  {
    "model": "product.attributevalue",
    "pk": 70,
    "fields": {
      "sort_order": 0,
      "name": "45cm x 45cm",
      "value": "",
      "slug": "45cm-x-45cm",
      "attribute": 22
    }
  },
  {
    "model": "product.attributevalue",
    "pk": 71,
    "fields": {
      "sort_order": 1,
      "name": "55cm x 55cm",
      "value": "",
      "slug": "55cm-x-55cm",
      "attribute": 22
    }
  },
  {
    "model": "product.attributevalue",
    "pk": 72,
    "fields": {
      "sort_order": 0,
      "name": "Cotton",
      "value": "",
      "slug": "cotton",
      "attribute": 23
    }
  },
  {
    "model": "product.attributevalue",
    "pk": 73,
    "fields": {
      "sort_order": 1,
      "name": "Elastane",
      "value": "",
      "slug": "elastane",
      "attribute": 23
    }
  },
  {
    "model": "product.attributevalue",
    "pk": 74,
    "fields": {
      "sort_order": 2,
      "name": "Polyester",
      "value": "",
      "slug": "polyester",
      "attribute": 23
    }
  },
  {
    "model": "product.attributevalue",
    "pk": 75,
    "fields": {
      "sort_order": 0,
      "name": "39",
      "value": "",
      "slug": "39",
      "attribute": 24
    }
  },
  {
    "model": "product.attributevalue",
    "pk": 76,
    "fields": {
      "sort_order": 1,
      "name": "40",
      "value": "",
      "slug": "40",
      "attribute": 24
    }
  },
  {
    "model": "product.attributevalue",
    "pk": 77,
    "fields": {
      "sort_order": 2,
      "name": "41",
      "value": "",
      "slug": "41",
      "attribute": 24
    }
  },
  {
    "model": "product.attributevalue",
    "pk": 78,
    "fields": {
      "sort_order": 3,
      "name": "42",
      "value": "",
      "slug": "42",
      "attribute": 24
    }
  },
  {
    "model": "product.attributevalue",
    "pk": 79,
    "fields": {
      "sort_order": 4,
      "name": "43",
      "value": "",
      "slug": "43",
      "attribute": 24
    }
  },
  {
    "model": "product.attributevalue",
    "pk": 80,
    "fields": {
      "sort_order": 5,
      "name": "44",
      "value": "",
      "slug": "44",
      "attribute": 24
    }
  },
  {
    "model": "product.attributevalue",
    "pk": 81,
    "fields": {
      "sort_order": 6,
      "name": "45",
      "value": "",
      "slug": "45",
      "attribute": 24
    }
  },
  {
    "model": "product.attributevalue",
    "pk": 82,
    "fields": {
      "sort_order": 0,
      "name": "Cotton",
      "value": "",
      "slug": "cotton",
      "attribute": 25
    }
  },
  {
    "model": "product.productimage",
    "pk": 1,
    "fields": {
      "sort_order": 0,
      "product": 61,
      "image": "products/saleordemoproduct_paints_01.png",
      "ppoi": "0.5x0.5",
      "alt": ""
    }
  },
  {
    "model": "product.productimage",
    "pk": 2,
    "fields": {
      "sort_order": 0,
      "product": 62,
      "image": "products/saleordemoproduct_paints_02.png",
      "ppoi": "0.5x0.5",
      "alt": ""
    }
  },
  {
    "model": "product.productimage",
    "pk": 3,
    "fields": {
      "sort_order": 0,
      "product": 63,
      "image": "products/saleordemoproduct_paints_03.png",
      "ppoi": "0.5x0.5",
      "alt": ""
    }
  },
  {
    "model": "product.productimage",
    "pk": 4,
    "fields": {
      "sort_order": 0,
      "product": 64,
      "image": "products/saleordemoproduct_paints_04.png",
      "ppoi": "0.5x0.5",
      "alt": ""
    }
  },
  {
    "model": "product.productimage",
    "pk": 5,
    "fields": {
      "sort_order": 0,
      "product": 65,
      "image": "products/saleordemoproduct_paints_05.png",
      "ppoi": "0.5x0.5",
      "alt": ""
    }
  },
  {
    "model": "product.productimage",
    "pk": 6,
    "fields": {
      "sort_order": 0,
      "product": 71,
      "image": "products/saleordemoproduct_fd_juice_06.png",
      "ppoi": "0.5x0.5",
      "alt": ""
    }
  },
  {
    "model": "product.productimage",
    "pk": 7,
    "fields": {
      "sort_order": 0,
      "product": 72,
      "image": "products/saleordemoproduct_fd_juice_06_uUnXlHU.png",
      "ppoi": "0.5x0.5",
      "alt": ""
    }
  },
  {
    "model": "product.productimage",
    "pk": 8,
    "fields": {
      "sort_order": 0,
      "product": 73,
      "image": "products/saleordemoproduct_fd_juice_05.png",
      "ppoi": "0.5x0.5",
      "alt": ""
    }
  },
  {
    "model": "product.productimage",
    "pk": 9,
    "fields": {
      "sort_order": 0,
      "product": 74,
      "image": "products/saleordemoproduct_fd_juice_01.png",
      "ppoi": "0.5x0.5",
      "alt": ""
    }
  },
  {
    "model": "product.productimage",
    "pk": 10,
    "fields": {
      "sort_order": 0,
      "product": 75,
      "image": "products/saleordemoproduct_fd_juice_03.png",
      "ppoi": "0.5x0.5",
      "alt": ""
    }
  },
  {
    "model": "product.productimage",
    "pk": 11,
    "fields": {
      "sort_order": 0,
      "product": 76,
      "image": "products/saleordemoproduct_fd_juice_02.png",
      "ppoi": "0.5x0.5",
      "alt": ""
    }
  },
  {
    "model": "product.productimage",
    "pk": 12,
    "fields": {
      "sort_order": 0,
      "product": 77,
      "image": "products/saleordemoproduct_fd_juice_03_rllOMq4.png",
      "ppoi": "0.5x0.5",
      "alt": ""
    }
  },
  {
    "model": "product.productimage",
    "pk": 13,
    "fields": {
      "sort_order": 0,
      "product": 78,
      "image": "products/saleordemoproduct_fd_juice_04.png",
      "ppoi": "0.5x0.5",
      "alt": ""
    }
  },
  {
    "model": "product.productimage",
    "pk": 14,
    "fields": {
      "sort_order": 0,
      "product": 79,
      "image": "products/saleordemoproduct_fd_juice_02_zmGtZFo.png",
      "ppoi": "0.5x0.5",
      "alt": ""
    }
  },
  {
    "model": "product.productimage",
    "pk": 15,
    "fields": {
      "sort_order": 0,
      "product": 81,
      "image": "products/saleordemoproduct_wine-red.png",
      "ppoi": "0.5x0.5",
      "alt": ""
    }
  },
  {
    "model": "product.productimage",
    "pk": 16,
    "fields": {
      "sort_order": 0,
      "product": 82,
      "image": "products/saleordemoproduct_wine-white.png",
      "ppoi": "0.5x0.5",
      "alt": ""
    }
  },
  {
    "model": "product.productimage",
    "pk": 17,
    "fields": {
      "sort_order": 0,
      "product": 83,
      "image": "products/saleordemoproduct_beer-02_1.png",
      "ppoi": "0.5x0.5",
      "alt": ""
    }
  },
  {
    "model": "product.productimage",
    "pk": 18,
    "fields": {
      "sort_order": 1,
      "product": 83,
      "image": "products/saleordemoproduct_beer-02_2.png",
      "ppoi": "0.5x0.5",
      "alt": ""
    }
  },
  {
    "model": "product.productimage",
    "pk": 19,
    "fields": {
      "sort_order": 0,
      "product": 84,
      "image": "products/saleordemoproduct_beer-01_1.png",
      "ppoi": "0.5x0.5",
      "alt": ""
    }
  },
  {
    "model": "product.productimage",
    "pk": 20,
    "fields": {
      "sort_order": 1,
      "product": 84,
      "image": "products/saleordemoproduct_beer-01_2.png",
      "ppoi": "0.5x0.5",
      "alt": ""
    }
  },
  {
    "model": "product.productimage",
    "pk": 21,
    "fields": {
      "sort_order": 0,
      "product": 85,
      "image": "products/saleordemoproduct_cuschion01.png",
      "ppoi": "0.5x0.5",
      "alt": ""
    }
  },
  {
    "model": "product.productimage",
    "pk": 22,
    "fields": {
      "sort_order": 0,
      "product": 86,
      "image": "products/saleordemoproduct_cuschion02.png",
      "ppoi": "0.5x0.5",
      "alt": ""
    }
  },
  {
    "model": "product.productimage",
    "pk": 23,
    "fields": {
      "sort_order": 0,
      "product": 87,
      "image": "products/saleordemoproduct_sneakers_01_1.png",
      "ppoi": "0.5x0.5",
      "alt": ""
    }
  },
  {
    "model": "product.productimage",
    "pk": 24,
    "fields": {
      "sort_order": 1,
      "product": 87,
      "image": "products/saleordemoproduct_sneakers_01_2.png",
      "ppoi": "0.5x0.5",
      "alt": ""
    }
  },
  {
    "model": "product.productimage",
    "pk": 25,
    "fields": {
      "sort_order": 2,
      "product": 87,
      "image": "products/saleordemoproduct_sneakers_01_3.png",
      "ppoi": "0.5x0.5",
      "alt": ""
    }
  },
  {
    "model": "product.productimage",
    "pk": 26,
    "fields": {
      "sort_order": 3,
      "product": 87,
      "image": "products/saleordemoproduct_sneakers_01_4.png",
      "ppoi": "0.5x0.5",
      "alt": ""
    }
  },
  {
    "model": "product.productimage",
    "pk": 27,
    "fields": {
      "sort_order": 0,
      "product": 88,
      "image": "products/saleordemoproduct_sneakers_02_1.png",
      "ppoi": "0.5x0.5",
      "alt": ""
    }
  },
  {
    "model": "product.productimage",
    "pk": 28,
    "fields": {
      "sort_order": 1,
      "product": 88,
      "image": "products/saleordemoproduct_sneakers_02_2.png",
      "ppoi": "0.5x0.5",
      "alt": ""
    }
  },
  {
    "model": "product.productimage",
    "pk": 29,
    "fields": {
      "sort_order": 2,
      "product": 88,
      "image": "products/saleordemoproduct_sneakers_02_3.png",
      "ppoi": "0.5x0.5",
      "alt": ""
    }
  },
  {
    "model": "product.productimage",
    "pk": 30,
    "fields": {
      "sort_order": 3,
      "product": 88,
      "image": "products/saleordemoproduct_sneakers_02_4.png",
      "ppoi": "0.5x0.5",
      "alt": ""
    }
  },
  {
    "model": "product.productimage",
    "pk": 31,
    "fields": {
      "sort_order": 0,
      "product": 89,
      "image": "products/saleordemoproduct_cl_boot07_1.png",
      "ppoi": "0.5x0.5",
      "alt": ""
    }
  },
  {
    "model": "product.productimage",
    "pk": 32,
    "fields": {
      "sort_order": 1,
      "product": 89,
      "image": "products/saleordemoproduct_cl_boot07_2.png",
      "ppoi": "0.5x0.5",
      "alt": ""
    }
  },
  {
    "model": "product.productimage",
    "pk": 33,
    "fields": {
      "sort_order": 0,
      "product": 107,
      "image": "products/saleordemoproduct_cl_polo01.png",
      "ppoi": "0.5x0.5",
      "alt": ""
    }
  },
  {
    "model": "product.productimage",
    "pk": 34,
    "fields": {
      "sort_order": 0,
      "product": 108,
      "image": "products/saleordemoproduct_cl_polo02.png",
      "ppoi": "0.5x0.5",
      "alt": ""
    }
  },
  {
    "model": "product.productimage",
    "pk": 35,
    "fields": {
      "sort_order": 0,
      "product": 109,
      "image": "products/saleordemoproduct_cl_polo03-woman.png",
      "ppoi": "0.5x0.5",
      "alt": ""
    }
  },
  {
    "model": "product.productimage",
    "pk": 36,
    "fields": {
      "sort_order": 0,
      "product": 110,
      "image": "products/saleordemoproduct_cl_polo04-woman.png",
      "ppoi": "0.5x0.5",
      "alt": ""
    }
  },
  {
    "model": "product.productimage",
    "pk": 37,
    "fields": {
      "sort_order": 0,
      "product": 111,
      "image": "products/saleordemoproduct_cl_boot01_1.png",
      "ppoi": "0.5x0.5",
      "alt": ""
    }
  },
  {
    "model": "product.productimage",
    "pk": 38,
    "fields": {
      "sort_order": 1,
      "product": 111,
      "image": "products/saleordemoproduct_cl_boot01_2.png",
      "ppoi": "0.5x0.5",
      "alt": ""
    }
  },
  {
    "model": "product.productimage",
    "pk": 39,
    "fields": {
      "sort_order": 2,
      "product": 111,
      "image": "products/saleordemoproduct_cl_boot01_3.png",
      "ppoi": "0.5x0.5",
      "alt": ""
    }
  },
  {
    "model": "product.productimage",
    "pk": 40,
    "fields": {
      "sort_order": 0,
      "product": 112,
      "image": "products/saleordemoproduct_cl_boot03_1.png",
      "ppoi": "0.5x0.5",
      "alt": ""
    }
  },
  {
    "model": "product.productimage",
    "pk": 41,
    "fields": {
      "sort_order": 1,
      "product": 112,
      "image": "products/saleordemoproduct_cl_boot03_2.png",
      "ppoi": "0.5x0.5",
      "alt": ""
    }
  },
  {
    "model": "product.productimage",
    "pk": 42,
    "fields": {
      "sort_order": 0,
      "product": 113,
      "image": "products/saleordemoproduct_cl_boot06_1.png",
      "ppoi": "0.5x0.5",
      "alt": ""
    }
  },
  {
    "model": "product.productimage",
    "pk": 43,
    "fields": {
      "sort_order": 1,
      "product": 113,
      "image": "products/saleordemoproduct_cl_boot06_2.png",
      "ppoi": "0.5x0.5",
      "alt": ""
    }
  },
  {
    "model": "product.productimage",
    "pk": 44,
    "fields": {
      "sort_order": 0,
      "product": 114,
      "image": "products/saleordemoproduct_cl_boot06_1_B2ECrau.png",
      "ppoi": "0.5x0.5",
      "alt": ""
    }
  },
  {
    "model": "product.productimage",
    "pk": 45,
    "fields": {
      "sort_order": 1,
      "product": 114,
      "image": "products/saleordemoproduct_cl_boot06_2_tBHZ0Pt.png",
      "ppoi": "0.5x0.5",
      "alt": ""
    }
  },
  {
    "model": "product.productimage",
    "pk": 46,
    "fields": {
      "sort_order": 0,
      "product": 115,
      "image": "products/saleordemoproduct_cl_bogo01_1.png",
      "ppoi": "0.5x0.5",
      "alt": ""
    }
  },
  {
    "model": "product.productimage",
    "pk": 47,
    "fields": {
      "sort_order": 0,
      "product": 116,
      "image": "products/saleordemoproduct_cl_bogo02_1.png",
      "ppoi": "0.5x0.5",
      "alt": ""
    }
  },
  {
    "model": "product.productimage",
    "pk": 48,
    "fields": {
      "sort_order": 0,
      "product": 117,
      "image": "products/saleordemoproduct_cl_bogo03_1.png",
      "ppoi": "0.5x0.5",
      "alt": ""
    }
  },
  {
    "model": "product.productimage",
    "pk": 49,
    "fields": {
      "sort_order": 0,
      "product": 118,
      "image": "products/saleordemoproduct_cl_bogo04_1.png",
      "ppoi": "0.5x0.5",
      "alt": ""
    }
  },
  {
    "model": "product.productimage",
    "pk": 50,
    "fields": {
      "sort_order": 1,
      "product": 118,
      "image": "products/saleordemoproduct_cl_bogo04_2.png",
      "ppoi": "0.5x0.5",
      "alt": ""
    }
  },
  {
    "model": "product.collection",
    "pk": 1,
    "fields": {
      "seo_title": null,
      "seo_description": null,
      "name": "Summer collection",
      "slug": "summer-collection",
      "background_image": "collection-backgrounds/summer.jpg",
      "is_published": false,
      "description": "The Saleor Summer Collection features a range\n            of products that feel the heat of the market. A demo store for all\n            seasons. Saleor captures the open source, e-commerce sun.",
      "products": [
        63,
        71,
        75,
        86,
        88,
        109,
        110
      ]
    }
  },
  {
    "model": "product.collection",
    "pk": 2,
    "fields": {
      "seo_title": null,
      "seo_description": null,
      "name": "Winter sale",
      "slug": "winter-sale",
      "background_image": "collection-backgrounds/clothing.jpg",
      "is_published": false,
      "description": "The Saleor Winter Sale is snowed under with\n            seasonal offers. Unreal products at unreal prices. Literally,\n            they are not real products, but the Saleor demo store is a\n            genuine e-commerce leader.",
      "products": [
        62,
        72,
        75,
        81,
        83,
        108,
        109
      ]
    }
  },
  {
    "model": "menu.menu",
    "pk": 1,
    "fields": {
      "name": "navbar",
      "json_content": [
        {
          "url": "/en/products/category/accessories-7/",
          "name": "Accessories",
          "child_items": [],
          "translations": {}
        },
        {
          "url": "/en/products/category/groceries-8/",
          "name": "Groceries",
          "child_items": [],
          "translations": {}
        },
        {
          "url": "/en/products/category/apparel-9/",
          "name": "Apparel",
          "child_items": [],
          "translations": {}
        }
      ]
    }
  },
  {
    "model": "menu.menu",
    "pk": 2,
    "fields": {
      "name": "footer",
      "json_content": [
        {
          "url": "/en/products/collection/winter-sale-2/",
          "name": "Collections",
          "child_items": [
            {
              "url": "/en/products/collection/summer-collection-1/",
              "name": "Summer collection",
              "child_items": [],
              "translations": {}
            },
            {
              "url": "/en/products/collection/winter-sale-2/",
              "name": "Winter sale",
              "child_items": [],
              "translations": {}
            }
          ],
          "translations": {}
        },
        {
          "url": "/en/page/about/",
          "name": "About",
          "child_items": [],
          "translations": {}
        }
      ]
    }
  },
  {
    "model": "menu.menuitem",
    "pk": 8,
    "fields": {
      "sort_order": 0,
      "menu": 1,
      "name": "Accessories",
      "parent": null,
      "url": null,
      "category": 7,
      "collection": null,
      "page": null,
      "lft": 1,
      "rght": 2,
      "tree_id": 6,
      "level": 0
    }
  },
  {
    "model": "menu.menuitem",
    "pk": 9,
    "fields": {
      "sort_order": 1,
      "menu": 1,
      "name": "Groceries",
      "parent": null,
      "url": null,
      "category": 8,
      "collection": null,
      "page": null,
      "lft": 1,
      "rght": 2,
      "tree_id": 7,
      "level": 0
    }
  },
  {
    "model": "menu.menuitem",
    "pk": 10,
    "fields": {
      "sort_order": 2,
      "menu": 1,
      "name": "Apparel",
      "parent": null,
      "url": null,
      "category": 9,
      "collection": null,
      "page": null,
      "lft": 1,
      "rght": 2,
      "tree_id": 8,
      "level": 0
    }
  },
  {
    "model": "menu.menuitem",
    "pk": 11,
    "fields": {
      "sort_order": 0,
      "menu": 2,
      "name": "Collections",
      "parent": null,
      "url": null,
      "category": null,
      "collection": 2,
      "page": null,
      "lft": 1,
      "rght": 6,
      "tree_id": 9,
      "level": 0
    }
  },
  {
    "model": "menu.menuitem",
    "pk": 12,
    "fields": {
      "sort_order": 0,
      "menu": 2,
      "name": "Summer collection",
      "parent": 11,
      "url": null,
      "category": null,
      "collection": 1,
      "page": null,
      "lft": 2,
      "rght": 3,
      "tree_id": 9,
      "level": 1
    }
  },
  {
    "model": "menu.menuitem",
    "pk": 13,
    "fields": {
      "sort_order": 1,
      "menu": 2,
      "name": "Winter sale",
      "parent": 11,
      "url": null,
      "category": null,
      "collection": 2,
      "page": null,
      "lft": 4,
      "rght": 5,
      "tree_id": 9,
      "level": 1
    }
  },
  {
    "model": "menu.menuitem",
    "pk": 14,
    "fields": {
      "sort_order": 2,
      "menu": 2,
      "name": "About",
      "parent": null,
      "url": null,
      "category": null,
      "collection": null,
      "page": 1,
      "lft": 1,
      "rght": 2,
      "tree_id": 10,
      "level": 0
    }
  },
  {
    "model": "order.order",
    "pk": 1,
    "fields": {
      "created": "2018-11-30T20:24:44.464Z",
      "status": "partially fulfilled",
      "user": 17,
      "language_code": "en",
      "tracking_client_id": "",
      "billing_address": 17,
      "shipping_address": 17,
      "user_email": "",
      "shipping_method": null,
      "shipping_price_net": {
        "_type": "Money",
        "amount": "12.62",
        "currency": "USD"
      },
      "shipping_price_gross": {
        "_type": "Money",
        "amount": "12.62",
        "currency": "USD"
      },
      "shipping_method_name": "DHL",
      "token": "326de00c-abd5-4005-9f7e-3ea829054344",
      "total_net": {
        "_type": "Money",
        "amount": "432.62",
        "currency": "USD"
      },
      "total_gross": {
        "_type": "Money",
        "amount": "432.62",
        "currency": "USD"
      },
      "voucher": null,
      "discount_amount": {
        "_type": "Money",
        "amount": "0.00",
        "currency": "USD"
      },
      "discount_name": "",
      "translated_discount_name": "",
      "display_gross_prices": true,
      "customer_note": "",
      "weight": "10.0 kg"
    }
  },
  {
    "model": "order.order",
    "pk": 2,
    "fields": {
      "created": "2018-11-30T20:24:44.651Z",
      "status": "partially fulfilled",
      "user": 1,
      "language_code": "en",
      "tracking_client_id": "",
      "billing_address": 1,
      "shipping_address": 1,
      "user_email": "",
      "shipping_method": null,
      "shipping_price_net": {
        "_type": "Money",
        "amount": "94.70",
        "currency": "USD"
      },
      "shipping_price_gross": {
        "_type": "Money",
        "amount": "94.70",
        "currency": "USD"
      },
      "shipping_method_name": "UPS",
      "token": "305d43d6-87a2-4418-a9d2-08d602b31208",
      "total_net": {
        "_type": "Money",
        "amount": "277.70",
        "currency": "USD"
      },
      "total_gross": {
        "_type": "Money",
        "amount": "277.70",
        "currency": "USD"
      },
      "voucher": null,
      "discount_amount": {
        "_type": "Money",
        "amount": "0.00",
        "currency": "USD"
      },
      "discount_name": "",
      "translated_discount_name": "",
      "display_gross_prices": true,
      "customer_note": "",
      "weight": "6.0 kg"
    }
  },
  {
    "model": "order.order",
    "pk": 3,
    "fields": {
      "created": "2018-11-30T20:24:44.805Z",
      "status": "partially fulfilled",
      "user": null,
      "language_code": "en",
      "tracking_client_id": "",
      "billing_address": 21,
      "shipping_address": 21,
      "user_email": "kathleen.thomas@example.com",
      "shipping_method": null,
      "shipping_price_net": {
        "_type": "Money",
        "amount": "14.93",
        "currency": "USD"
      },
      "shipping_price_gross": {
        "_type": "Money",
        "amount": "14.93",
        "currency": "USD"
      },
      "shipping_method_name": "ACE",
      "token": "e25f6ec1-367e-4bc8-b29d-7bd57325c714",
      "total_net": {
        "_type": "Money",
        "amount": "151.93",
        "currency": "USD"
      },
      "total_gross": {
        "_type": "Money",
        "amount": "151.93",
        "currency": "USD"
      },
      "voucher": null,
      "discount_amount": {
        "_type": "Money",
        "amount": "0.00",
        "currency": "USD"
      },
      "discount_name": "",
      "translated_discount_name": "",
      "display_gross_prices": true,
      "customer_note": "",
      "weight": "4.0 kg"
    }
  },
  {
    "model": "order.order",
    "pk": 4,
    "fields": {
      "created": "2018-11-30T20:24:44.979Z",
      "status": "partially fulfilled",
      "user": 16,
      "language_code": "en",
      "tracking_client_id": "",
      "billing_address": 16,
      "shipping_address": 16,
      "user_email": "",
      "shipping_method": null,
      "shipping_price_net": {
        "_type": "Money",
        "amount": "51.65",
        "currency": "USD"
      },
      "shipping_price_gross": {
        "_type": "Money",
        "amount": "51.65",
        "currency": "USD"
      },
      "shipping_method_name": "FedEx Express",
      "token": "4029e244-913a-4b7e-af4a-3d14cf149aa8",
      "total_net": {
        "_type": "Money",
        "amount": "254.65",
        "currency": "USD"
      },
      "total_gross": {
        "_type": "Money",
        "amount": "254.65",
        "currency": "USD"
      },
      "voucher": null,
      "discount_amount": {
        "_type": "Money",
        "amount": "0.00",
        "currency": "USD"
      },
      "discount_name": "",
      "translated_discount_name": "",
      "display_gross_prices": true,
      "customer_note": "",
      "weight": "7.0 kg"
    }
  },
  {
    "model": "order.order",
    "pk": 5,
    "fields": {
      "created": "2018-11-30T20:24:45.105Z",
      "status": "partially fulfilled",
      "user": null,
      "language_code": "en",
      "tracking_client_id": "",
      "billing_address": 22,
      "shipping_address": 22,
      "user_email": "angela.hammond@example.com",
      "shipping_method": null,
      "shipping_price_net": {
        "_type": "Money",
        "amount": "45.76",
        "currency": "USD"
      },
      "shipping_price_gross": {
        "_type": "Money",
        "amount": "45.76",
        "currency": "USD"
      },
      "shipping_method_name": "UPS",
      "token": "f8764110-2c41-4ced-90cd-db3c5de311eb",
      "total_net": {
        "_type": "Money",
        "amount": "111.76",
        "currency": "USD"
      },
      "total_gross": {
        "_type": "Money",
        "amount": "111.76",
        "currency": "USD"
      },
      "voucher": null,
      "discount_amount": {
        "_type": "Money",
        "amount": "0.00",
        "currency": "USD"
      },
      "discount_name": "",
      "translated_discount_name": "",
      "display_gross_prices": true,
      "customer_note": "",
      "weight": "3.0 kg"
    }
  },
  {
    "model": "order.order",
    "pk": 6,
    "fields": {
      "created": "2018-11-30T20:24:45.246Z",
      "status": "partially fulfilled",
      "user": null,
      "language_code": "en",
      "tracking_client_id": "",
      "billing_address": 23,
      "shipping_address": 23,
      "user_email": "kayla.mann@example.com",
      "shipping_method": null,
      "shipping_price_net": {
        "_type": "Money",
        "amount": "94.70",
        "currency": "USD"
      },
      "shipping_price_gross": {
        "_type": "Money",
        "amount": "94.70",
        "currency": "USD"
      },
      "shipping_method_name": "UPS",
      "token": "52e36b10-bcc1-458b-80d5-0c423234d246",
      "total_net": {
        "_type": "Money",
        "amount": "143.70",
        "currency": "USD"
      },
      "total_gross": {
        "_type": "Money",
        "amount": "143.70",
        "currency": "USD"
      },
      "voucher": null,
      "discount_amount": {
        "_type": "Money",
        "amount": "0.00",
        "currency": "USD"
      },
      "discount_name": "",
      "translated_discount_name": "",
      "display_gross_prices": true,
      "customer_note": "",
      "weight": "4.0 kg"
    }
  },
  {
    "model": "order.order",
    "pk": 7,
    "fields": {
      "created": "2018-11-30T20:24:45.376Z",
      "status": "partially fulfilled",
      "user": 10,
      "language_code": "en",
      "tracking_client_id": "",
      "billing_address": 10,
      "shipping_address": 10,
      "user_email": "",
      "shipping_method": null,
      "shipping_price_net": {
        "_type": "Money",
        "amount": "45.76",
        "currency": "USD"
      },
      "shipping_price_gross": {
        "_type": "Money",
        "amount": "45.76",
        "currency": "USD"
      },
      "shipping_method_name": "UPS",
      "token": "6ade191f-391c-4539-a9d6-5807e434c133",
      "total_net": {
        "_type": "Money",
        "amount": "331.76",
        "currency": "USD"
      },
      "total_gross": {
        "_type": "Money",
        "amount": "331.76",
        "currency": "USD"
      },
      "voucher": null,
      "discount_amount": {
        "_type": "Money",
        "amount": "0.00",
        "currency": "USD"
      },
      "discount_name": "",
      "translated_discount_name": "",
      "display_gross_prices": true,
      "customer_note": "",
      "weight": "3.0 kg"
    }
  },
  {
    "model": "order.order",
    "pk": 8,
    "fields": {
      "created": "2018-11-30T20:24:45.522Z",
      "status": "unfulfilled",
      "user": null,
      "language_code": "en",
      "tracking_client_id": "",
      "billing_address": 24,
      "shipping_address": 24,
      "user_email": "wendy.reyes@example.com",
      "shipping_method": null,
      "shipping_price_net": {
        "_type": "Money",
        "amount": "35.57",
        "currency": "USD"
      },
      "shipping_price_gross": {
        "_type": "Money",
        "amount": "35.57",
        "currency": "USD"
      },
      "shipping_method_name": "FBA",
      "token": "749b88e0-85b4-4aad-b465-3b6a4bf9272a",
      "total_net": {
        "_type": "Money",
        "amount": "49.57",
        "currency": "USD"
      },
      "total_gross": {
        "_type": "Money",
        "amount": "49.57",
        "currency": "USD"
      },
      "voucher": null,
      "discount_amount": {
        "_type": "Money",
        "amount": "0.00",
        "currency": "USD"
      },
      "discount_name": "",
      "translated_discount_name": "",
      "display_gross_prices": true,
      "customer_note": "",
      "weight": "4.0 kg"
    }
  },
  {
    "model": "order.order",
    "pk": 9,
    "fields": {
      "created": "2018-11-30T20:24:45.638Z",
      "status": "unfulfilled",
      "user": 20,
      "language_code": "en",
      "tracking_client_id": "",
      "billing_address": 20,
      "shipping_address": 20,
      "user_email": "",
      "shipping_method": null,
      "shipping_price_net": {
        "_type": "Money",
        "amount": "73.80",
        "currency": "USD"
      },
      "shipping_price_gross": {
        "_type": "Money",
        "amount": "73.80",
        "currency": "USD"
      },
      "shipping_method_name": "EMS",
      "token": "9d0c6bbf-a258-451e-8ddb-8e1f28bca08a",
      "total_net": {
        "_type": "Money",
        "amount": "143.80",
        "currency": "USD"
      },
      "total_gross": {
        "_type": "Money",
        "amount": "143.80",
        "currency": "USD"
      },
      "voucher": null,
      "discount_amount": {
        "_type": "Money",
        "amount": "0.00",
        "currency": "USD"
      },
      "discount_name": "",
      "translated_discount_name": "",
      "display_gross_prices": true,
      "customer_note": "",
      "weight": "1.5 kg"
    }
  },
  {
    "model": "order.order",
    "pk": 10,
    "fields": {
      "created": "2018-11-30T20:24:45.751Z",
      "status": "partially fulfilled",
      "user": 12,
      "language_code": "en",
      "tracking_client_id": "",
      "billing_address": 12,
      "shipping_address": 12,
      "user_email": "",
      "shipping_method": null,
      "shipping_price_net": {
        "_type": "Money",
        "amount": "40.48",
        "currency": "USD"
      },
      "shipping_price_gross": {
        "_type": "Money",
        "amount": "40.48",
        "currency": "USD"
      },
      "shipping_method_name": "China Post",
      "token": "afc28142-1d9d-42b2-b1e2-7e96692946c7",
      "total_net": {
        "_type": "Money",
        "amount": "160.48",
        "currency": "USD"
      },
      "total_gross": {
        "_type": "Money",
        "amount": "160.48",
        "currency": "USD"
      },
      "voucher": null,
      "discount_amount": {
        "_type": "Money",
        "amount": "0.00",
        "currency": "USD"
      },
      "discount_name": "",
      "translated_discount_name": "",
      "display_gross_prices": true,
      "customer_note": "",
      "weight": "1.0 kg"
    }
  },
  {
    "model": "order.order",
    "pk": 11,
    "fields": {
      "created": "2018-11-30T20:24:45.864Z",
      "status": "partially fulfilled",
      "user": 8,
      "language_code": "en",
      "tracking_client_id": "",
      "billing_address": 8,
      "shipping_address": 8,
      "user_email": "",
      "shipping_method": null,
      "shipping_price_net": {
        "_type": "Money",
        "amount": "70.51",
        "currency": "USD"
      },
      "shipping_price_gross": {
        "_type": "Money",
        "amount": "70.51",
        "currency": "USD"
      },
      "shipping_method_name": "Royale International",
      "token": "455af7d3-c896-4f36-9813-a684f1848de7",
      "total_net": {
        "_type": "Money",
        "amount": "358.51",
        "currency": "USD"
      },
      "total_gross": {
        "_type": "Money",
        "amount": "358.51",
        "currency": "USD"
      },
      "voucher": null,
      "discount_amount": {
        "_type": "Money",
        "amount": "0.00",
        "currency": "USD"
      },
      "discount_name": "",
      "translated_discount_name": "",
      "display_gross_prices": true,
      "customer_note": "",
      "weight": "3.5 kg"
    }
  },
  {
    "model": "order.order",
    "pk": 12,
    "fields": {
      "created": "2018-11-30T20:24:46.051Z",
      "status": "partially fulfilled",
      "user": null,
      "language_code": "en",
      "tracking_client_id": "",
      "billing_address": 25,
      "shipping_address": 25,
      "user_email": "maria.young@example.com",
      "shipping_method": null,
      "shipping_price_net": {
        "_type": "Money",
        "amount": "34.73",
        "currency": "USD"
      },
      "shipping_price_gross": {
        "_type": "Money",
        "amount": "34.73",
        "currency": "USD"
      },
      "shipping_method_name": "Oceania Air Mail",
      "token": "0cbc38cb-a379-4932-b397-a1692f801f30",
      "total_net": {
        "_type": "Money",
        "amount": "354.73",
        "currency": "USD"
      },
      "total_gross": {
        "_type": "Money",
        "amount": "354.73",
        "currency": "USD"
      },
      "voucher": null,
      "discount_amount": {
        "_type": "Money",
        "amount": "0.00",
        "currency": "USD"
      },
      "discount_name": "",
      "translated_discount_name": "",
      "display_gross_prices": true,
      "customer_note": "",
      "weight": "3.5 kg"
    }
  },
  {
    "model": "order.order",
    "pk": 13,
    "fields": {
      "created": "2018-11-30T20:24:46.212Z",
      "status": "partially fulfilled",
      "user": 16,
      "language_code": "en",
      "tracking_client_id": "",
      "billing_address": 16,
      "shipping_address": 16,
      "user_email": "",
      "shipping_method": null,
      "shipping_price_net": {
        "_type": "Money",
        "amount": "91.95",
        "currency": "USD"
      },
      "shipping_price_gross": {
        "_type": "Money",
        "amount": "91.95",
        "currency": "USD"
      },
      "shipping_method_name": "fastway couriers",
      "token": "08b32fdb-9942-4e00-967d-9fc66d894299",
      "total_net": {
        "_type": "Money",
        "amount": "191.95",
        "currency": "USD"
      },
      "total_gross": {
        "_type": "Money",
        "amount": "191.95",
        "currency": "USD"
      },
      "voucher": null,
      "discount_amount": {
        "_type": "Money",
        "amount": "0.00",
        "currency": "USD"
      },
      "discount_name": "",
      "translated_discount_name": "",
      "display_gross_prices": true,
      "customer_note": "",
      "weight": "1.5 kg"
    }
  },
  {
    "model": "order.order",
    "pk": 14,
    "fields": {
      "created": "2018-11-30T20:24:46.371Z",
      "status": "fulfilled",
      "user": 2,
      "language_code": "en",
      "tracking_client_id": "",
      "billing_address": 2,
      "shipping_address": 2,
      "user_email": "",
      "shipping_method": null,
      "shipping_price_net": {
        "_type": "Money",
        "amount": "35.57",
        "currency": "USD"
      },
      "shipping_price_gross": {
        "_type": "Money",
        "amount": "35.57",
        "currency": "USD"
      },
      "shipping_method_name": "FBA",
      "token": "677d64a3-83cf-4a17-930e-cd5dc6ca8415",
      "total_net": {
        "_type": "Money",
        "amount": "197.57",
        "currency": "USD"
      },
      "total_gross": {
        "_type": "Money",
        "amount": "197.57",
        "currency": "USD"
      },
      "voucher": null,
      "discount_amount": {
        "_type": "Money",
        "amount": "0.00",
        "currency": "USD"
      },
      "discount_name": "",
      "translated_discount_name": "",
      "display_gross_prices": true,
      "customer_note": "",
      "weight": "6.0 kg"
    }
  },
  {
    "model": "order.order",
    "pk": 15,
    "fields": {
      "created": "2018-11-30T20:24:46.508Z",
      "status": "partially fulfilled",
      "user": null,
      "language_code": "en",
      "tracking_client_id": "",
      "billing_address": 26,
      "shipping_address": 26,
      "user_email": "barbara.nixon@example.com",
      "shipping_method": null,
      "shipping_price_net": {
        "_type": "Money",
        "amount": "53.85",
        "currency": "USD"
      },
      "shipping_price_gross": {
        "_type": "Money",
        "amount": "53.85",
        "currency": "USD"
      },
      "shipping_method_name": "DB Schenker",
      "token": "69f17ca5-b9e9-40ac-8877-c05af7eda19c",
      "total_net": {
        "_type": "Money",
        "amount": "118.85",
        "currency": "USD"
      },
      "total_gross": {
        "_type": "Money",
        "amount": "118.85",
        "currency": "USD"
      },
      "voucher": null,
      "discount_amount": {
        "_type": "Money",
        "amount": "0.00",
        "currency": "USD"
      },
      "discount_name": "",
      "translated_discount_name": "",
      "display_gross_prices": true,
      "customer_note": "",
      "weight": "5.0 kg"
    }
  },
  {
    "model": "order.order",
    "pk": 16,
    "fields": {
      "created": "2018-11-30T20:24:46.646Z",
      "status": "unfulfilled",
      "user": null,
      "language_code": "en",
      "tracking_client_id": "",
      "billing_address": 27,
      "shipping_address": 27,
      "user_email": "danielle.reid@example.com",
      "shipping_method": null,
      "shipping_price_net": {
        "_type": "Money",
        "amount": "45.76",
        "currency": "USD"
      },
      "shipping_price_gross": {
        "_type": "Money",
        "amount": "45.76",
        "currency": "USD"
      },
      "shipping_method_name": "UPS",
      "token": "ac69688a-71d5-418b-a6da-b47ef7b355f3",
      "total_net": {
        "_type": "Money",
        "amount": "193.76",
        "currency": "USD"
      },
      "total_gross": {
        "_type": "Money",
        "amount": "193.76",
        "currency": "USD"
      },
      "voucher": null,
      "discount_amount": {
        "_type": "Money",
        "amount": "0.00",
        "currency": "USD"
      },
      "discount_name": "",
      "translated_discount_name": "",
      "display_gross_prices": true,
      "customer_note": "",
      "weight": "5.0 kg"
    }
  },
  {
    "model": "order.order",
    "pk": 17,
    "fields": {
      "created": "2018-11-30T20:24:46.789Z",
      "status": "partially fulfilled",
      "user": null,
      "language_code": "en",
      "tracking_client_id": "",
      "billing_address": 28,
      "shipping_address": 28,
      "user_email": "john.johnson@example.com",
      "shipping_method": null,
      "shipping_price_net": {
        "_type": "Money",
        "amount": "51.65",
        "currency": "USD"
      },
      "shipping_price_gross": {
        "_type": "Money",
        "amount": "51.65",
        "currency": "USD"
      },
      "shipping_method_name": "FedEx Express",
      "token": "71f9488d-a522-4eb8-a39d-62b778c1cd7d",
      "total_net": {
        "_type": "Money",
        "amount": "171.65",
        "currency": "USD"
      },
      "total_gross": {
        "_type": "Money",
        "amount": "171.65",
        "currency": "USD"
      },
      "voucher": null,
      "discount_amount": {
        "_type": "Money",
        "amount": "0.00",
        "currency": "USD"
      },
      "discount_name": "",
      "translated_discount_name": "",
      "display_gross_prices": true,
      "customer_note": "",
      "weight": "1.5 kg"
    }
  },
  {
    "model": "order.order",
    "pk": 18,
    "fields": {
      "created": "2018-11-30T20:24:46.922Z",
      "status": "unfulfilled",
      "user": null,
      "language_code": "en",
      "tracking_client_id": "",
      "billing_address": 29,
      "shipping_address": 29,
      "user_email": "clarence.wong@example.com",
      "shipping_method": null,
      "shipping_price_net": {
        "_type": "Money",
        "amount": "45.76",
        "currency": "USD"
      },
      "shipping_price_gross": {
        "_type": "Money",
        "amount": "45.76",
        "currency": "USD"
      },
      "shipping_method_name": "UPS",
      "token": "562fd317-afc5-4bf2-971b-cbcc2ea054d5",
      "total_net": {
        "_type": "Money",
        "amount": "241.76",
        "currency": "USD"
      },
      "total_gross": {
        "_type": "Money",
        "amount": "241.76",
        "currency": "USD"
      },
      "voucher": null,
      "discount_amount": {
        "_type": "Money",
        "amount": "0.00",
        "currency": "USD"
      },
      "discount_name": "",
      "translated_discount_name": "",
      "display_gross_prices": true,
      "customer_note": "",
      "weight": "2.0 kg"
    }
  },
  {
    "model": "order.order",
    "pk": 19,
    "fields": {
      "created": "2018-11-30T20:24:47.028Z",
      "status": "partially fulfilled",
      "user": 2,
      "language_code": "en",
      "tracking_client_id": "",
      "billing_address": 2,
      "shipping_address": 2,
      "user_email": "",
      "shipping_method": null,
      "shipping_price_net": {
        "_type": "Money",
        "amount": "12.62",
        "currency": "USD"
      },
      "shipping_price_gross": {
        "_type": "Money",
        "amount": "12.62",
        "currency": "USD"
      },
      "shipping_method_name": "DHL",
      "token": "69d25f25-e37b-43cb-9982-2d60db3dd725",
      "total_net": {
        "_type": "Money",
        "amount": "306.62",
        "currency": "USD"
      },
      "total_gross": {
        "_type": "Money",
        "amount": "306.62",
        "currency": "USD"
      },
      "voucher": null,
      "discount_amount": {
        "_type": "Money",
        "amount": "0.00",
        "currency": "USD"
      },
      "discount_name": "",
      "translated_discount_name": "",
      "display_gross_prices": true,
      "customer_note": "",
      "weight": "2.0 kg"
    }
  },
  {
    "model": "order.order",
    "pk": 20,
    "fields": {
      "created": "2018-11-30T20:24:47.144Z",
      "status": "partially fulfilled",
      "user": 16,
      "language_code": "en",
      "tracking_client_id": "",
      "billing_address": 16,
      "shipping_address": 16,
      "user_email": "",
      "shipping_method": null,
      "shipping_price_net": {
        "_type": "Money",
        "amount": "91.95",
        "currency": "USD"
      },
      "shipping_price_gross": {
        "_type": "Money",
        "amount": "91.95",
        "currency": "USD"
      },
      "shipping_method_name": "fastway couriers",
      "token": "cf59d524-af98-4429-b43e-f8ffd596b4e9",
      "total_net": {
        "_type": "Money",
        "amount": "391.95",
        "currency": "USD"
      },
      "total_gross": {
        "_type": "Money",
        "amount": "391.95",
        "currency": "USD"
      },
      "voucher": null,
      "discount_amount": {
        "_type": "Money",
        "amount": "0.00",
        "currency": "USD"
      },
      "discount_name": "",
      "translated_discount_name": "",
      "display_gross_prices": true,
      "customer_note": "",
      "weight": "3.0 kg"
    }
  },
  {
    "model": "order.order",
    "pk": 21,
    "fields": {
      "created": "2018-12-04T15:29:39.391Z",
      "status": "unfulfilled",
      "user": 3,
      "language_code": "en",
      "tracking_client_id": "",
      "billing_address": 3,
      "shipping_address": 3,
      "user_email": "",
      "shipping_method": null,
      "shipping_price_net": {
        "_type": "Money",
        "amount": "72.86",
        "currency": "USD"
      },
      "shipping_price_gross": {
        "_type": "Money",
        "amount": "72.86",
        "currency": "USD"
      },
      "shipping_method_name": "Registred priority",
      "token": "2f2cb24a-95e4-4445-917f-13b79e270f03",
      "total_net": {
        "_type": "Money",
        "amount": "152.86",
        "currency": "USD"
      },
      "total_gross": {
        "_type": "Money",
        "amount": "152.86",
        "currency": "USD"
      },
      "voucher": null,
      "discount_amount": {
        "_type": "Money",
        "amount": "0.00",
        "currency": "USD"
      },
      "discount_name": "",
      "translated_discount_name": "",
      "display_gross_prices": true,
      "customer_note": "",
      "weight": "0.5 kg"
    }
  },
  {
    "model": "order.order",
    "pk": 22,
    "fields": {
      "created": "2018-12-04T15:29:39.535Z",
      "status": "partially fulfilled",
      "user": 33,
      "language_code": "en",
      "tracking_client_id": "",
      "billing_address": 43,
      "shipping_address": 43,
      "user_email": "",
      "shipping_method": null,
      "shipping_price_net": {
        "_type": "Money",
        "amount": "27.96",
        "currency": "USD"
      },
      "shipping_price_gross": {
        "_type": "Money",
        "amount": "27.96",
        "currency": "USD"
      },
      "shipping_method_name": "Aramex",
      "token": "39eeac18-2c21-4956-88f2-0ee0c56df562",
      "total_net": {
        "_type": "Money",
        "amount": "237.96",
        "currency": "USD"
      },
      "total_gross": {
        "_type": "Money",
        "amount": "237.96",
        "currency": "USD"
      },
      "voucher": null,
      "discount_amount": {
        "_type": "Money",
        "amount": "0.00",
        "currency": "USD"
      },
      "discount_name": "",
      "translated_discount_name": "",
      "display_gross_prices": true,
      "customer_note": "",
      "weight": "2.0 kg"
    }
  },
  {
    "model": "order.order",
    "pk": 23,
    "fields": {
      "created": "2018-12-04T15:29:39.685Z",
      "status": "partially fulfilled",
      "user": 41,
      "language_code": "en",
      "tracking_client_id": "",
      "billing_address": 51,
      "shipping_address": 51,
      "user_email": "",
      "shipping_method": null,
      "shipping_price_net": {
        "_type": "Money",
        "amount": "40.48",
        "currency": "USD"
      },
      "shipping_price_gross": {
        "_type": "Money",
        "amount": "40.48",
        "currency": "USD"
      },
      "shipping_method_name": "China Post",
      "token": "e795f7b6-88a3-4d8a-9d8a-5a250290420c",
      "total_net": {
        "_type": "Money",
        "amount": "311.48",
        "currency": "USD"
      },
      "total_gross": {
        "_type": "Money",
        "amount": "311.48",
        "currency": "USD"
      },
      "voucher": null,
      "discount_amount": {
        "_type": "Money",
        "amount": "0.00",
        "currency": "USD"
      },
      "discount_name": "",
      "translated_discount_name": "",
      "display_gross_prices": true,
      "customer_note": "",
      "weight": "4.0 kg"
    }
  },
  {
    "model": "order.order",
    "pk": 24,
    "fields": {
      "created": "2018-12-04T15:29:39.854Z",
      "status": "partially fulfilled",
      "user": null,
      "language_code": "en",
      "tracking_client_id": "",
      "billing_address": 52,
      "shipping_address": 52,
      "user_email": "garrett.grimes@example.com",
      "shipping_method": null,
      "shipping_price_net": {
        "_type": "Money",
        "amount": "89.84",
        "currency": "USD"
      },
      "shipping_price_gross": {
        "_type": "Money",
        "amount": "89.84",
        "currency": "USD"
      },
      "shipping_method_name": "EMS",
      "token": "82db6104-a355-435b-bd11-25f21a2d5b5e",
      "total_net": {
        "_type": "Money",
        "amount": "248.84",
        "currency": "USD"
      },
      "total_gross": {
        "_type": "Money",
        "amount": "248.84",
        "currency": "USD"
      },
      "voucher": null,
      "discount_amount": {
        "_type": "Money",
        "amount": "0.00",
        "currency": "USD"
      },
      "discount_name": "",
      "translated_discount_name": "",
      "display_gross_prices": true,
      "customer_note": "",
      "weight": "4.0 kg"
    }
  },
  {
    "model": "order.order",
    "pk": 25,
    "fields": {
      "created": "2018-12-04T15:29:40.049Z",
      "status": "partially fulfilled",
      "user": null,
      "language_code": "en",
      "tracking_client_id": "",
      "billing_address": 53,
      "shipping_address": 53,
      "user_email": "james.turner@example.com",
      "shipping_method": null,
      "shipping_price_net": {
        "_type": "Money",
        "amount": "51.33",
        "currency": "USD"
      },
      "shipping_price_gross": {
        "_type": "Money",
        "amount": "51.33",
        "currency": "USD"
      },
      "shipping_method_name": "EMS",
      "token": "210fb037-b60f-433b-9472-401c71e51506",
      "total_net": {
        "_type": "Money",
        "amount": "306.33",
        "currency": "USD"
      },
      "total_gross": {
        "_type": "Money",
        "amount": "306.33",
        "currency": "USD"
      },
      "voucher": null,
      "discount_amount": {
        "_type": "Money",
        "amount": "0.00",
        "currency": "USD"
      },
      "discount_name": "",
      "translated_discount_name": "",
      "display_gross_prices": true,
      "customer_note": "",
      "weight": "4.0 kg"
    }
  },
  {
    "model": "order.order",
    "pk": 26,
    "fields": {
      "created": "2018-12-04T15:29:40.230Z",
      "status": "partially fulfilled",
      "user": null,
      "language_code": "en",
      "tracking_client_id": "",
      "billing_address": 54,
      "shipping_address": 54,
      "user_email": "cody.wu@example.com",
      "shipping_method": null,
      "shipping_price_net": {
        "_type": "Money",
        "amount": "92.64",
        "currency": "USD"
      },
      "shipping_price_gross": {
        "_type": "Money",
        "amount": "92.64",
        "currency": "USD"
      },
      "shipping_method_name": "TNT",
      "token": "8b46fe17-8090-4dc4-8d22-e7cc79f261fb",
      "total_net": {
        "_type": "Money",
        "amount": "338.64",
        "currency": "USD"
      },
      "total_gross": {
        "_type": "Money",
        "amount": "338.64",
        "currency": "USD"
      },
      "voucher": null,
      "discount_amount": {
        "_type": "Money",
        "amount": "0.00",
        "currency": "USD"
      },
      "discount_name": "",
      "translated_discount_name": "",
      "display_gross_prices": true,
      "customer_note": "",
      "weight": "4.0 kg"
    }
  },
  {
    "model": "order.order",
    "pk": 27,
    "fields": {
      "created": "2018-12-04T15:29:40.496Z",
      "status": "unfulfilled",
      "user": null,
      "language_code": "en",
      "tracking_client_id": "",
      "billing_address": 55,
      "shipping_address": 55,
      "user_email": "michael.good@example.com",
      "shipping_method": null,
      "shipping_price_net": {
        "_type": "Money",
        "amount": "51.65",
        "currency": "USD"
      },
      "shipping_price_gross": {
        "_type": "Money",
        "amount": "51.65",
        "currency": "USD"
      },
      "shipping_method_name": "FedEx Express",
      "token": "273e9534-5622-4fae-8716-e21a376c9a15",
      "total_net": {
        "_type": "Money",
        "amount": "231.65",
        "currency": "USD"
      },
      "total_gross": {
        "_type": "Money",
        "amount": "231.65",
        "currency": "USD"
      },
      "voucher": null,
      "discount_amount": {
        "_type": "Money",
        "amount": "0.00",
        "currency": "USD"
      },
      "discount_name": "",
      "translated_discount_name": "",
      "display_gross_prices": true,
      "customer_note": "",
      "weight": "2.0 kg"
    }
  },
  {
    "model": "order.order",
    "pk": 28,
    "fields": {
      "created": "2018-12-04T15:29:40.618Z",
      "status": "partially fulfilled",
      "user": 1,
      "language_code": "en",
      "tracking_client_id": "",
      "billing_address": 1,
      "shipping_address": 1,
      "user_email": "",
      "shipping_method": null,
      "shipping_price_net": {
        "_type": "Money",
        "amount": "98.50",
        "currency": "USD"
      },
      "shipping_price_gross": {
        "_type": "Money",
        "amount": "98.50",
        "currency": "USD"
      },
      "shipping_method_name": "FBA",
      "token": "9f40365b-f7db-49ad-9eb6-eb3ddcc57982",
      "total_net": {
        "_type": "Money",
        "amount": "188.50",
        "currency": "USD"
      },
      "total_gross": {
        "_type": "Money",
        "amount": "188.50",
        "currency": "USD"
      },
      "voucher": null,
      "discount_amount": {
        "_type": "Money",
        "amount": "0.00",
        "currency": "USD"
      },
      "discount_name": "",
      "translated_discount_name": "",
      "display_gross_prices": true,
      "customer_note": "",
      "weight": "2.0 kg"
    }
  },
  {
    "model": "order.order",
    "pk": 29,
    "fields": {
      "created": "2018-12-04T15:29:40.754Z",
      "status": "unfulfilled",
      "user": 17,
      "language_code": "en",
      "tracking_client_id": "",
      "billing_address": 17,
      "shipping_address": 17,
      "user_email": "",
      "shipping_method": null,
      "shipping_price_net": {
        "_type": "Money",
        "amount": "52.80",
        "currency": "USD"
      },
      "shipping_price_gross": {
        "_type": "Money",
        "amount": "52.80",
        "currency": "USD"
      },
      "shipping_method_name": "DB Schenker",
      "token": "49a36969-a300-42a7-be4a-c0de531316c6",
      "total_net": {
        "_type": "Money",
        "amount": "142.80",
        "currency": "USD"
      },
      "total_gross": {
        "_type": "Money",
        "amount": "142.80",
        "currency": "USD"
      },
      "voucher": null,
      "discount_amount": {
        "_type": "Money",
        "amount": "0.00",
        "currency": "USD"
      },
      "discount_name": "",
      "translated_discount_name": "",
      "display_gross_prices": true,
      "customer_note": "",
      "weight": "2.0 kg"
    }
  },
  {
    "model": "order.order",
    "pk": 30,
    "fields": {
      "created": "2018-12-04T15:29:40.958Z",
      "status": "partially fulfilled",
      "user": 8,
      "language_code": "en",
      "tracking_client_id": "",
      "billing_address": 8,
      "shipping_address": 8,
      "user_email": "",
      "shipping_method": null,
      "shipping_price_net": {
        "_type": "Money",
        "amount": "12.62",
        "currency": "USD"
      },
      "shipping_price_gross": {
        "_type": "Money",
        "amount": "12.62",
        "currency": "USD"
      },
      "shipping_method_name": "DHL",
      "token": "34fcd675-703f-48d2-9ecb-d38e7fec4987",
      "total_net": {
        "_type": "Money",
        "amount": "192.62",
        "currency": "USD"
      },
      "total_gross": {
        "_type": "Money",
        "amount": "192.62",
        "currency": "USD"
      },
      "voucher": null,
      "discount_amount": {
        "_type": "Money",
        "amount": "0.00",
        "currency": "USD"
      },
      "discount_name": "",
      "translated_discount_name": "",
      "display_gross_prices": true,
      "customer_note": "",
      "weight": "2.0 kg"
    }
  },
  {
    "model": "order.order",
    "pk": 31,
    "fields": {
      "created": "2018-12-04T15:29:41.112Z",
      "status": "partially fulfilled",
      "user": null,
      "language_code": "en",
      "tracking_client_id": "",
      "billing_address": 56,
      "shipping_address": 56,
      "user_email": "jacob.torres@example.com",
      "shipping_method": null,
      "shipping_price_net": {
        "_type": "Money",
        "amount": "60.20",
        "currency": "USD"
      },
      "shipping_price_gross": {
        "_type": "Money",
        "amount": "60.20",
        "currency": "USD"
      },
      "shipping_method_name": "TNT",
      "token": "ce5622d1-969a-4f0c-a6f5-b8c613fa5586",
      "total_net": {
        "_type": "Money",
        "amount": "136.00",
        "currency": "USD"
      },
      "total_gross": {
        "_type": "Money",
        "amount": "136.00",
        "currency": "USD"
      },
      "voucher": null,
      "discount_amount": {
        "_type": "Money",
        "amount": "0.00",
        "currency": "USD"
      },
      "discount_name": "",
      "translated_discount_name": "",
      "display_gross_prices": true,
      "customer_note": "",
      "weight": "3.0 kg"
    }
  },
  {
    "model": "order.order",
    "pk": 32,
    "fields": {
      "created": "2018-12-04T15:29:41.276Z",
      "status": "partially fulfilled",
      "user": null,
      "language_code": "en",
      "tracking_client_id": "",
      "billing_address": 57,
      "shipping_address": 57,
      "user_email": "matthew.brock@example.com",
      "shipping_method": null,
      "shipping_price_net": {
        "_type": "Money",
        "amount": "49.45",
        "currency": "USD"
      },
      "shipping_price_gross": {
        "_type": "Money",
        "amount": "49.45",
        "currency": "USD"
      },
      "shipping_method_name": "Post Office",
      "token": "f6ad6ae9-f16f-4f0f-af2f-2b0116e62634",
      "total_net": {
        "_type": "Money",
        "amount": "218.45",
        "currency": "USD"
      },
      "total_gross": {
        "_type": "Money",
        "amount": "218.45",
        "currency": "USD"
      },
      "voucher": null,
      "discount_amount": {
        "_type": "Money",
        "amount": "0.00",
        "currency": "USD"
      },
      "discount_name": "",
      "translated_discount_name": "",
      "display_gross_prices": true,
      "customer_note": "",
      "weight": "4.0 kg"
    }
  },
  {
    "model": "order.order",
    "pk": 33,
    "fields": {
      "created": "2018-12-04T15:29:41.461Z",
      "status": "partially fulfilled",
      "user": 32,
      "language_code": "en",
      "tracking_client_id": "",
      "billing_address": 42,
      "shipping_address": 42,
      "user_email": "",
      "shipping_method": null,
      "shipping_price_net": {
        "_type": "Money",
        "amount": "21.93",
        "currency": "USD"
      },
      "shipping_price_gross": {
        "_type": "Money",
        "amount": "21.93",
        "currency": "USD"
      },
      "shipping_method_name": "FedEx",
      "token": "87786acb-ff43-4767-be70-81fea4b1d1cb",
      "total_net": {
        "_type": "Money",
        "amount": "362.93",
        "currency": "USD"
      },
      "total_gross": {
        "_type": "Money",
        "amount": "362.93",
        "currency": "USD"
      },
      "voucher": null,
      "discount_amount": {
        "_type": "Money",
        "amount": "0.00",
        "currency": "USD"
      },
      "discount_name": "",
      "translated_discount_name": "",
      "display_gross_prices": true,
      "customer_note": "",
      "weight": "3.0 kg"
    }
  },
  {
    "model": "order.order",
    "pk": 34,
    "fields": {
      "created": "2018-12-04T15:29:41.672Z",
      "status": "partially fulfilled",
      "user": 36,
      "language_code": "en",
      "tracking_client_id": "",
      "billing_address": 46,
      "shipping_address": 46,
      "user_email": "",
      "shipping_method": null,
      "shipping_price_net": {
        "_type": "Money",
        "amount": "39.30",
        "currency": "USD"
      },
      "shipping_price_gross": {
        "_type": "Money",
        "amount": "39.30",
        "currency": "USD"
      },
      "shipping_method_name": "Post Office",
      "token": "1bbcd4bc-3ed2-46e1-85ca-351ad6d158e4",
      "total_net": {
        "_type": "Money",
        "amount": "339.30",
        "currency": "USD"
      },
      "total_gross": {
        "_type": "Money",
        "amount": "339.30",
        "currency": "USD"
      },
      "voucher": null,
      "discount_amount": {
        "_type": "Money",
        "amount": "0.00",
        "currency": "USD"
      },
      "discount_name": "",
      "translated_discount_name": "",
      "display_gross_prices": true,
      "customer_note": "",
      "weight": "4.0 kg"
    }
  },
  {
    "model": "order.order",
    "pk": 35,
    "fields": {
      "created": "2018-12-04T15:29:41.872Z",
      "status": "unfulfilled",
      "user": 36,
      "language_code": "en",
      "tracking_client_id": "",
      "billing_address": 46,
      "shipping_address": 46,
      "user_email": "",
      "shipping_method": null,
      "shipping_price_net": {
        "_type": "Money",
        "amount": "63.63",
        "currency": "USD"
      },
      "shipping_price_gross": {
        "_type": "Money",
        "amount": "63.63",
        "currency": "USD"
      },
      "shipping_method_name": "fastway couriers",
      "token": "d38f6146-01ec-417a-9f50-2e4fad302a09",
      "total_net": {
        "_type": "Money",
        "amount": "73.63",
        "currency": "USD"
      },
      "total_gross": {
        "_type": "Money",
        "amount": "73.63",
        "currency": "USD"
      },
      "voucher": null,
      "discount_amount": {
        "_type": "Money",
        "amount": "0.00",
        "currency": "USD"
      },
      "discount_name": "",
      "translated_discount_name": "",
      "display_gross_prices": true,
      "customer_note": "",
      "weight": "1.0 kg"
    }
  },
  {
    "model": "order.order",
    "pk": 36,
    "fields": {
      "created": "2018-12-04T15:29:41.974Z",
      "status": "unfulfilled",
      "user": null,
      "language_code": "en",
      "tracking_client_id": "",
      "billing_address": 58,
      "shipping_address": 58,
      "user_email": "daniel.burton@example.com",
      "shipping_method": null,
      "shipping_price_net": {
        "_type": "Money",
        "amount": "89.84",
        "currency": "USD"
      },
      "shipping_price_gross": {
        "_type": "Money",
        "amount": "89.84",
        "currency": "USD"
      },
      "shipping_method_name": "EMS",
      "token": "f0be3af8-8f57-498d-843e-15ba1427efb4",
      "total_net": {
        "_type": "Money",
        "amount": "179.84",
        "currency": "USD"
      },
      "total_gross": {
        "_type": "Money",
        "amount": "179.84",
        "currency": "USD"
      },
      "voucher": null,
      "discount_amount": {
        "_type": "Money",
        "amount": "0.00",
        "currency": "USD"
      },
      "discount_name": "",
      "translated_discount_name": "",
      "display_gross_prices": true,
      "customer_note": "",
      "weight": "2.0 kg"
    }
  },
  {
    "model": "order.order",
    "pk": 37,
    "fields": {
      "created": "2018-12-04T15:29:42.095Z",
      "status": "partially fulfilled",
      "user": 18,
      "language_code": "en",
      "tracking_client_id": "",
      "billing_address": 18,
      "shipping_address": 18,
      "user_email": "",
      "shipping_method": null,
      "shipping_price_net": {
        "_type": "Money",
        "amount": "12.62",
        "currency": "USD"
      },
      "shipping_price_gross": {
        "_type": "Money",
        "amount": "12.62",
        "currency": "USD"
      },
      "shipping_method_name": "DHL",
      "token": "93d60fcf-f57a-48cb-a136-bc53784112cc",
      "total_net": {
        "_type": "Money",
        "amount": "146.62",
        "currency": "USD"
      },
      "total_gross": {
        "_type": "Money",
        "amount": "146.62",
        "currency": "USD"
      },
      "voucher": null,
      "discount_amount": {
        "_type": "Money",
        "amount": "0.00",
        "currency": "USD"
      },
      "discount_name": "",
      "translated_discount_name": "",
      "display_gross_prices": true,
      "customer_note": "",
      "weight": "3.5 kg"
    }
  },
  {
    "model": "order.order",
    "pk": 38,
    "fields": {
      "created": "2018-12-04T15:29:42.268Z",
      "status": "partially fulfilled",
      "user": 2,
      "language_code": "en",
      "tracking_client_id": "",
      "billing_address": 2,
      "shipping_address": 2,
      "user_email": "",
      "shipping_method": null,
      "shipping_price_net": {
        "_type": "Money",
        "amount": "34.73",
        "currency": "USD"
      },
      "shipping_price_gross": {
        "_type": "Money",
        "amount": "34.73",
        "currency": "USD"
      },
      "shipping_method_name": "Oceania Air Mail",
      "token": "e4c7fb61-1b87-4910-b6d5-e818397d4b07",
      "total_net": {
        "_type": "Money",
        "amount": "184.73",
        "currency": "USD"
      },
      "total_gross": {
        "_type": "Money",
        "amount": "184.73",
        "currency": "USD"
      },
      "voucher": null,
      "discount_amount": {
        "_type": "Money",
        "amount": "0.00",
        "currency": "USD"
      },
      "discount_name": "",
      "translated_discount_name": "",
      "display_gross_prices": true,
      "customer_note": "",
      "weight": "2.0 kg"
    }
  },
  {
    "model": "order.order",
    "pk": 39,
    "fields": {
      "created": "2018-12-04T15:29:42.483Z",
      "status": "fulfilled",
      "user": null,
      "language_code": "en",
      "tracking_client_id": "",
      "billing_address": 59,
      "shipping_address": 59,
      "user_email": "bradley.watson@example.com",
      "shipping_method": null,
      "shipping_price_net": {
        "_type": "Money",
        "amount": "35.57",
        "currency": "USD"
      },
      "shipping_price_gross": {
        "_type": "Money",
        "amount": "35.57",
        "currency": "USD"
      },
      "shipping_method_name": "FBA",
      "token": "71e154c3-3eb6-430a-99d5-66f2a6f1d919",
      "total_net": {
        "_type": "Money",
        "amount": "95.57",
        "currency": "USD"
      },
      "total_gross": {
        "_type": "Money",
        "amount": "95.57",
        "currency": "USD"
      },
      "voucher": null,
      "discount_amount": {
        "_type": "Money",
        "amount": "0.00",
        "currency": "USD"
      },
      "discount_name": "",
      "translated_discount_name": "",
      "display_gross_prices": true,
      "customer_note": "",
      "weight": "1.0 kg"
    }
  },
  {
    "model": "order.order",
    "pk": 40,
    "fields": {
      "created": "2018-12-04T15:29:42.605Z",
      "status": "partially fulfilled",
      "user": null,
      "language_code": "en",
      "tracking_client_id": "",
      "billing_address": 60,
      "shipping_address": 60,
      "user_email": "ryan.whitaker@example.com",
      "shipping_method": null,
      "shipping_price_net": {
        "_type": "Money",
        "amount": "40.48",
        "currency": "USD"
      },
      "shipping_price_gross": {
        "_type": "Money",
        "amount": "40.48",
        "currency": "USD"
      },
      "shipping_method_name": "China Post",
      "token": "c4c88f52-a11b-4563-9d35-bbc1560d6095",
      "total_net": {
        "_type": "Money",
        "amount": "184.08",
        "currency": "USD"
      },
      "total_gross": {
        "_type": "Money",
        "amount": "184.08",
        "currency": "USD"
      },
      "voucher": null,
      "discount_amount": {
        "_type": "Money",
        "amount": "0.00",
        "currency": "USD"
      },
      "discount_name": "",
      "translated_discount_name": "",
      "display_gross_prices": true,
      "customer_note": "",
      "weight": "5.5 kg"
    }
  },
  {
    "model": "order.orderline",
    "pk": 1,
    "fields": {
      "order": 1,
      "variant": 176,
      "product_name": "Space Dust Navy Paint (5l)",
      "translated_product_name": "",
      "product_sku": "998223594",
      "is_shipping_required": true,
      "quantity": 2,
      "quantity_fulfilled": 1,
      "unit_price_net": {
        "_type": "Money",
        "amount": "49.00",
        "currency": "USD"
      },
      "unit_price_gross": {
        "_type": "Money",
        "amount": "49.00",
        "currency": "USD"
      },
      "tax_rate": "0.00"
    }
  },
  {
    "model": "order.orderline",
    "pk": 2,
    "fields": {
      "order": 1,
      "variant": 182,
      "product_name": "Light Speed Yellow Paint (5l)",
      "translated_product_name": "",
      "product_sku": "998323584",
      "is_shipping_required": true,
      "quantity": 4,
      "quantity_fulfilled": 0,
      "unit_price_net": {
        "_type": "Money",
        "amount": "49.00",
        "currency": "USD"
      },
      "unit_price_gross": {
        "_type": "Money",
        "amount": "49.00",
        "currency": "USD"
      },
      "tax_rate": "0.00"
    }
  },
  {
    "model": "order.orderline",
    "pk": 3,
    "fields": {
      "order": 1,
      "variant": 250,
      "product_name": "White Plimsolls (45)",
      "translated_product_name": "",
      "product_sku": "918223582",
      "is_shipping_required": true,
      "quantity": 2,
      "quantity_fulfilled": 0,
      "unit_price_net": {
        "_type": "Money",
        "amount": "49.00",
        "currency": "USD"
      },
      "unit_price_gross": {
        "_type": "Money",
        "amount": "49.00",
        "currency": "USD"
      },
      "tax_rate": "0.00"
    }
  },
  {
    "model": "order.orderline",
    "pk": 4,
    "fields": {
      "order": 1,
      "variant": 216,
      "product_name": "Coconut Juice (2l)",
      "translated_product_name": "",
      "product_sku": "84725784",
      "is_shipping_required": true,
      "quantity": 4,
      "quantity_fulfilled": 1,
      "unit_price_net": {
        "_type": "Money",
        "amount": "7.00",
        "currency": "USD"
      },
      "unit_price_gross": {
        "_type": "Money",
        "amount": "7.00",
        "currency": "USD"
      },
      "tax_rate": "0.00"
    }
  },
  {
    "model": "order.orderline",
    "pk": 5,
    "fields": {
      "order": 2,
      "variant": 216,
      "product_name": "Coconut Juice (2l)",
      "translated_product_name": "",
      "product_sku": "84725784",
      "is_shipping_required": true,
      "quantity": 2,
      "quantity_fulfilled": 0,
      "unit_price_net": {
        "_type": "Money",
        "amount": "7.00",
        "currency": "USD"
      },
      "unit_price_gross": {
        "_type": "Money",
        "amount": "7.00",
        "currency": "USD"
      },
      "tax_rate": "0.00"
    }
  },
  {
    "model": "order.orderline",
    "pk": 6,
    "fields": {
      "order": 2,
      "variant": 265,
      "product_name": "Polo Shirt (XXL)",
      "translated_product_name": "",
      "product_sku": "60597697",
      "is_shipping_required": true,
      "quantity": 2,
      "quantity_fulfilled": 0,
      "unit_price_net": {
        "_type": "Money",
        "amount": "30.00",
        "currency": "USD"
      },
      "unit_price_gross": {
        "_type": "Money",
        "amount": "30.00",
        "currency": "USD"
      },
      "tax_rate": "0.00"
    }
  },
  {
    "model": "order.orderline",
    "pk": 7,
    "fields": {
      "order": 2,
      "variant": 250,
      "product_name": "White Plimsolls (45)",
      "translated_product_name": "",
      "product_sku": "918223582",
      "is_shipping_required": true,
      "quantity": 1,
      "quantity_fulfilled": 1,
      "unit_price_net": {
        "_type": "Money",
        "amount": "49.00",
        "currency": "USD"
      },
      "unit_price_gross": {
        "_type": "Money",
        "amount": "49.00",
        "currency": "USD"
      },
      "tax_rate": "0.00"
    }
  },
  {
    "model": "order.orderline",
    "pk": 8,
    "fields": {
      "order": 2,
      "variant": 295,
      "product_name": "T-shirt (XXL)",
      "translated_product_name": "",
      "product_sku": "45179543",
      "is_shipping_required": true,
      "quantity": 2,
      "quantity_fulfilled": 0,
      "unit_price_net": {
        "_type": "Money",
        "amount": "30.00",
        "currency": "USD"
      },
      "unit_price_gross": {
        "_type": "Money",
        "amount": "30.00",
        "currency": "USD"
      },
      "tax_rate": "0.00"
    }
  },
  {
    "model": "order.orderline",
    "pk": 9,
    "fields": {
      "order": 3,
      "variant": 176,
      "product_name": "Space Dust Navy Paint (5l)",
      "translated_product_name": "",
      "product_sku": "998223594",
      "is_shipping_required": true,
      "quantity": 1,
      "quantity_fulfilled": 1,
      "unit_price_net": {
        "_type": "Money",
        "amount": "49.00",
        "currency": "USD"
      },
      "unit_price_gross": {
        "_type": "Money",
        "amount": "49.00",
        "currency": "USD"
      },
      "tax_rate": "0.00"
    }
  },
  {
    "model": "order.orderline",
    "pk": 10,
    "fields": {
      "order": 3,
      "variant": 213,
      "product_name": "Pineapple Juice (2l)",
      "translated_product_name": "",
      "product_sku": "75799450",
      "is_shipping_required": true,
      "quantity": 4,
      "quantity_fulfilled": 1,
      "unit_price_net": {
        "_type": "Money",
        "amount": "7.00",
        "currency": "USD"
      },
      "unit_price_gross": {
        "_type": "Money",
        "amount": "7.00",
        "currency": "USD"
      },
      "tax_rate": "0.00"
    }
  },
  {
    "model": "order.orderline",
    "pk": 11,
    "fields": {
      "order": 3,
      "variant": 270,
      "product_name": "Polo Shirt (XXL)",
      "translated_product_name": "",
      "product_sku": "17570141",
      "is_shipping_required": true,
      "quantity": 2,
      "quantity_fulfilled": 2,
      "unit_price_net": {
        "_type": "Money",
        "amount": "30.00",
        "currency": "USD"
      },
      "unit_price_gross": {
        "_type": "Money",
        "amount": "30.00",
        "currency": "USD"
      },
      "tax_rate": "0.00"
    }
  },
  {
    "model": "order.orderline",
    "pk": 12,
    "fields": {
      "order": 4,
      "variant": 173,
      "product_name": "Nebula Night Sky Paint (5l)",
      "translated_product_name": "",
      "product_sku": "546451999",
      "is_shipping_required": true,
      "quantity": 4,
      "quantity_fulfilled": 4,
      "unit_price_net": {
        "_type": "Money",
        "amount": "49.00",
        "currency": "USD"
      },
      "unit_price_gross": {
        "_type": "Money",
        "amount": "49.00",
        "currency": "USD"
      },
      "tax_rate": "0.00"
    }
  },
  {
    "model": "order.orderline",
    "pk": 13,
    "fields": {
      "order": 4,
      "variant": 216,
      "product_name": "Coconut Juice (2l)",
      "translated_product_name": "",
      "product_sku": "84725784",
      "is_shipping_required": true,
      "quantity": 1,
      "quantity_fulfilled": 0,
      "unit_price_net": {
        "_type": "Money",
        "amount": "7.00",
        "currency": "USD"
      },
      "unit_price_gross": {
        "_type": "Money",
        "amount": "7.00",
        "currency": "USD"
      },
      "tax_rate": "0.00"
    }
  },
  {
    "model": "order.orderline",
    "pk": 14,
    "fields": {
      "order": 5,
      "variant": 219,
      "product_name": "Power Juice (2l)",
      "translated_product_name": "",
      "product_sku": "80696397",
      "is_shipping_required": true,
      "quantity": 1,
      "quantity_fulfilled": 1,
      "unit_price_net": {
        "_type": "Money",
        "amount": "7.00",
        "currency": "USD"
      },
      "unit_price_gross": {
        "_type": "Money",
        "amount": "7.00",
        "currency": "USD"
      },
      "tax_rate": "0.00"
    }
  },
  {
    "model": "order.orderline",
    "pk": 15,
    "fields": {
      "order": 5,
      "variant": 246,
      "product_name": "Yellow Plimsolls (43)",
      "translated_product_name": "",
      "product_sku": "398323588",
      "is_shipping_required": true,
      "quantity": 1,
      "quantity_fulfilled": 0,
      "unit_price_net": {
        "_type": "Money",
        "amount": "59.00",
        "currency": "USD"
      },
      "unit_price_gross": {
        "_type": "Money",
        "amount": "59.00",
        "currency": "USD"
      },
      "tax_rate": "0.00"
    }
  },
  {
    "model": "order.orderline",
    "pk": 16,
    "fields": {
      "order": 6,
      "variant": 216,
      "product_name": "Coconut Juice (2l)",
      "translated_product_name": "",
      "product_sku": "84725784",
      "is_shipping_required": true,
      "quantity": 4,
      "quantity_fulfilled": 2,
      "unit_price_net": {
        "_type": "Money",
        "amount": "7.00",
        "currency": "USD"
      },
      "unit_price_gross": {
        "_type": "Money",
        "amount": "7.00",
        "currency": "USD"
      },
      "tax_rate": "0.00"
    }
  },
  {
    "model": "order.orderline",
    "pk": 17,
    "fields": {
      "order": 6,
      "variant": 216,
      "product_name": "Coconut Juice (2l)",
      "translated_product_name": "",
      "product_sku": "84725784",
      "is_shipping_required": true,
      "quantity": 3,
      "quantity_fulfilled": 0,
      "unit_price_net": {
        "_type": "Money",
        "amount": "7.00",
        "currency": "USD"
      },
      "unit_price_gross": {
        "_type": "Money",
        "amount": "7.00",
        "currency": "USD"
      },
      "tax_rate": "0.00"
    }
  },
  {
    "model": "order.orderline",
    "pk": 18,
    "fields": {
      "order": 7,
      "variant": 275,
      "product_name": "Polo Shirt (XXL)",
      "translated_product_name": "",
      "product_sku": "89820261",
      "is_shipping_required": true,
      "quantity": 3,
      "quantity_fulfilled": 0,
      "unit_price_net": {
        "_type": "Money",
        "amount": "30.00",
        "currency": "USD"
      },
      "unit_price_gross": {
        "_type": "Money",
        "amount": "30.00",
        "currency": "USD"
      },
      "tax_rate": "0.00"
    }
  },
  {
    "model": "order.orderline",
    "pk": 19,
    "fields": {
      "order": 7,
      "variant": 250,
      "product_name": "White Plimsolls (45)",
      "translated_product_name": "",
      "product_sku": "918223582",
      "is_shipping_required": true,
      "quantity": 4,
      "quantity_fulfilled": 1,
      "unit_price_net": {
        "_type": "Money",
        "amount": "49.00",
        "currency": "USD"
      },
      "unit_price_gross": {
        "_type": "Money",
        "amount": "49.00",
        "currency": "USD"
      },
      "tax_rate": "0.00"
    }
  },
  {
    "model": "order.orderline",
    "pk": 20,
    "fields": {
      "order": 8,
      "variant": 222,
      "product_name": "Green Juice (2l)",
      "translated_product_name": "",
      "product_sku": "30635751",
      "is_shipping_required": true,
      "quantity": 1,
      "quantity_fulfilled": 0,
      "unit_price_net": {
        "_type": "Money",
        "amount": "7.00",
        "currency": "USD"
      },
      "unit_price_gross": {
        "_type": "Money",
        "amount": "7.00",
        "currency": "USD"
      },
      "tax_rate": "0.00"
    }
  },
  {
    "model": "order.orderline",
    "pk": 21,
    "fields": {
      "order": 8,
      "variant": 210,
      "product_name": "Banana Juice (2l)",
      "translated_product_name": "",
      "product_sku": "40636347",
      "is_shipping_required": true,
      "quantity": 1,
      "quantity_fulfilled": 0,
      "unit_price_net": {
        "_type": "Money",
        "amount": "7.00",
        "currency": "USD"
      },
      "unit_price_gross": {
        "_type": "Money",
        "amount": "7.00",
        "currency": "USD"
      },
      "tax_rate": "0.00"
    }
  },
  {
    "model": "order.orderline",
    "pk": 22,
    "fields": {
      "order": 9,
      "variant": 285,
      "product_name": "T-shirt (XXL)",
      "translated_product_name": "",
      "product_sku": "21522631",
      "is_shipping_required": true,
      "quantity": 1,
      "quantity_fulfilled": 0,
      "unit_price_net": {
        "_type": "Money",
        "amount": "30.00",
        "currency": "USD"
      },
      "unit_price_gross": {
        "_type": "Money",
        "amount": "30.00",
        "currency": "USD"
      },
      "tax_rate": "0.00"
    }
  },
  {
    "model": "order.orderline",
    "pk": 23,
    "fields": {
      "order": 9,
      "variant": 198,
      "product_name": "Colored Parrot Cushion (55cm x 55cm)",
      "translated_product_name": "",
      "product_sku": "698223581",
      "is_shipping_required": true,
      "quantity": 2,
      "quantity_fulfilled": 0,
      "unit_price_net": {
        "_type": "Money",
        "amount": "20.00",
        "currency": "USD"
      },
      "unit_price_gross": {
        "_type": "Money",
        "amount": "20.00",
        "currency": "USD"
      },
      "tax_rate": "0.00"
    }
  },
  {
    "model": "order.orderline",
    "pk": 24,
    "fields": {
      "order": 10,
      "variant": 305,
      "product_name": "Blue Hoodie (XXL)",
      "translated_product_name": "",
      "product_sku": "43313080",
      "is_shipping_required": true,
      "quantity": 4,
      "quantity_fulfilled": 3,
      "unit_price_net": {
        "_type": "Money",
        "amount": "30.00",
        "currency": "USD"
      },
      "unit_price_gross": {
        "_type": "Money",
        "amount": "30.00",
        "currency": "USD"
      },
      "tax_rate": "0.00"
    }
  },
  {
    "model": "order.orderline",
    "pk": 25,
    "fields": {
      "order": 11,
      "variant": 275,
      "product_name": "Polo Shirt (XXL)",
      "translated_product_name": "",
      "product_sku": "89820261",
      "is_shipping_required": true,
      "quantity": 3,
      "quantity_fulfilled": 2,
      "unit_price_net": {
        "_type": "Money",
        "amount": "30.00",
        "currency": "USD"
      },
      "unit_price_gross": {
        "_type": "Money",
        "amount": "30.00",
        "currency": "USD"
      },
      "tax_rate": "0.00"
    }
  },
  {
    "model": "order.orderline",
    "pk": 26,
    "fields": {
      "order": 11,
      "variant": 265,
      "product_name": "Polo Shirt (XXL)",
      "translated_product_name": "",
      "product_sku": "60597697",
      "is_shipping_required": true,
      "quantity": 2,
      "quantity_fulfilled": 1,
      "unit_price_net": {
        "_type": "Money",
        "amount": "30.00",
        "currency": "USD"
      },
      "unit_price_gross": {
        "_type": "Money",
        "amount": "30.00",
        "currency": "USD"
      },
      "tax_rate": "0.00"
    }
  },
  {
    "model": "order.orderline",
    "pk": 27,
    "fields": {
      "order": 11,
      "variant": 200,
      "product_name": "White Parrot Cushion (55cm x 55cm)",
      "translated_product_name": "",
      "product_sku": "998223590",
      "is_shipping_required": true,
      "quantity": 2,
      "quantity_fulfilled": 0,
      "unit_price_net": {
        "_type": "Money",
        "amount": "20.00",
        "currency": "USD"
      },
      "unit_price_gross": {
        "_type": "Money",
        "amount": "20.00",
        "currency": "USD"
      },
      "tax_rate": "0.00"
    }
  },
  {
    "model": "order.orderline",
    "pk": 28,
    "fields": {
      "order": 11,
      "variant": 176,
      "product_name": "Space Dust Navy Paint (5l)",
      "translated_product_name": "",
      "product_sku": "998223594",
      "is_shipping_required": true,
      "quantity": 2,
      "quantity_fulfilled": 0,
      "unit_price_net": {
        "_type": "Money",
        "amount": "49.00",
        "currency": "USD"
      },
      "unit_price_gross": {
        "_type": "Money",
        "amount": "49.00",
        "currency": "USD"
      },
      "tax_rate": "0.00"
    }
  },
  {
    "model": "order.orderline",
    "pk": 29,
    "fields": {
      "order": 12,
      "variant": 260,
      "product_name": "Polo Shirt (XXL)",
      "translated_product_name": "",
      "product_sku": "85364796",
      "is_shipping_required": true,
      "quantity": 2,
      "quantity_fulfilled": 0,
      "unit_price_net": {
        "_type": "Money",
        "amount": "30.00",
        "currency": "USD"
      },
      "unit_price_gross": {
        "_type": "Money",
        "amount": "30.00",
        "currency": "USD"
      },
      "tax_rate": "0.00"
    }
  },
  {
    "model": "order.orderline",
    "pk": 30,
    "fields": {
      "order": 12,
      "variant": 198,
      "product_name": "Colored Parrot Cushion (55cm x 55cm)",
      "translated_product_name": "",
      "product_sku": "698223581",
      "is_shipping_required": true,
      "quantity": 4,
      "quantity_fulfilled": 2,
      "unit_price_net": {
        "_type": "Money",
        "amount": "20.00",
        "currency": "USD"
      },
      "unit_price_gross": {
        "_type": "Money",
        "amount": "20.00",
        "currency": "USD"
      },
      "tax_rate": "0.00"
    }
  },
  {
    "model": "order.orderline",
    "pk": 31,
    "fields": {
      "order": 12,
      "variant": 285,
      "product_name": "T-shirt (XXL)",
      "translated_product_name": "",
      "product_sku": "21522631",
      "is_shipping_required": true,
      "quantity": 4,
      "quantity_fulfilled": 3,
      "unit_price_net": {
        "_type": "Money",
        "amount": "30.00",
        "currency": "USD"
      },
      "unit_price_gross": {
        "_type": "Money",
        "amount": "30.00",
        "currency": "USD"
      },
      "tax_rate": "0.00"
    }
  },
  {
    "model": "order.orderline",
    "pk": 32,
    "fields": {
      "order": 12,
      "variant": 270,
      "product_name": "Polo Shirt (XXL)",
      "translated_product_name": "",
      "product_sku": "17570141",
      "is_shipping_required": true,
      "quantity": 2,
      "quantity_fulfilled": 0,
      "unit_price_net": {
        "_type": "Money",
        "amount": "30.00",
        "currency": "USD"
      },
      "unit_price_gross": {
        "_type": "Money",
        "amount": "30.00",
        "currency": "USD"
      },
      "tax_rate": "0.00"
    }
  },
  {
    "model": "order.orderline",
    "pk": 33,
    "fields": {
      "order": 13,
      "variant": 200,
      "product_name": "White Parrot Cushion (55cm x 55cm)",
      "translated_product_name": "",
      "product_sku": "998223590",
      "is_shipping_required": true,
      "quantity": 2,
      "quantity_fulfilled": 1,
      "unit_price_net": {
        "_type": "Money",
        "amount": "20.00",
        "currency": "USD"
      },
      "unit_price_gross": {
        "_type": "Money",
        "amount": "20.00",
        "currency": "USD"
      },
      "tax_rate": "0.00"
    }
  },
  {
    "model": "order.orderline",
    "pk": 34,
    "fields": {
      "order": 13,
      "variant": 310,
      "product_name": "Mustard Hoodie (XXL)",
      "translated_product_name": "",
      "product_sku": "42651772",
      "is_shipping_required": true,
      "quantity": 2,
      "quantity_fulfilled": 1,
      "unit_price_net": {
        "_type": "Money",
        "amount": "30.00",
        "currency": "USD"
      },
      "unit_price_gross": {
        "_type": "Money",
        "amount": "30.00",
        "currency": "USD"
      },
      "tax_rate": "0.00"
    }
  },
  {
    "model": "order.orderline",
    "pk": 35,
    "fields": {
      "order": 14,
      "variant": 194,
      "product_name": "White Wine (1231998121)",
      "translated_product_name": "",
      "product_sku": "1231998121",
      "is_shipping_required": true,
      "quantity": 1,
      "quantity_fulfilled": 1,
      "unit_price_net": {
        "_type": "Money",
        "amount": "15.00",
        "currency": "USD"
      },
      "unit_price_gross": {
        "_type": "Money",
        "amount": "15.00",
        "currency": "USD"
      },
      "tax_rate": "0.00"
    }
  },
  {
    "model": "order.orderline",
    "pk": 36,
    "fields": {
      "order": 14,
      "variant": 182,
      "product_name": "Light Speed Yellow Paint (5l)",
      "translated_product_name": "",
      "product_sku": "998323584",
      "is_shipping_required": true,
      "quantity": 3,
      "quantity_fulfilled": 3,
      "unit_price_net": {
        "_type": "Money",
        "amount": "49.00",
        "currency": "USD"
      },
      "unit_price_gross": {
        "_type": "Money",
        "amount": "49.00",
        "currency": "USD"
      },
      "tax_rate": "0.00"
    }
  },
  {
    "model": "order.orderline",
    "pk": 37,
    "fields": {
      "order": 15,
      "variant": 213,
      "product_name": "Pineapple Juice (2l)",
      "translated_product_name": "",
      "product_sku": "75799450",
      "is_shipping_required": true,
      "quantity": 4,
      "quantity_fulfilled": 1,
      "unit_price_net": {
        "_type": "Money",
        "amount": "7.00",
        "currency": "USD"
      },
      "unit_price_gross": {
        "_type": "Money",
        "amount": "7.00",
        "currency": "USD"
      },
      "tax_rate": "0.00"
    }
  },
  {
    "model": "order.orderline",
    "pk": 38,
    "fields": {
      "order": 15,
      "variant": 265,
      "product_name": "Polo Shirt (XXL)",
      "translated_product_name": "",
      "product_sku": "60597697",
      "is_shipping_required": true,
      "quantity": 1,
      "quantity_fulfilled": 0,
      "unit_price_net": {
        "_type": "Money",
        "amount": "30.00",
        "currency": "USD"
      },
      "unit_price_gross": {
        "_type": "Money",
        "amount": "30.00",
        "currency": "USD"
      },
      "tax_rate": "0.00"
    }
  },
  {
    "model": "order.orderline",
    "pk": 39,
    "fields": {
      "order": 15,
      "variant": 204,
      "product_name": "Apple Juice (2l)",
      "translated_product_name": "",
      "product_sku": "80884671",
      "is_shipping_required": true,
      "quantity": 1,
      "quantity_fulfilled": 1,
      "unit_price_net": {
        "_type": "Money",
        "amount": "7.00",
        "currency": "USD"
      },
      "unit_price_gross": {
        "_type": "Money",
        "amount": "7.00",
        "currency": "USD"
      },
      "tax_rate": "0.00"
    }
  },
  {
    "model": "order.orderline",
    "pk": 40,
    "fields": {
      "order": 16,
      "variant": 219,
      "product_name": "Power Juice (2l)",
      "translated_product_name": "",
      "product_sku": "80696397",
      "is_shipping_required": true,
      "quantity": 3,
      "quantity_fulfilled": 0,
      "unit_price_net": {
        "_type": "Money",
        "amount": "7.00",
        "currency": "USD"
      },
      "unit_price_gross": {
        "_type": "Money",
        "amount": "7.00",
        "currency": "USD"
      },
      "tax_rate": "0.00"
    }
  },
  {
    "model": "order.orderline",
    "pk": 41,
    "fields": {
      "order": 16,
      "variant": 295,
      "product_name": "T-shirt (XXL)",
      "translated_product_name": "",
      "product_sku": "45179543",
      "is_shipping_required": true,
      "quantity": 4,
      "quantity_fulfilled": 0,
      "unit_price_net": {
        "_type": "Money",
        "amount": "30.00",
        "currency": "USD"
      },
      "unit_price_gross": {
        "_type": "Money",
        "amount": "30.00",
        "currency": "USD"
      },
      "tax_rate": "0.00"
    }
  },
  {
    "model": "order.orderline",
    "pk": 42,
    "fields": {
      "order": 16,
      "variant": 213,
      "product_name": "Pineapple Juice (2l)",
      "translated_product_name": "",
      "product_sku": "75799450",
      "is_shipping_required": true,
      "quantity": 1,
      "quantity_fulfilled": 0,
      "unit_price_net": {
        "_type": "Money",
        "amount": "7.00",
        "currency": "USD"
      },
      "unit_price_gross": {
        "_type": "Money",
        "amount": "7.00",
        "currency": "USD"
      },
      "tax_rate": "0.00"
    }
  },
  {
    "model": "order.orderline",
    "pk": 43,
    "fields": {
      "order": 17,
      "variant": 300,
      "product_name": "Black Hoodie (XXL)",
      "translated_product_name": "",
      "product_sku": "61630747",
      "is_shipping_required": true,
      "quantity": 2,
      "quantity_fulfilled": 2,
      "unit_price_net": {
        "_type": "Money",
        "amount": "30.00",
        "currency": "USD"
      },
      "unit_price_gross": {
        "_type": "Money",
        "amount": "30.00",
        "currency": "USD"
      },
      "tax_rate": "0.00"
    }
  },
  {
    "model": "order.orderline",
    "pk": 44,
    "fields": {
      "order": 17,
      "variant": 200,
      "product_name": "White Parrot Cushion (55cm x 55cm)",
      "translated_product_name": "",
      "product_sku": "998223590",
      "is_shipping_required": true,
      "quantity": 3,
      "quantity_fulfilled": 0,
      "unit_price_net": {
        "_type": "Money",
        "amount": "20.00",
        "currency": "USD"
      },
      "unit_price_gross": {
        "_type": "Money",
        "amount": "20.00",
        "currency": "USD"
      },
      "tax_rate": "0.00"
    }
  },
  {
    "model": "order.orderline",
    "pk": 45,
    "fields": {
      "order": 18,
      "variant": 250,
      "product_name": "White Plimsolls (45)",
      "translated_product_name": "",
      "product_sku": "918223582",
      "is_shipping_required": true,
      "quantity": 4,
      "quantity_fulfilled": 0,
      "unit_price_net": {
        "_type": "Money",
        "amount": "49.00",
        "currency": "USD"
      },
      "unit_price_gross": {
        "_type": "Money",
        "amount": "49.00",
        "currency": "USD"
      },
      "tax_rate": "0.00"
    }
  },
  {
    "model": "order.orderline",
    "pk": 46,
    "fields": {
      "order": 19,
      "variant": 176,
      "product_name": "Space Dust Navy Paint (5l)",
      "translated_product_name": "",
      "product_sku": "998223594",
      "is_shipping_required": true,
      "quantity": 3,
      "quantity_fulfilled": 2,
      "unit_price_net": {
        "_type": "Money",
        "amount": "49.00",
        "currency": "USD"
      },
      "unit_price_gross": {
        "_type": "Money",
        "amount": "49.00",
        "currency": "USD"
      },
      "tax_rate": "0.00"
    }
  },
  {
    "model": "order.orderline",
    "pk": 47,
    "fields": {
      "order": 19,
      "variant": 176,
      "product_name": "Space Dust Navy Paint (5l)",
      "translated_product_name": "",
      "product_sku": "998223594",
      "is_shipping_required": true,
      "quantity": 3,
      "quantity_fulfilled": 2,
      "unit_price_net": {
        "_type": "Money",
        "amount": "49.00",
        "currency": "USD"
      },
      "unit_price_gross": {
        "_type": "Money",
        "amount": "49.00",
        "currency": "USD"
      },
      "tax_rate": "0.00"
    }
  },
  {
    "model": "order.orderline",
    "pk": 48,
    "fields": {
      "order": 20,
      "variant": 260,
      "product_name": "Polo Shirt (XXL)",
      "translated_product_name": "",
      "product_sku": "85364796",
      "is_shipping_required": true,
      "quantity": 2,
      "quantity_fulfilled": 0,
      "unit_price_net": {
        "_type": "Money",
        "amount": "30.00",
        "currency": "USD"
      },
      "unit_price_gross": {
        "_type": "Money",
        "amount": "30.00",
        "currency": "USD"
      },
      "tax_rate": "0.00"
    }
  },
  {
    "model": "order.orderline",
    "pk": 49,
    "fields": {
      "order": 20,
      "variant": 275,
      "product_name": "Polo Shirt (XXL)",
      "translated_product_name": "",
      "product_sku": "89820261",
      "is_shipping_required": true,
      "quantity": 4,
      "quantity_fulfilled": 3,
      "unit_price_net": {
        "_type": "Money",
        "amount": "30.00",
        "currency": "USD"
      },
      "unit_price_gross": {
        "_type": "Money",
        "amount": "30.00",
        "currency": "USD"
      },
      "tax_rate": "0.00"
    }
  },
  {
    "model": "order.orderline",
    "pk": 50,
    "fields": {
      "order": 20,
      "variant": 270,
      "product_name": "Polo Shirt (XXL)",
      "translated_product_name": "",
      "product_sku": "17570141",
      "is_shipping_required": true,
      "quantity": 4,
      "quantity_fulfilled": 2,
      "unit_price_net": {
        "_type": "Money",
        "amount": "30.00",
        "currency": "USD"
      },
      "unit_price_gross": {
        "_type": "Money",
        "amount": "30.00",
        "currency": "USD"
      },
      "tax_rate": "0.00"
    }
  },
  {
    "model": "order.orderline",
    "pk": 51,
    "fields": {
      "order": 21,
      "variant": 199,
      "product_name": "White Parrot Cushion (45cm x 45cm)",
      "translated_product_name": "",
      "product_sku": "987126191",
      "is_shipping_required": true,
      "quantity": 4,
      "quantity_fulfilled": 0,
      "unit_price_net": {
        "_type": "Money",
        "amount": "20.00",
        "currency": "USD"
      },
      "unit_price_gross": {
        "_type": "Money",
        "amount": "20.00",
        "currency": "USD"
      },
      "tax_rate": "0.00"
    }
  },
  {
    "model": "order.orderline",
    "pk": 52,
    "fields": {
      "order": 22,
      "variant": 281,
      "product_name": "T-shirt (S)",
      "translated_product_name": "",
      "product_sku": "76491340",
      "is_shipping_required": true,
      "quantity": 4,
      "quantity_fulfilled": 0,
      "unit_price_net": {
        "_type": "Money",
        "amount": "30.00",
        "currency": "USD"
      },
      "unit_price_gross": {
        "_type": "Money",
        "amount": "30.00",
        "currency": "USD"
      },
      "tax_rate": "0.00"
    }
  },
  {
    "model": "order.orderline",
    "pk": 53,
    "fields": {
      "order": 22,
      "variant": 296,
      "product_name": "Black Hoodie (S)",
      "translated_product_name": "",
      "product_sku": "62783187",
      "is_shipping_required": true,
      "quantity": 3,
      "quantity_fulfilled": 2,
      "unit_price_net": {
        "_type": "Money",
        "amount": "30.00",
        "currency": "USD"
      },
      "unit_price_gross": {
        "_type": "Money",
        "amount": "30.00",
        "currency": "USD"
      },
      "tax_rate": "0.00"
    }
  },
  {
    "model": "order.orderline",
    "pk": 54,
    "fields": {
      "order": 23,
      "variant": 256,
      "product_name": "Polo Shirt (S)",
      "translated_product_name": "",
      "product_sku": "29716755",
      "is_shipping_required": true,
      "quantity": 1,
      "quantity_fulfilled": 1,
      "unit_price_net": {
        "_type": "Money",
        "amount": "30.00",
        "currency": "USD"
      },
      "unit_price_gross": {
        "_type": "Money",
        "amount": "30.00",
        "currency": "USD"
      },
      "tax_rate": "0.00"
    }
  },
  {
    "model": "order.orderline",
    "pk": 55,
    "fields": {
      "order": 23,
      "variant": 242,
      "product_name": "Yellow Plimsolls (39)",
      "translated_product_name": "",
      "product_sku": "398323583",
      "is_shipping_required": true,
      "quantity": 2,
      "quantity_fulfilled": 0,
      "unit_price_net": {
        "_type": "Money",
        "amount": "59.00",
        "currency": "USD"
      },
      "unit_price_gross": {
        "_type": "Money",
        "amount": "59.00",
        "currency": "USD"
      },
      "tax_rate": "0.00"
    }
  },
  {
    "model": "order.orderline",
    "pk": 56,
    "fields": {
      "order": 23,
      "variant": 310,
      "product_name": "Mustard Hoodie (XXL)",
      "translated_product_name": "",
      "product_sku": "42651772",
      "is_shipping_required": true,
      "quantity": 4,
      "quantity_fulfilled": 0,
      "unit_price_net": {
        "_type": "Money",
        "amount": "30.00",
        "currency": "USD"
      },
      "unit_price_gross": {
        "_type": "Money",
        "amount": "30.00",
        "currency": "USD"
      },
      "tax_rate": "0.00"
    }
  },
  {
    "model": "order.orderline",
    "pk": 57,
    "fields": {
      "order": 23,
      "variant": 202,
      "product_name": "Apple Juice (500ml)",
      "translated_product_name": "",
      "product_sku": "93855755",
      "is_shipping_required": true,
      "quantity": 1,
      "quantity_fulfilled": 0,
      "unit_price_net": {
        "_type": "Money",
        "amount": "3.00",
        "currency": "USD"
      },
      "unit_price_gross": {
        "_type": "Money",
        "amount": "3.00",
        "currency": "USD"
      },
      "tax_rate": "0.00"
    }
  },
  {
    "model": "order.orderline",
    "pk": 58,
    "fields": {
      "order": 24,
      "variant": 311,
      "product_name": "White Hoodie (S)",
      "translated_product_name": "",
      "product_sku": "70760297",
      "is_shipping_required": true,
      "quantity": 2,
      "quantity_fulfilled": 1,
      "unit_price_net": {
        "_type": "Money",
        "amount": "30.00",
        "currency": "USD"
      },
      "unit_price_gross": {
        "_type": "Money",
        "amount": "30.00",
        "currency": "USD"
      },
      "tax_rate": "0.00"
    }
  },
  {
    "model": "order.orderline",
    "pk": 59,
    "fields": {
      "order": 24,
      "variant": 290,
      "product_name": "T-shirt (XXL)",
      "translated_product_name": "",
      "product_sku": "98653891",
      "is_shipping_required": true,
      "quantity": 2,
      "quantity_fulfilled": 0,
      "unit_price_net": {
        "_type": "Money",
        "amount": "30.00",
        "currency": "USD"
      },
      "unit_price_gross": {
        "_type": "Money",
        "amount": "30.00",
        "currency": "USD"
      },
      "tax_rate": "0.00"
    }
  },
  {
    "model": "order.orderline",
    "pk": 60,
    "fields": {
      "order": 24,
      "variant": 223,
      "product_name": "Bean Juice (500ml)",
      "translated_product_name": "",
      "product_sku": "57211177",
      "is_shipping_required": true,
      "quantity": 3,
      "quantity_fulfilled": 0,
      "unit_price_net": {
        "_type": "Money",
        "amount": "3.00",
        "currency": "USD"
      },
      "unit_price_gross": {
        "_type": "Money",
        "amount": "3.00",
        "currency": "USD"
      },
      "tax_rate": "0.00"
    }
  },
  {
    "model": "order.orderline",
    "pk": 61,
    "fields": {
      "order": 24,
      "variant": 306,
      "product_name": "Mustard Hoodie (S)",
      "translated_product_name": "",
      "product_sku": "33963052",
      "is_shipping_required": true,
      "quantity": 1,
      "quantity_fulfilled": 1,
      "unit_price_net": {
        "_type": "Money",
        "amount": "30.00",
        "currency": "USD"
      },
      "unit_price_gross": {
        "_type": "Money",
        "amount": "30.00",
        "currency": "USD"
      },
      "tax_rate": "0.00"
    }
  },
  {
    "model": "order.orderline",
    "pk": 62,
    "fields": {
      "order": 25,
      "variant": 174,
      "product_name": "Space Dust Navy Paint (1l)",
      "translated_product_name": "",
      "product_sku": "998223591",
      "is_shipping_required": true,
      "quantity": 1,
      "quantity_fulfilled": 0,
      "unit_price_net": {
        "_type": "Money",
        "amount": "15.00",
        "currency": "USD"
      },
      "unit_price_gross": {
        "_type": "Money",
        "amount": "15.00",
        "currency": "USD"
      },
      "tax_rate": "0.00"
    }
  },
  {
    "model": "order.orderline",
    "pk": 63,
    "fields": {
      "order": 25,
      "variant": 282,
      "product_name": "T-shirt (M)",
      "translated_product_name": "",
      "product_sku": "55101176",
      "is_shipping_required": true,
      "quantity": 2,
      "quantity_fulfilled": 0,
      "unit_price_net": {
        "_type": "Money",
        "amount": "30.00",
        "currency": "USD"
      },
      "unit_price_gross": {
        "_type": "Money",
        "amount": "30.00",
        "currency": "USD"
      },
      "tax_rate": "0.00"
    }
  },
  {
    "model": "order.orderline",
    "pk": 64,
    "fields": {
      "order": 25,
      "variant": 256,
      "product_name": "Polo Shirt (S)",
      "translated_product_name": "",
      "product_sku": "29716755",
      "is_shipping_required": true,
      "quantity": 2,
      "quantity_fulfilled": 2,
      "unit_price_net": {
        "_type": "Money",
        "amount": "30.00",
        "currency": "USD"
      },
      "unit_price_gross": {
        "_type": "Money",
        "amount": "30.00",
        "currency": "USD"
      },
      "tax_rate": "0.00"
    }
  },
  {
    "model": "order.orderline",
    "pk": 65,
    "fields": {
      "order": 25,
      "variant": 256,
      "product_name": "Polo Shirt (S)",
      "translated_product_name": "",
      "product_sku": "29716755",
      "is_shipping_required": true,
      "quantity": 4,
      "quantity_fulfilled": 0,
      "unit_price_net": {
        "_type": "Money",
        "amount": "30.00",
        "currency": "USD"
      },
      "unit_price_gross": {
        "_type": "Money",
        "amount": "30.00",
        "currency": "USD"
      },
      "tax_rate": "0.00"
    }
  },
  {
    "model": "order.orderline",
    "pk": 66,
    "fields": {
      "order": 26,
      "variant": 301,
      "product_name": "Blue Hoodie (S)",
      "translated_product_name": "",
      "product_sku": "15744278",
      "is_shipping_required": true,
      "quantity": 4,
      "quantity_fulfilled": 0,
      "unit_price_net": {
        "_type": "Money",
        "amount": "30.00",
        "currency": "USD"
      },
      "unit_price_gross": {
        "_type": "Money",
        "amount": "30.00",
        "currency": "USD"
      },
      "tax_rate": "0.00"
    }
  },
  {
    "model": "order.orderline",
    "pk": 67,
    "fields": {
      "order": 26,
      "variant": 223,
      "product_name": "Bean Juice (500ml)",
      "translated_product_name": "",
      "product_sku": "57211177",
      "is_shipping_required": true,
      "quantity": 1,
      "quantity_fulfilled": 0,
      "unit_price_net": {
        "_type": "Money",
        "amount": "3.00",
        "currency": "USD"
      },
      "unit_price_gross": {
        "_type": "Money",
        "amount": "3.00",
        "currency": "USD"
      },
      "tax_rate": "0.00"
    }
  },
  {
    "model": "order.orderline",
    "pk": 68,
    "fields": {
      "order": 26,
      "variant": 307,
      "product_name": "Mustard Hoodie (M)",
      "translated_product_name": "",
      "product_sku": "66846240",
      "is_shipping_required": true,
      "quantity": 4,
      "quantity_fulfilled": 0,
      "unit_price_net": {
        "_type": "Money",
        "amount": "30.00",
        "currency": "USD"
      },
      "unit_price_gross": {
        "_type": "Money",
        "amount": "30.00",
        "currency": "USD"
      },
      "tax_rate": "0.00"
    }
  },
  {
    "model": "order.orderline",
    "pk": 69,
    "fields": {
      "order": 26,
      "variant": 211,
      "product_name": "Pineapple Juice (500ml)",
      "translated_product_name": "",
      "product_sku": "43200242",
      "is_shipping_required": true,
      "quantity": 1,
      "quantity_fulfilled": 1,
      "unit_price_net": {
        "_type": "Money",
        "amount": "3.00",
        "currency": "USD"
      },
      "unit_price_gross": {
        "_type": "Money",
        "amount": "3.00",
        "currency": "USD"
      },
      "tax_rate": "0.00"
    }
  },
  {
    "model": "order.orderline",
    "pk": 70,
    "fields": {
      "order": 27,
      "variant": 283,
      "product_name": "T-shirt (L)",
      "translated_product_name": "",
      "product_sku": "28094954",
      "is_shipping_required": true,
      "quantity": 4,
      "quantity_fulfilled": 0,
      "unit_price_net": {
        "_type": "Money",
        "amount": "30.00",
        "currency": "USD"
      },
      "unit_price_gross": {
        "_type": "Money",
        "amount": "30.00",
        "currency": "USD"
      },
      "tax_rate": "0.00"
    }
  },
  {
    "model": "order.orderline",
    "pk": 71,
    "fields": {
      "order": 27,
      "variant": 261,
      "product_name": "Polo Shirt (S)",
      "translated_product_name": "",
      "product_sku": "44026421",
      "is_shipping_required": true,
      "quantity": 2,
      "quantity_fulfilled": 0,
      "unit_price_net": {
        "_type": "Money",
        "amount": "30.00",
        "currency": "USD"
      },
      "unit_price_gross": {
        "_type": "Money",
        "amount": "30.00",
        "currency": "USD"
      },
      "tax_rate": "0.00"
    }
  },
  {
    "model": "order.orderline",
    "pk": 72,
    "fields": {
      "order": 28,
      "variant": 177,
      "product_name": "Red Dwarf Red Paint (1l)",
      "translated_product_name": "",
      "product_sku": "998223582",
      "is_shipping_required": true,
      "quantity": 4,
      "quantity_fulfilled": 2,
      "unit_price_net": {
        "_type": "Money",
        "amount": "15.00",
        "currency": "USD"
      },
      "unit_price_gross": {
        "_type": "Money",
        "amount": "15.00",
        "currency": "USD"
      },
      "tax_rate": "0.00"
    }
  },
  {
    "model": "order.orderline",
    "pk": 73,
    "fields": {
      "order": 28,
      "variant": 171,
      "product_name": "Nebula Night Sky Paint (1l)",
      "translated_product_name": "",
      "product_sku": "546451996",
      "is_shipping_required": true,
      "quantity": 2,
      "quantity_fulfilled": 1,
      "unit_price_net": {
        "_type": "Money",
        "amount": "15.00",
        "currency": "USD"
      },
      "unit_price_gross": {
        "_type": "Money",
        "amount": "15.00",
        "currency": "USD"
      },
      "tax_rate": "0.00"
    }
  },
  {
    "model": "order.orderline",
    "pk": 74,
    "fields": {
      "order": 29,
      "variant": 261,
      "product_name": "Polo Shirt (S)",
      "translated_product_name": "",
      "product_sku": "44026421",
      "is_shipping_required": true,
      "quantity": 1,
      "quantity_fulfilled": 0,
      "unit_price_net": {
        "_type": "Money",
        "amount": "30.00",
        "currency": "USD"
      },
      "unit_price_gross": {
        "_type": "Money",
        "amount": "30.00",
        "currency": "USD"
      },
      "tax_rate": "0.00"
    }
  },
  {
    "model": "order.orderline",
    "pk": 75,
    "fields": {
      "order": 29,
      "variant": 183,
      "product_name": "Hyperspace Turquoise Paint (1l)",
      "translated_product_name": "",
      "product_sku": "998423582",
      "is_shipping_required": true,
      "quantity": 4,
      "quantity_fulfilled": 0,
      "unit_price_net": {
        "_type": "Money",
        "amount": "15.00",
        "currency": "USD"
      },
      "unit_price_gross": {
        "_type": "Money",
        "amount": "15.00",
        "currency": "USD"
      },
      "tax_rate": "0.00"
    }
  },
  {
    "model": "order.orderline",
    "pk": 76,
    "fields": {
      "order": 30,
      "variant": 251,
      "product_name": "Code Division T-shirt (S)",
      "translated_product_name": "",
      "product_sku": "988323583",
      "is_shipping_required": true,
      "quantity": 2,
      "quantity_fulfilled": 2,
      "unit_price_net": {
        "_type": "Money",
        "amount": "30.00",
        "currency": "USD"
      },
      "unit_price_gross": {
        "_type": "Money",
        "amount": "30.00",
        "currency": "USD"
      },
      "tax_rate": "0.00"
    }
  },
  {
    "model": "order.orderline",
    "pk": 77,
    "fields": {
      "order": 30,
      "variant": 302,
      "product_name": "Blue Hoodie (M)",
      "translated_product_name": "",
      "product_sku": "21599567",
      "is_shipping_required": true,
      "quantity": 4,
      "quantity_fulfilled": 3,
      "unit_price_net": {
        "_type": "Money",
        "amount": "30.00",
        "currency": "USD"
      },
      "unit_price_gross": {
        "_type": "Money",
        "amount": "30.00",
        "currency": "USD"
      },
      "tax_rate": "0.00"
    }
  },
  {
    "model": "order.orderline",
    "pk": 78,
    "fields": {
      "order": 31,
      "variant": 276,
      "product_name": "T-shirt (S)",
      "translated_product_name": "",
      "product_sku": "81115323",
      "is_shipping_required": true,
      "quantity": 2,
      "quantity_fulfilled": 2,
      "unit_price_net": {
        "_type": "Money",
        "amount": "30.00",
        "currency": "USD"
      },
      "unit_price_gross": {
        "_type": "Money",
        "amount": "30.00",
        "currency": "USD"
      },
      "tax_rate": "0.00"
    }
  },
  {
    "model": "order.orderline",
    "pk": 79,
    "fields": {
      "order": 31,
      "variant": 223,
      "product_name": "Bean Juice (500ml)",
      "translated_product_name": "",
      "product_sku": "57211177",
      "is_shipping_required": true,
      "quantity": 1,
      "quantity_fulfilled": 1,
      "unit_price_net": {
        "_type": "Money",
        "amount": "3.00",
        "currency": "USD"
      },
      "unit_price_gross": {
        "_type": "Money",
        "amount": "3.00",
        "currency": "USD"
      },
      "tax_rate": "0.00"
    }
  },
  {
    "model": "order.orderline",
    "pk": 80,
    "fields": {
      "order": 31,
      "variant": 196,
      "product_name": "Seaman Beer (98616713)",
      "translated_product_name": "",
      "product_sku": "98616713",
      "is_shipping_required": true,
      "quantity": 4,
      "quantity_fulfilled": 0,
      "unit_price_net": {
        "_type": "Money",
        "amount": "3.20",
        "currency": "USD"
      },
      "unit_price_gross": {
        "_type": "Money",
        "amount": "3.20",
        "currency": "USD"
      },
      "tax_rate": "0.00"
    }
  },
  {
    "model": "order.orderline",
    "pk": 81,
    "fields": {
      "order": 32,
      "variant": 291,
      "product_name": "T-shirt (S)",
      "translated_product_name": "",
      "product_sku": "77306807",
      "is_shipping_required": true,
      "quantity": 1,
      "quantity_fulfilled": 1,
      "unit_price_net": {
        "_type": "Money",
        "amount": "30.00",
        "currency": "USD"
      },
      "unit_price_gross": {
        "_type": "Money",
        "amount": "30.00",
        "currency": "USD"
      },
      "tax_rate": "0.00"
    }
  },
  {
    "model": "order.orderline",
    "pk": 82,
    "fields": {
      "order": 32,
      "variant": 303,
      "product_name": "Blue Hoodie (L)",
      "translated_product_name": "",
      "product_sku": "65363253",
      "is_shipping_required": true,
      "quantity": 1,
      "quantity_fulfilled": 0,
      "unit_price_net": {
        "_type": "Money",
        "amount": "30.00",
        "currency": "USD"
      },
      "unit_price_gross": {
        "_type": "Money",
        "amount": "30.00",
        "currency": "USD"
      },
      "tax_rate": "0.00"
    }
  },
  {
    "model": "order.orderline",
    "pk": 83,
    "fields": {
      "order": 32,
      "variant": 247,
      "product_name": "White Plimsolls (40)",
      "translated_product_name": "",
      "product_sku": "993223583",
      "is_shipping_required": true,
      "quantity": 1,
      "quantity_fulfilled": 0,
      "unit_price_net": {
        "_type": "Money",
        "amount": "49.00",
        "currency": "USD"
      },
      "unit_price_gross": {
        "_type": "Money",
        "amount": "49.00",
        "currency": "USD"
      },
      "tax_rate": "0.00"
    }
  },
  {
    "model": "order.orderline",
    "pk": 84,
    "fields": {
      "order": 32,
      "variant": 297,
      "product_name": "Black Hoodie (M)",
      "translated_product_name": "",
      "product_sku": "91406604",
      "is_shipping_required": true,
      "quantity": 2,
      "quantity_fulfilled": 0,
      "unit_price_net": {
        "_type": "Money",
        "amount": "30.00",
        "currency": "USD"
      },
      "unit_price_gross": {
        "_type": "Money",
        "amount": "30.00",
        "currency": "USD"
      },
      "tax_rate": "0.00"
    }
  },
  {
    "model": "order.orderline",
    "pk": 85,
    "fields": {
      "order": 33,
      "variant": 243,
      "product_name": "Yellow Plimsolls (40)",
      "translated_product_name": "",
      "product_sku": "398323584",
      "is_shipping_required": true,
      "quantity": 4,
      "quantity_fulfilled": 0,
      "unit_price_net": {
        "_type": "Money",
        "amount": "59.00",
        "currency": "USD"
      },
      "unit_price_gross": {
        "_type": "Money",
        "amount": "59.00",
        "currency": "USD"
      },
      "tax_rate": "0.00"
    }
  },
  {
    "model": "order.orderline",
    "pk": 86,
    "fields": {
      "order": 33,
      "variant": 177,
      "product_name": "Red Dwarf Red Paint (1l)",
      "translated_product_name": "",
      "product_sku": "998223582",
      "is_shipping_required": true,
      "quantity": 1,
      "quantity_fulfilled": 0,
      "unit_price_net": {
        "_type": "Money",
        "amount": "15.00",
        "currency": "USD"
      },
      "unit_price_gross": {
        "_type": "Money",
        "amount": "15.00",
        "currency": "USD"
      },
      "tax_rate": "0.00"
    }
  },
  {
    "model": "order.orderline",
    "pk": 87,
    "fields": {
      "order": 33,
      "variant": 312,
      "product_name": "White Hoodie (M)",
      "translated_product_name": "",
      "product_sku": "36334412",
      "is_shipping_required": true,
      "quantity": 3,
      "quantity_fulfilled": 2,
      "unit_price_net": {
        "_type": "Money",
        "amount": "30.00",
        "currency": "USD"
      },
      "unit_price_gross": {
        "_type": "Money",
        "amount": "30.00",
        "currency": "USD"
      },
      "tax_rate": "0.00"
    }
  },
  {
    "model": "order.orderline",
    "pk": 88,
    "fields": {
      "order": 34,
      "variant": 277,
      "product_name": "T-shirt (M)",
      "translated_product_name": "",
      "product_sku": "38254631",
      "is_shipping_required": true,
      "quantity": 3,
      "quantity_fulfilled": 1,
      "unit_price_net": {
        "_type": "Money",
        "amount": "30.00",
        "currency": "USD"
      },
      "unit_price_gross": {
        "_type": "Money",
        "amount": "30.00",
        "currency": "USD"
      },
      "tax_rate": "0.00"
    }
  },
  {
    "model": "order.orderline",
    "pk": 89,
    "fields": {
      "order": 34,
      "variant": 304,
      "product_name": "Blue Hoodie (XL)",
      "translated_product_name": "",
      "product_sku": "51987722",
      "is_shipping_required": true,
      "quantity": 2,
      "quantity_fulfilled": 2,
      "unit_price_net": {
        "_type": "Money",
        "amount": "30.00",
        "currency": "USD"
      },
      "unit_price_gross": {
        "_type": "Money",
        "amount": "30.00",
        "currency": "USD"
      },
      "tax_rate": "0.00"
    }
  },
  {
    "model": "order.orderline",
    "pk": 90,
    "fields": {
      "order": 34,
      "variant": 292,
      "product_name": "T-shirt (M)",
      "translated_product_name": "",
      "product_sku": "68848129",
      "is_shipping_required": true,
      "quantity": 2,
      "quantity_fulfilled": 1,
      "unit_price_net": {
        "_type": "Money",
        "amount": "30.00",
        "currency": "USD"
      },
      "unit_price_gross": {
        "_type": "Money",
        "amount": "30.00",
        "currency": "USD"
      },
      "tax_rate": "0.00"
    }
  },
  {
    "model": "order.orderline",
    "pk": 91,
    "fields": {
      "order": 34,
      "variant": 271,
      "product_name": "Polo Shirt (S)",
      "translated_product_name": "",
      "product_sku": "98530976",
      "is_shipping_required": true,
      "quantity": 3,
      "quantity_fulfilled": 3,
      "unit_price_net": {
        "_type": "Money",
        "amount": "30.00",
        "currency": "USD"
      },
      "unit_price_gross": {
        "_type": "Money",
        "amount": "30.00",
        "currency": "USD"
      },
      "tax_rate": "0.00"
    }
  },
  {
    "model": "order.orderline",
    "pk": 92,
    "fields": {
      "order": 35,
      "variant": 203,
      "product_name": "Apple Juice (1l)",
      "translated_product_name": "",
      "product_sku": "43226647",
      "is_shipping_required": true,
      "quantity": 2,
      "quantity_fulfilled": 0,
      "unit_price_net": {
        "_type": "Money",
        "amount": "5.00",
        "currency": "USD"
      },
      "unit_price_gross": {
        "_type": "Money",
        "amount": "5.00",
        "currency": "USD"
      },
      "tax_rate": "0.00"
    }
  },
  {
    "model": "order.orderline",
    "pk": 93,
    "fields": {
      "order": 36,
      "variant": 284,
      "product_name": "T-shirt (XL)",
      "translated_product_name": "",
      "product_sku": "40232182",
      "is_shipping_required": true,
      "quantity": 2,
      "quantity_fulfilled": 0,
      "unit_price_net": {
        "_type": "Money",
        "amount": "30.00",
        "currency": "USD"
      },
      "unit_price_gross": {
        "_type": "Money",
        "amount": "30.00",
        "currency": "USD"
      },
      "tax_rate": "0.00"
    }
  },
  {
    "model": "order.orderline",
    "pk": 94,
    "fields": {
      "order": 36,
      "variant": 180,
      "product_name": "Light Speed Yellow Paint (1l)",
      "translated_product_name": "",
      "product_sku": "998323582",
      "is_shipping_required": true,
      "quantity": 2,
      "quantity_fulfilled": 0,
      "unit_price_net": {
        "_type": "Money",
        "amount": "15.00",
        "currency": "USD"
      },
      "unit_price_gross": {
        "_type": "Money",
        "amount": "15.00",
        "currency": "USD"
      },
      "tax_rate": "0.00"
    }
  },
  {
    "model": "order.orderline",
    "pk": 95,
    "fields": {
      "order": 37,
      "variant": 277,
      "product_name": "T-shirt (M)",
      "translated_product_name": "",
      "product_sku": "38254631",
      "is_shipping_required": true,
      "quantity": 2,
      "quantity_fulfilled": 2,
      "unit_price_net": {
        "_type": "Money",
        "amount": "30.00",
        "currency": "USD"
      },
      "unit_price_gross": {
        "_type": "Money",
        "amount": "30.00",
        "currency": "USD"
      },
      "tax_rate": "0.00"
    }
  },
  {
    "model": "order.orderline",
    "pk": 96,
    "fields": {
      "order": 37,
      "variant": 214,
      "product_name": "Coconut Juice (500ml)",
      "translated_product_name": "",
      "product_sku": "3944859",
      "is_shipping_required": true,
      "quantity": 3,
      "quantity_fulfilled": 0,
      "unit_price_net": {
        "_type": "Money",
        "amount": "3.00",
        "currency": "USD"
      },
      "unit_price_gross": {
        "_type": "Money",
        "amount": "3.00",
        "currency": "USD"
      },
      "tax_rate": "0.00"
    }
  },
  {
    "model": "order.orderline",
    "pk": 97,
    "fields": {
      "order": 37,
      "variant": 198,
      "product_name": "Colored Parrot Cushion (55cm x 55cm)",
      "translated_product_name": "",
      "product_sku": "698223581",
      "is_shipping_required": true,
      "quantity": 1,
      "quantity_fulfilled": 0,
      "unit_price_net": {
        "_type": "Money",
        "amount": "20.00",
        "currency": "USD"
      },
      "unit_price_gross": {
        "_type": "Money",
        "amount": "20.00",
        "currency": "USD"
      },
      "tax_rate": "0.00"
    }
  },
  {
    "model": "order.orderline",
    "pk": 98,
    "fields": {
      "order": 37,
      "variant": 174,
      "product_name": "Space Dust Navy Paint (1l)",
      "translated_product_name": "",
      "product_sku": "998223591",
      "is_shipping_required": true,
      "quantity": 3,
      "quantity_fulfilled": 0,
      "unit_price_net": {
        "_type": "Money",
        "amount": "15.00",
        "currency": "USD"
      },
      "unit_price_gross": {
        "_type": "Money",
        "amount": "15.00",
        "currency": "USD"
      },
      "tax_rate": "0.00"
    }
  },
  {
    "model": "order.orderline",
    "pk": 99,
    "fields": {
      "order": 38,
      "variant": 278,
      "product_name": "T-shirt (L)",
      "translated_product_name": "",
      "product_sku": "11511539",
      "is_shipping_required": true,
      "quantity": 2,
      "quantity_fulfilled": 0,
      "unit_price_net": {
        "_type": "Money",
        "amount": "30.00",
        "currency": "USD"
      },
      "unit_price_gross": {
        "_type": "Money",
        "amount": "30.00",
        "currency": "USD"
      },
      "tax_rate": "0.00"
    }
  },
  {
    "model": "order.orderline",
    "pk": 100,
    "fields": {
      "order": 38,
      "variant": 256,
      "product_name": "Polo Shirt (S)",
      "translated_product_name": "",
      "product_sku": "29716755",
      "is_shipping_required": true,
      "quantity": 3,
      "quantity_fulfilled": 2,
      "unit_price_net": {
        "_type": "Money",
        "amount": "30.00",
        "currency": "USD"
      },
      "unit_price_gross": {
        "_type": "Money",
        "amount": "30.00",
        "currency": "USD"
      },
      "tax_rate": "0.00"
    }
  },
  {
    "model": "order.orderline",
    "pk": 101,
    "fields": {
      "order": 39,
      "variant": 272,
      "product_name": "Polo Shirt (M)",
      "translated_product_name": "",
      "product_sku": "46806935",
      "is_shipping_required": true,
      "quantity": 2,
      "quantity_fulfilled": 2,
      "unit_price_net": {
        "_type": "Money",
        "amount": "30.00",
        "currency": "USD"
      },
      "unit_price_gross": {
        "_type": "Money",
        "amount": "30.00",
        "currency": "USD"
      },
      "tax_rate": "0.00"
    }
  },
  {
    "model": "order.orderline",
    "pk": 102,
    "fields": {
      "order": 40,
      "variant": 196,
      "product_name": "Seaman Beer (98616713)",
      "translated_product_name": "",
      "product_sku": "98616713",
      "is_shipping_required": true,
      "quantity": 3,
      "quantity_fulfilled": 0,
      "unit_price_net": {
        "_type": "Money",
        "amount": "3.20",
        "currency": "USD"
      },
      "unit_price_gross": {
        "_type": "Money",
        "amount": "3.20",
        "currency": "USD"
      },
      "tax_rate": "0.00"
    }
  },
  {
    "model": "order.orderline",
    "pk": 103,
    "fields": {
      "order": 40,
      "variant": 304,
      "product_name": "Blue Hoodie (XL)",
      "translated_product_name": "",
      "product_sku": "51987722",
      "is_shipping_required": true,
      "quantity": 3,
      "quantity_fulfilled": 2,
      "unit_price_net": {
        "_type": "Money",
        "amount": "30.00",
        "currency": "USD"
      },
      "unit_price_gross": {
        "_type": "Money",
        "amount": "30.00",
        "currency": "USD"
      },
      "tax_rate": "0.00"
    }
  },
  {
    "model": "order.orderline",
    "pk": 104,
    "fields": {
      "order": 40,
      "variant": 211,
      "product_name": "Pineapple Juice (500ml)",
      "translated_product_name": "",
      "product_sku": "43200242",
      "is_shipping_required": true,
      "quantity": 3,
      "quantity_fulfilled": 3,
      "unit_price_net": {
        "_type": "Money",
        "amount": "3.00",
        "currency": "USD"
      },
      "unit_price_gross": {
        "_type": "Money",
        "amount": "3.00",
        "currency": "USD"
      },
      "tax_rate": "0.00"
    }
  },
  {
    "model": "order.orderline",
    "pk": 105,
    "fields": {
      "order": 40,
      "variant": 172,
      "product_name": "Nebula Night Sky Paint (2.5l)",
      "translated_product_name": "",
      "product_sku": "546451997",
      "is_shipping_required": true,
      "quantity": 1,
      "quantity_fulfilled": 0,
      "unit_price_net": {
        "_type": "Money",
        "amount": "35.00",
        "currency": "USD"
      },
      "unit_price_gross": {
        "_type": "Money",
        "amount": "35.00",
        "currency": "USD"
      },
      "tax_rate": "0.00"
    }
  },
  {
    "model": "order.fulfillment",
    "pk": 1,
    "fields": {
      "fulfillment_order": 1,
      "order": 1,
      "status": "fulfilled",
      "tracking_number": "",
      "shipping_date": "2018-11-30T20:24:44.620Z"
    }
  },
  {
    "model": "order.fulfillment",
    "pk": 2,
    "fields": {
      "fulfillment_order": 1,
      "order": 2,
      "status": "fulfilled",
      "tracking_number": "",
      "shipping_date": "2018-11-30T20:24:44.784Z"
    }
  },
  {
    "model": "order.fulfillment",
    "pk": 3,
    "fields": {
      "fulfillment_order": 1,
      "order": 3,
      "status": "fulfilled",
      "tracking_number": "",
      "shipping_date": "2018-11-30T20:24:44.953Z"
    }
  },
  {
    "model": "order.fulfillment",
    "pk": 4,
    "fields": {
      "fulfillment_order": 1,
      "order": 4,
      "status": "fulfilled",
      "tracking_number": "",
      "shipping_date": "2018-11-30T20:24:45.087Z"
    }
  },
  {
    "model": "order.fulfillment",
    "pk": 5,
    "fields": {
      "fulfillment_order": 1,
      "order": 5,
      "status": "fulfilled",
      "tracking_number": "",
      "shipping_date": "2018-11-30T20:24:45.226Z"
    }
  },
  {
    "model": "order.fulfillment",
    "pk": 6,
    "fields": {
      "fulfillment_order": 1,
      "order": 6,
      "status": "fulfilled",
      "tracking_number": "",
      "shipping_date": "2018-11-30T20:24:45.357Z"
    }
  },
  {
    "model": "order.fulfillment",
    "pk": 7,
    "fields": {
      "fulfillment_order": 1,
      "order": 7,
      "status": "fulfilled",
      "tracking_number": "",
      "shipping_date": "2018-11-30T20:24:45.501Z"
    }
  },
  {
    "model": "order.fulfillment",
    "pk": 8,
    "fields": {
      "fulfillment_order": 1,
      "order": 10,
      "status": "fulfilled",
      "tracking_number": "",
      "shipping_date": "2018-11-30T20:24:45.845Z"
    }
  },
  {
    "model": "order.fulfillment",
    "pk": 9,
    "fields": {
      "fulfillment_order": 1,
      "order": 11,
      "status": "fulfilled",
      "tracking_number": "",
      "shipping_date": "2018-11-30T20:24:46.024Z"
    }
  },
  {
    "model": "order.fulfillment",
    "pk": 10,
    "fields": {
      "fulfillment_order": 1,
      "order": 12,
      "status": "fulfilled",
      "tracking_number": "",
      "shipping_date": "2018-11-30T20:24:46.185Z"
    }
  },
  {
    "model": "order.fulfillment",
    "pk": 11,
    "fields": {
      "fulfillment_order": 1,
      "order": 13,
      "status": "fulfilled",
      "tracking_number": "",
      "shipping_date": "2018-11-30T20:24:46.344Z"
    }
  },
  {
    "model": "order.fulfillment",
    "pk": 12,
    "fields": {
      "fulfillment_order": 1,
      "order": 14,
      "status": "fulfilled",
      "tracking_number": "",
      "shipping_date": "2018-11-30T20:24:46.482Z"
    }
  },
  {
    "model": "order.fulfillment",
    "pk": 13,
    "fields": {
      "fulfillment_order": 1,
      "order": 15,
      "status": "fulfilled",
      "tracking_number": "",
      "shipping_date": "2018-11-30T20:24:46.618Z"
    }
  },
  {
    "model": "order.fulfillment",
    "pk": 14,
    "fields": {
      "fulfillment_order": 1,
      "order": 17,
      "status": "fulfilled",
      "tracking_number": "",
      "shipping_date": "2018-11-30T20:24:46.901Z"
    }
  },
  {
    "model": "order.fulfillment",
    "pk": 15,
    "fields": {
      "fulfillment_order": 1,
      "order": 19,
      "status": "fulfilled",
      "tracking_number": "",
      "shipping_date": "2018-11-30T20:24:47.118Z"
    }
  },
  {
    "model": "order.fulfillment",
    "pk": 16,
    "fields": {
      "fulfillment_order": 1,
      "order": 20,
      "status": "fulfilled",
      "tracking_number": "",
      "shipping_date": "2018-11-30T20:24:47.300Z"
    }
  },
  {
    "model": "order.fulfillment",
    "pk": 17,
    "fields": {
      "fulfillment_order": 1,
      "order": 22,
      "status": "fulfilled",
      "tracking_number": "",
      "shipping_date": "2018-12-04T15:29:39.660Z"
    }
  },
  {
    "model": "order.fulfillment",
    "pk": 18,
    "fields": {
      "fulfillment_order": 1,
      "order": 23,
      "status": "fulfilled",
      "tracking_number": "",
      "shipping_date": "2018-12-04T15:29:39.829Z"
    }
  },
  {
    "model": "order.fulfillment",
    "pk": 19,
    "fields": {
      "fulfillment_order": 1,
      "order": 24,
      "status": "fulfilled",
      "tracking_number": "",
      "shipping_date": "2018-12-04T15:29:40.024Z"
    }
  },
  {
    "model": "order.fulfillment",
    "pk": 20,
    "fields": {
      "fulfillment_order": 1,
      "order": 25,
      "status": "fulfilled",
      "tracking_number": "",
      "shipping_date": "2018-12-04T15:29:40.210Z"
    }
  },
  {
    "model": "order.fulfillment",
    "pk": 21,
    "fields": {
      "fulfillment_order": 1,
      "order": 26,
      "status": "fulfilled",
      "tracking_number": "",
      "shipping_date": "2018-12-04T15:29:40.477Z"
    }
  },
  {
    "model": "order.fulfillment",
    "pk": 22,
    "fields": {
      "fulfillment_order": 1,
      "order": 28,
      "status": "fulfilled",
      "tracking_number": "",
      "shipping_date": "2018-12-04T15:29:40.729Z"
    }
  },
  {
    "model": "order.fulfillment",
    "pk": 23,
    "fields": {
      "fulfillment_order": 1,
      "order": 30,
      "status": "fulfilled",
      "tracking_number": "",
      "shipping_date": "2018-12-04T15:29:41.088Z"
    }
  },
  {
    "model": "order.fulfillment",
    "pk": 24,
    "fields": {
      "fulfillment_order": 1,
      "order": 31,
      "status": "fulfilled",
      "tracking_number": "",
      "shipping_date": "2018-12-04T15:29:41.251Z"
    }
  },
  {
    "model": "order.fulfillment",
    "pk": 25,
    "fields": {
      "fulfillment_order": 1,
      "order": 32,
      "status": "fulfilled",
      "tracking_number": "",
      "shipping_date": "2018-12-04T15:29:41.443Z"
    }
  },
  {
    "model": "order.fulfillment",
    "pk": 26,
    "fields": {
      "fulfillment_order": 1,
      "order": 33,
      "status": "fulfilled",
      "tracking_number": "",
      "shipping_date": "2018-12-04T15:29:41.653Z"
    }
  },
  {
    "model": "order.fulfillment",
    "pk": 27,
    "fields": {
      "fulfillment_order": 1,
      "order": 34,
      "status": "fulfilled",
      "tracking_number": "",
      "shipping_date": "2018-12-04T15:29:41.838Z"
    }
  },
  {
    "model": "order.fulfillment",
    "pk": 28,
    "fields": {
      "fulfillment_order": 1,
      "order": 37,
      "status": "fulfilled",
      "tracking_number": "",
      "shipping_date": "2018-12-04T15:29:42.248Z"
    }
  },
  {
    "model": "order.fulfillment",
    "pk": 29,
    "fields": {
      "fulfillment_order": 1,
      "order": 38,
      "status": "fulfilled",
      "tracking_number": "",
      "shipping_date": "2018-12-04T15:29:42.463Z"
    }
  },
  {
    "model": "order.fulfillment",
    "pk": 30,
    "fields": {
      "fulfillment_order": 1,
      "order": 39,
      "status": "fulfilled",
      "tracking_number": "",
      "shipping_date": "2018-12-04T15:29:42.586Z"
    }
  },
  {
    "model": "order.fulfillment",
    "pk": 31,
    "fields": {
      "fulfillment_order": 1,
      "order": 40,
      "status": "fulfilled",
      "tracking_number": "",
      "shipping_date": "2018-12-04T15:29:42.927Z"
    }
  },
  {
    "model": "order.fulfillmentline",
    "pk": 1,
    "fields": {
      "order_line": 1,
      "fulfillment": 1,
      "quantity": 1
    }
  },
  {
    "model": "order.fulfillmentline",
    "pk": 2,
    "fields": {
      "order_line": 4,
      "fulfillment": 1,
      "quantity": 1
    }
  },
  {
    "model": "order.fulfillmentline",
    "pk": 3,
    "fields": {
      "order_line": 7,
      "fulfillment": 2,
      "quantity": 1
    }
  },
  {
    "model": "order.fulfillmentline",
    "pk": 4,
    "fields": {
      "order_line": 9,
      "fulfillment": 3,
      "quantity": 1
    }
  },
  {
    "model": "order.fulfillmentline",
    "pk": 5,
    "fields": {
      "order_line": 10,
      "fulfillment": 3,
      "quantity": 1
    }
  },
  {
    "model": "order.fulfillmentline",
    "pk": 6,
    "fields": {
      "order_line": 11,
      "fulfillment": 3,
      "quantity": 2
    }
  },
  {
    "model": "order.fulfillmentline",
    "pk": 7,
    "fields": {
      "order_line": 12,
      "fulfillment": 4,
      "quantity": 4
    }
  },
  {
    "model": "order.fulfillmentline",
    "pk": 8,
    "fields": {
      "order_line": 14,
      "fulfillment": 5,
      "quantity": 1
    }
  },
  {
    "model": "order.fulfillmentline",
    "pk": 9,
    "fields": {
      "order_line": 16,
      "fulfillment": 6,
      "quantity": 2
    }
  },
  {
    "model": "order.fulfillmentline",
    "pk": 10,
    "fields": {
      "order_line": 19,
      "fulfillment": 7,
      "quantity": 1
    }
  },
  {
    "model": "order.fulfillmentline",
    "pk": 11,
    "fields": {
      "order_line": 24,
      "fulfillment": 8,
      "quantity": 3
    }
  },
  {
    "model": "order.fulfillmentline",
    "pk": 12,
    "fields": {
      "order_line": 25,
      "fulfillment": 9,
      "quantity": 2
    }
  },
  {
    "model": "order.fulfillmentline",
    "pk": 13,
    "fields": {
      "order_line": 26,
      "fulfillment": 9,
      "quantity": 1
    }
  },
  {
    "model": "order.fulfillmentline",
    "pk": 14,
    "fields": {
      "order_line": 30,
      "fulfillment": 10,
      "quantity": 2
    }
  },
  {
    "model": "order.fulfillmentline",
    "pk": 15,
    "fields": {
      "order_line": 31,
      "fulfillment": 10,
      "quantity": 3
    }
  },
  {
    "model": "order.fulfillmentline",
    "pk": 16,
    "fields": {
      "order_line": 33,
      "fulfillment": 11,
      "quantity": 1
    }
  },
  {
    "model": "order.fulfillmentline",
    "pk": 17,
    "fields": {
      "order_line": 34,
      "fulfillment": 11,
      "quantity": 1
    }
  },
  {
    "model": "order.fulfillmentline",
    "pk": 18,
    "fields": {
      "order_line": 35,
      "fulfillment": 12,
      "quantity": 1
    }
  },
  {
    "model": "order.fulfillmentline",
    "pk": 19,
    "fields": {
      "order_line": 36,
      "fulfillment": 12,
      "quantity": 3
    }
  },
  {
    "model": "order.fulfillmentline",
    "pk": 20,
    "fields": {
      "order_line": 37,
      "fulfillment": 13,
      "quantity": 1
    }
  },
  {
    "model": "order.fulfillmentline",
    "pk": 21,
    "fields": {
      "order_line": 39,
      "fulfillment": 13,
      "quantity": 1
    }
  },
  {
    "model": "order.fulfillmentline",
    "pk": 22,
    "fields": {
      "order_line": 43,
      "fulfillment": 14,
      "quantity": 2
    }
  },
  {
    "model": "order.fulfillmentline",
    "pk": 23,
    "fields": {
      "order_line": 46,
      "fulfillment": 15,
      "quantity": 2
    }
  },
  {
    "model": "order.fulfillmentline",
    "pk": 24,
    "fields": {
      "order_line": 47,
      "fulfillment": 15,
      "quantity": 2
    }
  },
  {
    "model": "order.fulfillmentline",
    "pk": 25,
    "fields": {
      "order_line": 49,
      "fulfillment": 16,
      "quantity": 3
    }
  },
  {
    "model": "order.fulfillmentline",
    "pk": 26,
    "fields": {
      "order_line": 50,
      "fulfillment": 16,
      "quantity": 2
    }
  },
  {
    "model": "order.fulfillmentline",
    "pk": 27,
    "fields": {
      "order_line": 53,
      "fulfillment": 17,
      "quantity": 2
    }
  },
  {
    "model": "order.fulfillmentline",
    "pk": 28,
    "fields": {
      "order_line": 54,
      "fulfillment": 18,
      "quantity": 1
    }
  },
  {
    "model": "order.fulfillmentline",
    "pk": 29,
    "fields": {
      "order_line": 58,
      "fulfillment": 19,
      "quantity": 1
    }
  },
  {
    "model": "order.fulfillmentline",
    "pk": 30,
    "fields": {
      "order_line": 61,
      "fulfillment": 19,
      "quantity": 1
    }
  },
  {
    "model": "order.fulfillmentline",
    "pk": 31,
    "fields": {
      "order_line": 64,
      "fulfillment": 20,
      "quantity": 2
    }
  },
  {
    "model": "order.fulfillmentline",
    "pk": 32,
    "fields": {
      "order_line": 69,
      "fulfillment": 21,
      "quantity": 1
    }
  },
  {
    "model": "order.fulfillmentline",
    "pk": 33,
    "fields": {
      "order_line": 72,
      "fulfillment": 22,
      "quantity": 2
    }
  },
  {
    "model": "order.fulfillmentline",
    "pk": 34,
    "fields": {
      "order_line": 73,
      "fulfillment": 22,
      "quantity": 1
    }
  },
  {
    "model": "order.fulfillmentline",
    "pk": 35,
    "fields": {
      "order_line": 76,
      "fulfillment": 23,
      "quantity": 2
    }
  },
  {
    "model": "order.fulfillmentline",
    "pk": 36,
    "fields": {
      "order_line": 77,
      "fulfillment": 23,
      "quantity": 3
    }
  },
  {
    "model": "order.fulfillmentline",
    "pk": 37,
    "fields": {
      "order_line": 78,
      "fulfillment": 24,
      "quantity": 2
    }
  },
  {
    "model": "order.fulfillmentline",
    "pk": 38,
    "fields": {
      "order_line": 79,
      "fulfillment": 24,
      "quantity": 1
    }
  },
  {
    "model": "order.fulfillmentline",
    "pk": 39,
    "fields": {
      "order_line": 81,
      "fulfillment": 25,
      "quantity": 1
    }
  },
  {
    "model": "order.fulfillmentline",
    "pk": 40,
    "fields": {
      "order_line": 87,
      "fulfillment": 26,
      "quantity": 2
    }
  },
  {
    "model": "order.fulfillmentline",
    "pk": 41,
    "fields": {
      "order_line": 88,
      "fulfillment": 27,
      "quantity": 1
    }
  },
  {
    "model": "order.fulfillmentline",
    "pk": 42,
    "fields": {
      "order_line": 89,
      "fulfillment": 27,
      "quantity": 2
    }
  },
  {
    "model": "order.fulfillmentline",
    "pk": 43,
    "fields": {
      "order_line": 90,
      "fulfillment": 27,
      "quantity": 1
    }
  },
  {
    "model": "order.fulfillmentline",
    "pk": 44,
    "fields": {
      "order_line": 91,
      "fulfillment": 27,
      "quantity": 3
    }
  },
  {
    "model": "order.fulfillmentline",
    "pk": 45,
    "fields": {
      "order_line": 95,
      "fulfillment": 28,
      "quantity": 2
    }
  },
  {
    "model": "order.fulfillmentline",
    "pk": 46,
    "fields": {
      "order_line": 100,
      "fulfillment": 29,
      "quantity": 2
    }
  },
  {
    "model": "order.fulfillmentline",
    "pk": 47,
    "fields": {
      "order_line": 101,
      "fulfillment": 30,
      "quantity": 2
    }
  },
  {
    "model": "order.fulfillmentline",
    "pk": 48,
    "fields": {
      "order_line": 103,
      "fulfillment": 31,
      "quantity": 2
    }
  },
  {
    "model": "order.fulfillmentline",
    "pk": 49,
    "fields": {
      "order_line": 104,
      "fulfillment": 31,
      "quantity": 3
    }
  },
  {
    "model": "order.orderevent",
    "pk": 1,
    "fields": {
      "date": "2018-11-30T20:24:44.940Z",
      "type": "order_paid",
      "order": 3,
      "parameters": {},
      "user": null
    }
  },
  {
    "model": "order.orderevent",
    "pk": 2,
    "fields": {
      "date": "2018-11-30T20:24:44.944Z",
      "type": "email_sent",
      "order": 3,
      "parameters": {
        "email": "kathleen.thomas@example.com",
        "email_type": "payment_confirmation"
      },
      "user": null
    }
  },
  {
    "model": "order.orderevent",
    "pk": 3,
    "fields": {
      "date": "2018-11-30T20:24:45.072Z",
      "type": "order_paid",
      "order": 4,
      "parameters": {},
      "user": null
    }
  },
  {
    "model": "order.orderevent",
    "pk": 4,
    "fields": {
      "date": "2018-11-30T20:24:45.073Z",
      "type": "email_sent",
      "order": 4,
      "parameters": {
        "email": "joan.powell@example.com",
        "email_type": "payment_confirmation"
      },
      "user": null
    }
  },
  {
    "model": "order.orderevent",
    "pk": 5,
    "fields": {
      "date": "2018-11-30T20:24:45.212Z",
      "type": "order_paid",
      "order": 5,
      "parameters": {},
      "user": null
    }
  },
  {
    "model": "order.orderevent",
    "pk": 6,
    "fields": {
      "date": "2018-11-30T20:24:45.213Z",
      "type": "email_sent",
      "order": 5,
      "parameters": {
        "email": "angela.hammond@example.com",
        "email_type": "payment_confirmation"
      },
      "user": null
    }
  },
  {
    "model": "order.orderevent",
    "pk": 7,
    "fields": {
      "date": "2018-11-30T20:24:45.341Z",
      "type": "order_paid",
      "order": 6,
      "parameters": {},
      "user": null
    }
  },
  {
    "model": "order.orderevent",
    "pk": 8,
    "fields": {
      "date": "2018-11-30T20:24:45.343Z",
      "type": "email_sent",
      "order": 6,
      "parameters": {
        "email": "kayla.mann@example.com",
        "email_type": "payment_confirmation"
      },
      "user": null
    }
  },
  {
    "model": "order.orderevent",
    "pk": 9,
    "fields": {
      "date": "2018-11-30T20:24:45.493Z",
      "type": "order_paid",
      "order": 7,
      "parameters": {},
      "user": null
    }
  },
  {
    "model": "order.orderevent",
    "pk": 10,
    "fields": {
      "date": "2018-11-30T20:24:45.495Z",
      "type": "email_sent",
      "order": 7,
      "parameters": {
        "email": "miguel.jones@example.com",
        "email_type": "payment_confirmation"
      },
      "user": null
    }
  },
  {
    "model": "order.orderevent",
    "pk": 11,
    "fields": {
      "date": "2018-11-30T20:24:45.732Z",
      "type": "order_paid",
      "order": 9,
      "parameters": {},
      "user": null
    }
  },
  {
    "model": "order.orderevent",
    "pk": 12,
    "fields": {
      "date": "2018-11-30T20:24:45.734Z",
      "type": "email_sent",
      "order": 9,
      "parameters": {
        "email": "amanda.aguilar@example.com",
        "email_type": "payment_confirmation"
      },
      "user": null
    }
  },
  {
    "model": "order.orderevent",
    "pk": 13,
    "fields": {
      "date": "2018-11-30T20:24:45.837Z",
      "type": "order_paid",
      "order": 10,
      "parameters": {},
      "user": null
    }
  },
  {
    "model": "order.orderevent",
    "pk": 14,
    "fields": {
      "date": "2018-11-30T20:24:45.839Z",
      "type": "email_sent",
      "order": 10,
      "parameters": {
        "email": "karen.byrd@example.com",
        "email_type": "payment_confirmation"
      },
      "user": null
    }
  },
  {
    "model": "order.orderevent",
    "pk": 15,
    "fields": {
      "date": "2018-11-30T20:24:46.015Z",
      "type": "order_paid",
      "order": 11,
      "parameters": {},
      "user": null
    }
  },
  {
    "model": "order.orderevent",
    "pk": 16,
    "fields": {
      "date": "2018-11-30T20:24:46.017Z",
      "type": "email_sent",
      "order": 11,
      "parameters": {
        "email": "michelle.pierce@example.com",
        "email_type": "payment_confirmation"
      },
      "user": null
    }
  },
  {
    "model": "order.orderevent",
    "pk": 17,
    "fields": {
      "date": "2018-11-30T20:24:46.177Z",
      "type": "order_paid",
      "order": 12,
      "parameters": {},
      "user": null
    }
  },
  {
    "model": "order.orderevent",
    "pk": 18,
    "fields": {
      "date": "2018-11-30T20:24:46.178Z",
      "type": "email_sent",
      "order": 12,
      "parameters": {
        "email": "maria.young@example.com",
        "email_type": "payment_confirmation"
      },
      "user": null
    }
  },
  {
    "model": "order.orderevent",
    "pk": 19,
    "fields": {
      "date": "2018-11-30T20:24:46.328Z",
      "type": "order_paid",
      "order": 13,
      "parameters": {},
      "user": null
    }
  },
  {
    "model": "order.orderevent",
    "pk": 20,
    "fields": {
      "date": "2018-11-30T20:24:46.330Z",
      "type": "email_sent",
      "order": 13,
      "parameters": {
        "email": "joan.powell@example.com",
        "email_type": "payment_confirmation"
      },
      "user": null
    }
  },
  {
    "model": "order.orderevent",
    "pk": 21,
    "fields": {
      "date": "2018-11-30T20:24:46.771Z",
      "type": "order_paid",
      "order": 16,
      "parameters": {},
      "user": null
    }
  },
  {
    "model": "order.orderevent",
    "pk": 22,
    "fields": {
      "date": "2018-11-30T20:24:46.772Z",
      "type": "email_sent",
      "order": 16,
      "parameters": {
        "email": "danielle.reid@example.com",
        "email_type": "payment_confirmation"
      },
      "user": null
    }
  },
  {
    "model": "order.orderevent",
    "pk": 23,
    "fields": {
      "date": "2018-11-30T20:24:46.891Z",
      "type": "order_paid",
      "order": 17,
      "parameters": {},
      "user": null
    }
  },
  {
    "model": "order.orderevent",
    "pk": 24,
    "fields": {
      "date": "2018-11-30T20:24:46.893Z",
      "type": "email_sent",
      "order": 17,
      "parameters": {
        "email": "john.johnson@example.com",
        "email_type": "payment_confirmation"
      },
      "user": null
    }
  },
  {
    "model": "order.orderevent",
    "pk": 25,
    "fields": {
      "date": "2018-11-30T20:24:47.110Z",
      "type": "order_paid",
      "order": 19,
      "parameters": {},
      "user": null
    }
  },
  {
    "model": "order.orderevent",
    "pk": 26,
    "fields": {
      "date": "2018-11-30T20:24:47.111Z",
      "type": "email_sent",
      "order": 19,
      "parameters": {
        "email": "amy.harris@example.com",
        "email_type": "payment_confirmation"
      },
      "user": null
    }
  },
  {
    "model": "order.orderevent",
    "pk": 27,
    "fields": {
      "date": "2018-11-30T20:24:47.283Z",
      "type": "order_paid",
      "order": 20,
      "parameters": {},
      "user": null
    }
  },
  {
    "model": "order.orderevent",
    "pk": 28,
    "fields": {
      "date": "2018-11-30T20:24:47.284Z",
      "type": "email_sent",
      "order": 20,
      "parameters": {
        "email": "joan.powell@example.com",
        "email_type": "payment_confirmation"
      },
      "user": null
    }
  },
  {
    "model": "order.orderevent",
    "pk": 29,
    "fields": {
      "date": "2018-12-04T15:29:39.514Z",
      "type": "order_paid",
      "order": 21,
      "parameters": {},
      "user": null
    }
  },
  {
    "model": "order.orderevent",
    "pk": 30,
    "fields": {
      "date": "2018-12-04T15:29:39.519Z",
      "type": "email_sent",
      "order": 21,
      "parameters": {
        "email": "troy.young@example.com",
        "email_type": "payment_confirmation"
      },
      "user": null
    }
  },
  {
    "model": "order.orderevent",
    "pk": 31,
    "fields": {
      "date": "2018-12-04T15:29:39.650Z",
      "type": "order_paid",
      "order": 22,
      "parameters": {},
      "user": null
    }
  },
  {
    "model": "order.orderevent",
    "pk": 32,
    "fields": {
      "date": "2018-12-04T15:29:39.652Z",
      "type": "email_sent",
      "order": 22,
      "parameters": {
        "email": "timothy.gardner@example.com",
        "email_type": "payment_confirmation"
      },
      "user": null
    }
  },
  {
    "model": "order.orderevent",
    "pk": 33,
    "fields": {
      "date": "2018-12-04T15:29:40.015Z",
      "type": "order_paid",
      "order": 24,
      "parameters": {},
      "user": null
    }
  },
  {
    "model": "order.orderevent",
    "pk": 34,
    "fields": {
      "date": "2018-12-04T15:29:40.017Z",
      "type": "email_sent",
      "order": 24,
      "parameters": {
        "email": "garrett.grimes@example.com",
        "email_type": "payment_confirmation"
      },
      "user": null
    }
  },
  {
    "model": "order.orderevent",
    "pk": 35,
    "fields": {
      "date": "2018-12-04T15:29:40.201Z",
      "type": "order_paid",
      "order": 25,
      "parameters": {},
      "user": null
    }
  },
  {
    "model": "order.orderevent",
    "pk": 36,
    "fields": {
      "date": "2018-12-04T15:29:40.203Z",
      "type": "email_sent",
      "order": 25,
      "parameters": {
        "email": "james.turner@example.com",
        "email_type": "payment_confirmation"
      },
      "user": null
    }
  },
  {
    "model": "order.orderevent",
    "pk": 37,
    "fields": {
      "date": "2018-12-04T15:29:40.462Z",
      "type": "order_paid",
      "order": 26,
      "parameters": {},
      "user": null
    }
  },
  {
    "model": "order.orderevent",
    "pk": 38,
    "fields": {
      "date": "2018-12-04T15:29:40.464Z",
      "type": "email_sent",
      "order": 26,
      "parameters": {
        "email": "cody.wu@example.com",
        "email_type": "payment_confirmation"
      },
      "user": null
    }
  },
  {
    "model": "order.orderevent",
    "pk": 39,
    "fields": {
      "date": "2018-12-04T15:29:41.079Z",
      "type": "order_paid",
      "order": 30,
      "parameters": {},
      "user": null
    }
  },
  {
    "model": "order.orderevent",
    "pk": 40,
    "fields": {
      "date": "2018-12-04T15:29:41.081Z",
      "type": "email_sent",
      "order": 30,
      "parameters": {
        "email": "michelle.pierce@example.com",
        "email_type": "payment_confirmation"
      },
      "user": null
    }
  },
  {
    "model": "order.orderevent",
    "pk": 41,
    "fields": {
      "date": "2018-12-04T15:29:41.242Z",
      "type": "order_paid",
      "order": 31,
      "parameters": {},
      "user": null
    }
  },
  {
    "model": "order.orderevent",
    "pk": 42,
    "fields": {
      "date": "2018-12-04T15:29:41.244Z",
      "type": "email_sent",
      "order": 31,
      "parameters": {
        "email": "jacob.torres@example.com",
        "email_type": "payment_confirmation"
      },
      "user": null
    }
  },
  {
    "model": "order.orderevent",
    "pk": 43,
    "fields": {
      "date": "2018-12-04T15:29:41.427Z",
      "type": "order_paid",
      "order": 32,
      "parameters": {},
      "user": null
    }
  },
  {
    "model": "order.orderevent",
    "pk": 44,
    "fields": {
      "date": "2018-12-04T15:29:41.429Z",
      "type": "email_sent",
      "order": 32,
      "parameters": {
        "email": "matthew.brock@example.com",
        "email_type": "payment_confirmation"
      },
      "user": null
    }
  },
  {
    "model": "order.orderevent",
    "pk": 45,
    "fields": {
      "date": "2018-12-04T15:29:41.643Z",
      "type": "order_paid",
      "order": 33,
      "parameters": {},
      "user": null
    }
  },
  {
    "model": "order.orderevent",
    "pk": 46,
    "fields": {
      "date": "2018-12-04T15:29:41.645Z",
      "type": "email_sent",
      "order": 33,
      "parameters": {
        "email": "corey.walters@example.com",
        "email_type": "payment_confirmation"
      },
      "user": null
    }
  },
  {
    "model": "order.orderevent",
    "pk": 47,
    "fields": {
      "date": "2018-12-04T15:29:41.823Z",
      "type": "order_paid",
      "order": 34,
      "parameters": {},
      "user": null
    }
  },
  {
    "model": "order.orderevent",
    "pk": 48,
    "fields": {
      "date": "2018-12-04T15:29:41.825Z",
      "type": "email_sent",
      "order": 34,
      "parameters": {
        "email": "jacqueline.acosta@example.com",
        "email_type": "payment_confirmation"
      },
      "user": null
    }
  },
  {
    "model": "order.orderevent",
    "pk": 49,
    "fields": {
      "date": "2018-12-04T15:29:42.240Z",
      "type": "order_paid",
      "order": 37,
      "parameters": {},
      "user": null
    }
  },
  {
    "model": "order.orderevent",
    "pk": 50,
    "fields": {
      "date": "2018-12-04T15:29:42.241Z",
      "type": "email_sent",
      "order": 37,
      "parameters": {
        "email": "katherine.knapp@example.com",
        "email_type": "payment_confirmation"
      },
      "user": null
    }
  },
  {
    "model": "order.orderevent",
    "pk": 51,
    "fields": {
      "date": "2018-12-04T15:29:42.454Z",
      "type": "order_paid",
      "order": 38,
      "parameters": {},
      "user": null
    }
  },
  {
    "model": "order.orderevent",
    "pk": 52,
    "fields": {
      "date": "2018-12-04T15:29:42.456Z",
      "type": "email_sent",
      "order": 38,
      "parameters": {
        "email": "amy.harris@example.com",
        "email_type": "payment_confirmation"
      },
      "user": null
    }
  },
  {
    "model": "order.orderevent",
    "pk": 53,
    "fields": {
      "date": "2018-12-04T15:29:42.577Z",
      "type": "order_paid",
      "order": 39,
      "parameters": {},
      "user": null
    }
  },
  {
    "model": "order.orderevent",
    "pk": 54,
    "fields": {
      "date": "2018-12-04T15:29:42.579Z",
      "type": "email_sent",
      "order": 39,
      "parameters": {
        "email": "bradley.watson@example.com",
        "email_type": "payment_confirmation"
      },
      "user": null
    }
  },
  {
    "model": "order.orderevent",
    "pk": 55,
    "fields": {
      "date": "2018-12-04T15:29:42.919Z",
      "type": "order_paid",
      "order": 40,
      "parameters": {},
      "user": null
    }
  },
  {
    "model": "order.orderevent",
    "pk": 56,
    "fields": {
      "date": "2018-12-04T15:29:42.920Z",
      "type": "email_sent",
      "order": 40,
      "parameters": {
        "email": "ryan.whitaker@example.com",
        "email_type": "payment_confirmation"
      },
      "user": null
    }
  },
  {
    "model": "shipping.shippingzone",
    "pk": 1,
    "fields": {
      "name": "Europe",
      "countries": "AX,AL,AD,AT,BY,BE,BA,BG,HR,CZ,DK,EE,FO,FI,FR,DE,GI,GR,GG,VA,HU,IS,IE,IM,IT,JE,LV,LI,LT,LU,MK,MT,MD,MC,ME,NL,NO,PL,PT,RO,RU,SM,RS,SK,SI,ES,SJ,SE,CH,UA,GB",
      "default": false
    }
  },
  {
    "model": "shipping.shippingzone",
    "pk": 2,
    "fields": {
      "name": "Oceania",
      "countries": "AS,AU,CX,CC,CK,FJ,PF,GU,HM,KI,MH,FM,NR,NC,NZ,NU,NF,MP,PW,PG,PN,WS,SB,TK,TO,TV,UM,VU,WF",
      "default": false
    }
  },
  {
    "model": "shipping.shippingzone",
    "pk": 3,
    "fields": {
      "name": "Asia",
      "countries": "AF,AM,AZ,BH,BD,BT,BN,KH,CN,CY,GE,HK,IN,ID,IR,IQ,IL,JP,JO,KZ,KP,KR,KW,KG,LA,LB,MO,MY,MV,MN,MM,NP,OM,PK,PS,PH,QA,SA,SG,LK,SY,TW,TJ,TH,TL,TR,TM,AE,UZ,VN,YE",
      "default": false
    }
  },
  {
    "model": "shipping.shippingzone",
    "pk": 4,
    "fields": {
      "name": "Americas",
      "countries": "AI,AG,AR,AW,BS,BB,BZ,BM,BO,BQ,BV,BR,CA,KY,CL,CO,CR,CU,CW,DM,DO,EC,SV,FK,GF,GL,GD,GP,GT,GY,HT,HN,JM,MQ,MX,MS,NI,PA,PY,PE,PR,BL,KN,LC,MF,PM,VC,SX,GS,SR,TT,TC,US,UY,VE,VG,VI",
      "default": false
    }
  },
  {
    "model": "shipping.shippingzone",
    "pk": 5,
    "fields": {
      "name": "Africa",
      "countries": "DZ,AO,BJ,BW,IO,BF,BI,CV,CM,CF,TD,KM,CG,CD,CI,DJ,EG,GQ,ER,SZ,ET,TF,GA,GM,GH,GN,GW,KE,LS,LR,LY,MG,MW,ML,MR,MU,YT,MA,MZ,NA,NE,NG,RE,RW,SH,ST,SN,SC,SL,SO,ZA,SS,SD,TZ,TG,TN,UG,EH,ZM,ZW",
      "default": false
    }
  },
  {
    "model": "shipping.shippingmethod",
    "pk": 1,
    "fields": {
      "name": "DHL",
      "type": "weight",
      "price": {
        "_type": "Money",
        "amount": "7.46",
        "currency": "USD"
      },
      "shipping_zone": 1,
      "minimum_order_price": {
        "_type": "Money",
        "amount": "92.49",
        "currency": "USD"
      },
      "maximum_order_price": null,
      "minimum_order_weight": "0.14 kg",
      "maximum_order_weight": null
    }
  },
  {
    "model": "shipping.shippingmethod",
    "pk": 2,
    "fields": {
      "name": "UPS",
      "type": "weight",
      "price": {
        "_type": "Money",
        "amount": "45.76",
        "currency": "USD"
      },
      "shipping_zone": 1,
      "minimum_order_price": {
        "_type": "Money",
        "amount": "22.75",
        "currency": "USD"
      },
      "maximum_order_price": null,
      "minimum_order_weight": "8.22 kg",
      "maximum_order_weight": null
    }
  },
  {
    "model": "shipping.shippingmethod",
    "pk": 3,
    "fields": {
      "name": "Registred priority",
      "type": "price",
      "price": {
        "_type": "Money",
        "amount": "41.20",
        "currency": "USD"
      },
      "shipping_zone": 1,
      "minimum_order_price": {
        "_type": "Money",
        "amount": "14.60",
        "currency": "USD"
      },
      "maximum_order_price": null,
      "minimum_order_weight": "5.16 kg",
      "maximum_order_weight": null
    }
  },
  {
    "model": "shipping.shippingmethod",
    "pk": 4,
    "fields": {
      "name": "DB Schenker",
      "type": "price",
      "price": {
        "_type": "Money",
        "amount": "53.85",
        "currency": "USD"
      },
      "shipping_zone": 1,
      "minimum_order_price": {
        "_type": "Money",
        "amount": "35.70",
        "currency": "USD"
      },
      "maximum_order_price": null,
      "minimum_order_weight": "1.15 kg",
      "maximum_order_weight": null
    }
  },
  {
    "model": "shipping.shippingmethod",
    "pk": 5,
    "fields": {
      "name": "FBA",
      "type": "price",
      "price": {
        "_type": "Money",
        "amount": "35.57",
        "currency": "USD"
      },
      "shipping_zone": 2,
      "minimum_order_price": {
        "_type": "Money",
        "amount": "80.64",
        "currency": "USD"
      },
      "maximum_order_price": null,
      "minimum_order_weight": "7.63 kg",
      "maximum_order_weight": null
    }
  },
  {
    "model": "shipping.shippingmethod",
    "pk": 6,
    "fields": {
      "name": "FedEx Express",
      "type": "weight",
      "price": {
        "_type": "Money",
        "amount": "51.65",
        "currency": "USD"
      },
      "shipping_zone": 2,
      "minimum_order_price": {
        "_type": "Money",
        "amount": "68.37",
        "currency": "USD"
      },
      "maximum_order_price": null,
      "minimum_order_weight": "7.14 kg",
      "maximum_order_weight": null
    }
  },
  {
    "model": "shipping.shippingmethod",
    "pk": 7,
    "fields": {
      "name": "Oceania Air Mail",
      "type": "price",
      "price": {
        "_type": "Money",
        "amount": "34.73",
        "currency": "USD"
      },
      "shipping_zone": 2,
      "minimum_order_price": {
        "_type": "Money",
        "amount": "36.76",
        "currency": "USD"
      },
      "maximum_order_price": null,
      "minimum_order_weight": "9.14 kg",
      "maximum_order_weight": null
    }
  },
  {
    "model": "shipping.shippingmethod",
    "pk": 8,
    "fields": {
      "name": "China Post",
      "type": "weight",
      "price": {
        "_type": "Money",
        "amount": "40.48",
        "currency": "USD"
      },
      "shipping_zone": 3,
      "minimum_order_price": {
        "_type": "Money",
        "amount": "77.76",
        "currency": "USD"
      },
      "maximum_order_price": null,
      "minimum_order_weight": "9.69 kg",
      "maximum_order_weight": null
    }
  },
  {
    "model": "shipping.shippingmethod",
    "pk": 9,
    "fields": {
      "name": "TNT",
      "type": "weight",
      "price": {
        "_type": "Money",
        "amount": "60.20",
        "currency": "USD"
      },
      "shipping_zone": 3,
      "minimum_order_price": {
        "_type": "Money",
        "amount": "61.77",
        "currency": "USD"
      },
      "maximum_order_price": null,
      "minimum_order_weight": "8.11 kg",
      "maximum_order_weight": null
    }
  },
  {
    "model": "shipping.shippingmethod",
    "pk": 10,
    "fields": {
      "name": "Aramex",
      "type": "price",
      "price": {
        "_type": "Money",
        "amount": "75.29",
        "currency": "USD"
      },
      "shipping_zone": 3,
      "minimum_order_price": {
        "_type": "Money",
        "amount": "3.15",
        "currency": "USD"
      },
      "maximum_order_price": null,
      "minimum_order_weight": "2.82 kg",
      "maximum_order_weight": null
    }
  },
  {
    "model": "shipping.shippingmethod",
    "pk": 11,
    "fields": {
      "name": "EMS",
      "type": "price",
      "price": {
        "_type": "Money",
        "amount": "73.80",
        "currency": "USD"
      },
      "shipping_zone": 3,
      "minimum_order_price": {
        "_type": "Money",
        "amount": "25.95",
        "currency": "USD"
      },
      "maximum_order_price": null,
      "minimum_order_weight": "1.97 kg",
      "maximum_order_weight": null
    }
  },
  {
    "model": "shipping.shippingmethod",
    "pk": 12,
    "fields": {
      "name": "DHL",
      "type": "price",
      "price": {
        "_type": "Money",
        "amount": "12.62",
        "currency": "USD"
      },
      "shipping_zone": 4,
      "minimum_order_price": {
        "_type": "Money",
        "amount": "19.62",
        "currency": "USD"
      },
      "maximum_order_price": null,
      "minimum_order_weight": "5.44 kg",
      "maximum_order_weight": null
    }
  },
  {
    "model": "shipping.shippingmethod",
    "pk": 13,
    "fields": {
      "name": "UPS",
      "type": "weight",
      "price": {
        "_type": "Money",
        "amount": "94.70",
        "currency": "USD"
      },
      "shipping_zone": 4,
      "minimum_order_price": {
        "_type": "Money",
        "amount": "75.60",
        "currency": "USD"
      },
      "maximum_order_price": null,
      "minimum_order_weight": "3.55 kg",
      "maximum_order_weight": null
    }
  },
  {
    "model": "shipping.shippingmethod",
    "pk": 14,
    "fields": {
      "name": "FedEx",
      "type": "weight",
      "price": {
        "_type": "Money",
        "amount": "26.53",
        "currency": "USD"
      },
      "shipping_zone": 4,
      "minimum_order_price": {
        "_type": "Money",
        "amount": "53.20",
        "currency": "USD"
      },
      "maximum_order_price": null,
      "minimum_order_weight": "3.2 kg",
      "maximum_order_weight": null
    }
  },
  {
    "model": "shipping.shippingmethod",
    "pk": 15,
    "fields": {
      "name": "EMS",
      "type": "price",
      "price": {
        "_type": "Money",
        "amount": "51.33",
        "currency": "USD"
      },
      "shipping_zone": 4,
      "minimum_order_price": {
        "_type": "Money",
        "amount": "23.20",
        "currency": "USD"
      },
      "maximum_order_price": null,
      "minimum_order_weight": "9.96 kg",
      "maximum_order_weight": null
    }
  },
  {
    "model": "shipping.shippingmethod",
    "pk": 16,
    "fields": {
      "name": "Royale International",
      "type": "weight",
      "price": {
        "_type": "Money",
        "amount": "70.51",
        "currency": "USD"
      },
      "shipping_zone": 5,
      "minimum_order_price": {
        "_type": "Money",
        "amount": "98.52",
        "currency": "USD"
      },
      "maximum_order_price": null,
      "minimum_order_weight": "0.87 kg",
      "maximum_order_weight": null
    }
  },
  {
    "model": "shipping.shippingmethod",
    "pk": 17,
    "fields": {
      "name": "ACE",
      "type": "price",
      "price": {
        "_type": "Money",
        "amount": "14.93",
        "currency": "USD"
      },
      "shipping_zone": 5,
      "minimum_order_price": {
        "_type": "Money",
        "amount": "27.34",
        "currency": "USD"
      },
      "maximum_order_price": null,
      "minimum_order_weight": "9.11 kg",
      "maximum_order_weight": null
    }
  },
  {
    "model": "shipping.shippingmethod",
    "pk": 18,
    "fields": {
      "name": "fastway couriers",
      "type": "price",
      "price": {
        "_type": "Money",
        "amount": "91.95",
        "currency": "USD"
      },
      "shipping_zone": 5,
      "minimum_order_price": {
        "_type": "Money",
        "amount": "29.17",
        "currency": "USD"
      },
      "maximum_order_price": null,
      "minimum_order_weight": "1.42 kg",
      "maximum_order_weight": null
    }
  },
  {
    "model": "shipping.shippingmethod",
    "pk": 19,
    "fields": {
      "name": "Post Office",
      "type": "weight",
      "price": {
        "_type": "Money",
        "amount": "39.30",
        "currency": "USD"
      },
      "shipping_zone": 5,
      "minimum_order_price": {
        "_type": "Money",
        "amount": "46.89",
        "currency": "USD"
      },
      "maximum_order_price": null,
      "minimum_order_weight": "5.74 kg",
      "maximum_order_weight": null
    }
  },
  {
    "model": "shipping.shippingmethod",
    "pk": 20,
    "fields": {
      "name": "DHL",
      "type": "price",
      "price": {
        "_type": "Money",
        "amount": "97.83",
        "currency": "USD"
      },
      "shipping_zone": 1,
      "minimum_order_price": {
        "_type": "Money",
        "amount": "38.21",
        "currency": "USD"
      },
      "maximum_order_price": null,
      "minimum_order_weight": "8.29 kg",
      "maximum_order_weight": null
    }
  },
  {
    "model": "shipping.shippingmethod",
    "pk": 21,
    "fields": {
      "name": "UPS",
      "type": "weight",
      "price": {
        "_type": "Money",
        "amount": "5.50",
        "currency": "USD"
      },
      "shipping_zone": 1,
      "minimum_order_price": {
        "_type": "Money",
        "amount": "43.10",
        "currency": "USD"
      },
      "maximum_order_price": null,
      "minimum_order_weight": "4.32 kg",
      "maximum_order_weight": null
    }
  },
  {
    "model": "shipping.shippingmethod",
    "pk": 22,
    "fields": {
      "name": "Registred priority",
      "type": "weight",
      "price": {
        "_type": "Money",
        "amount": "72.86",
        "currency": "USD"
      },
      "shipping_zone": 1,
      "minimum_order_price": {
        "_type": "Money",
        "amount": "1.75",
        "currency": "USD"
      },
      "maximum_order_price": null,
      "minimum_order_weight": "4.94 kg",
      "maximum_order_weight": null
    }
  },
  {
    "model": "shipping.shippingmethod",
    "pk": 23,
    "fields": {
      "name": "DB Schenker",
      "type": "weight",
      "price": {
        "_type": "Money",
        "amount": "52.80",
        "currency": "USD"
      },
      "shipping_zone": 1,
      "minimum_order_price": {
        "_type": "Money",
        "amount": "48.44",
        "currency": "USD"
      },
      "maximum_order_price": null,
      "minimum_order_weight": "3.19 kg",
      "maximum_order_weight": null
    }
  },
  {
    "model": "shipping.shippingmethod",
    "pk": 24,
    "fields": {
      "name": "FBA",
      "type": "price",
      "price": {
        "_type": "Money",
        "amount": "98.50",
        "currency": "USD"
      },
      "shipping_zone": 2,
      "minimum_order_price": {
        "_type": "Money",
        "amount": "57.11",
        "currency": "USD"
      },
      "maximum_order_price": null,
      "minimum_order_weight": "9.37 kg",
      "maximum_order_weight": null
    }
  },
  {
    "model": "shipping.shippingmethod",
    "pk": 25,
    "fields": {
      "name": "FedEx Express",
      "type": "weight",
      "price": {
        "_type": "Money",
        "amount": "67.29",
        "currency": "USD"
      },
      "shipping_zone": 2,
      "minimum_order_price": {
        "_type": "Money",
        "amount": "95.13",
        "currency": "USD"
      },
      "maximum_order_price": null,
      "minimum_order_weight": "8.38 kg",
      "maximum_order_weight": null
    }
  },
  {
    "model": "shipping.shippingmethod",
    "pk": 26,
    "fields": {
      "name": "Oceania Air Mail",
      "type": "weight",
      "price": {
        "_type": "Money",
        "amount": "90.90",
        "currency": "USD"
      },
      "shipping_zone": 2,
      "minimum_order_price": {
        "_type": "Money",
        "amount": "51.77",
        "currency": "USD"
      },
      "maximum_order_price": null,
      "minimum_order_weight": "1.51 kg",
      "maximum_order_weight": null
    }
  },
  {
    "model": "shipping.shippingmethod",
    "pk": 27,
    "fields": {
      "name": "China Post",
      "type": "price",
      "price": {
        "_type": "Money",
        "amount": "79.15",
        "currency": "USD"
      },
      "shipping_zone": 3,
      "minimum_order_price": {
        "_type": "Money",
        "amount": "1.98",
        "currency": "USD"
      },
      "maximum_order_price": null,
      "minimum_order_weight": "7.6 kg",
      "maximum_order_weight": null
    }
  },
  {
    "model": "shipping.shippingmethod",
    "pk": 28,
    "fields": {
      "name": "TNT",
      "type": "price",
      "price": {
        "_type": "Money",
        "amount": "92.64",
        "currency": "USD"
      },
      "shipping_zone": 3,
      "minimum_order_price": {
        "_type": "Money",
        "amount": "37.90",
        "currency": "USD"
      },
      "maximum_order_price": null,
      "minimum_order_weight": "6.87 kg",
      "maximum_order_weight": null
    }
  },
  {
    "model": "shipping.shippingmethod",
    "pk": 29,
    "fields": {
      "name": "Aramex",
      "type": "price",
      "price": {
        "_type": "Money",
        "amount": "27.96",
        "currency": "USD"
      },
      "shipping_zone": 3,
      "minimum_order_price": {
        "_type": "Money",
        "amount": "61.43",
        "currency": "USD"
      },
      "maximum_order_price": null,
      "minimum_order_weight": "2.87 kg",
      "maximum_order_weight": null
    }
  },
  {
    "model": "shipping.shippingmethod",
    "pk": 30,
    "fields": {
      "name": "EMS",
      "type": "weight",
      "price": {
        "_type": "Money",
        "amount": "84.92",
        "currency": "USD"
      },
      "shipping_zone": 3,
      "minimum_order_price": {
        "_type": "Money",
        "amount": "50.90",
        "currency": "USD"
      },
      "maximum_order_price": null,
      "minimum_order_weight": "7.42 kg",
      "maximum_order_weight": null
    }
  },
  {
    "model": "shipping.shippingmethod",
    "pk": 31,
    "fields": {
      "name": "DHL",
      "type": "weight",
      "price": {
        "_type": "Money",
        "amount": "53.20",
        "currency": "USD"
      },
      "shipping_zone": 4,
      "minimum_order_price": {
        "_type": "Money",
        "amount": "63.74",
        "currency": "USD"
      },
      "maximum_order_price": null,
      "minimum_order_weight": "3.91 kg",
      "maximum_order_weight": null
    }
  },
  {
    "model": "shipping.shippingmethod",
    "pk": 32,
    "fields": {
      "name": "UPS",
      "type": "price",
      "price": {
        "_type": "Money",
        "amount": "34.30",
        "currency": "USD"
      },
      "shipping_zone": 4,
      "minimum_order_price": {
        "_type": "Money",
        "amount": "89.89",
        "currency": "USD"
      },
      "maximum_order_price": null,
      "minimum_order_weight": "6.37 kg",
      "maximum_order_weight": null
    }
  },
  {
    "model": "shipping.shippingmethod",
    "pk": 33,
    "fields": {
      "name": "FedEx",
      "type": "weight",
      "price": {
        "_type": "Money",
        "amount": "21.93",
        "currency": "USD"
      },
      "shipping_zone": 4,
      "minimum_order_price": {
        "_type": "Money",
        "amount": "41.17",
        "currency": "USD"
      },
      "maximum_order_price": null,
      "minimum_order_weight": "8.35 kg",
      "maximum_order_weight": null
    }
  },
  {
    "model": "shipping.shippingmethod",
    "pk": 34,
    "fields": {
      "name": "EMS",
      "type": "price",
      "price": {
        "_type": "Money",
        "amount": "89.84",
        "currency": "USD"
      },
      "shipping_zone": 4,
      "minimum_order_price": {
        "_type": "Money",
        "amount": "91.99",
        "currency": "USD"
      },
      "maximum_order_price": null,
      "minimum_order_weight": "5.57 kg",
      "maximum_order_weight": null
    }
  },
  {
    "model": "shipping.shippingmethod",
    "pk": 35,
    "fields": {
      "name": "Royale International",
      "type": "weight",
      "price": {
        "_type": "Money",
        "amount": "90.67",
        "currency": "USD"
      },
      "shipping_zone": 5,
      "minimum_order_price": {
        "_type": "Money",
        "amount": "57.62",
        "currency": "USD"
      },
      "maximum_order_price": null,
      "minimum_order_weight": "8.3 kg",
      "maximum_order_weight": null
    }
  },
  {
    "model": "shipping.shippingmethod",
    "pk": 36,
    "fields": {
      "name": "ACE",
      "type": "weight",
      "price": {
        "_type": "Money",
        "amount": "61.68",
        "currency": "USD"
      },
      "shipping_zone": 5,
      "minimum_order_price": {
        "_type": "Money",
        "amount": "43.40",
        "currency": "USD"
      },
      "maximum_order_price": null,
      "minimum_order_weight": "0.99 kg",
      "maximum_order_weight": null
    }
  },
  {
    "model": "shipping.shippingmethod",
    "pk": 37,
    "fields": {
      "name": "fastway couriers",
      "type": "price",
      "price": {
        "_type": "Money",
        "amount": "63.63",
        "currency": "USD"
      },
      "shipping_zone": 5,
      "minimum_order_price": {
        "_type": "Money",
        "amount": "72.71",
        "currency": "USD"
      },
      "maximum_order_price": null,
      "minimum_order_weight": "9.65 kg",
      "maximum_order_weight": null
    }
  },
  {
    "model": "shipping.shippingmethod",
    "pk": 38,
    "fields": {
      "name": "Post Office",
      "type": "price",
      "price": {
        "_type": "Money",
        "amount": "49.45",
        "currency": "USD"
      },
      "shipping_zone": 5,
      "minimum_order_price": {
        "_type": "Money",
        "amount": "2.69",
        "currency": "USD"
      },
      "maximum_order_price": null,
      "minimum_order_weight": "7.66 kg",
      "maximum_order_weight": null
    }
  },
  {
    "model": "site.sitesettings",
    "pk": 1,
    "fields": {
      "site": 1,
      "header_text": "Test Saleor - a sample shop!",
      "description": "",
      "top_menu": 1,
      "bottom_menu": 2,
      "include_taxes_in_prices": true,
      "display_gross_prices": true,
      "charge_taxes_on_shipping": true,
      "track_inventory_by_default": true,
      "homepage_collection": 1,
      "default_weight_unit": "kg"
    }
  },
  {
    "model": "page.page",
    "pk": 1,
    "fields": {
      "seo_title": null,
      "seo_description": null,
      "slug": "about",
      "title": "About",
      "content": "\n    <h2>E-commerce for the PWA era</h2>\n    <h3>A modular, high performance e-commerce storefront built with GraphQL, Django, and ReactJS.</h3>\n    <p>Saleor is a rapidly-growing open source e-commerce platform that has served high-volume companies from branches like publishing and apparel since 2012. Based on Python and Django, the latest major update introduces a modular front end with a GraphQL API and storefront and dashboard written in React to make Saleor a full-functionality open source e-commerce.</p>\n    ",
      "created": "2018-11-30T20:24:47.517Z",
      "is_visible": true,
      "available_on": null
    }
  },
  {
    "model": "payment.payment",
    "pk": 1,
    "fields": {
      "gateway": "dummy",
      "is_active": false,
      "created": "2018-11-30T20:24:44.574Z",
      "modified": "2018-11-30T20:24:44.574Z",
      "charge_status": "not-charged",
      "billing_first_name": "Kylie",
      "billing_last_name": "Mcdonald",
      "billing_company_name": "",
      "billing_address_1": "4946 Smith Lakes Apt. 352",
      "billing_address_2": "",
      "billing_city": "Lindseyshire",
      "billing_city_area": "",
      "billing_postal_code": "05708",
      "billing_country_code": "DZ",
      "billing_country_area": "",
      "billing_email": "",
      "customer_ip_address": "192.51.88.46",
      "extra_data": "",
      "token": "3fc951e4-4922-479c-9fcc-04315e60d7cf",
      "currency": "USD",
      "total": "432.62",
      "captured_amount": "0.00",
      "checkout": null,
      "order": 1,
      "cc_first_digits": "",
      "cc_last_digits": "",
      "cc_brand": "",
      "cc_exp_month": null,
      "cc_exp_year": null
    }
  },
  {
    "model": "payment.payment",
    "pk": 2,
    "fields": {
      "gateway": "dummy",
      "is_active": false,
      "created": "2018-11-30T20:24:44.766Z",
      "modified": "2018-11-30T20:24:44.766Z",
      "charge_status": "not-charged",
      "billing_first_name": "David",
      "billing_last_name": "Bradford",
      "billing_company_name": "",
      "billing_address_1": "50154 Martin Lodge Suite 916",
      "billing_address_2": "",
      "billing_city": "North Kristine",
      "billing_city_area": "",
      "billing_postal_code": "13982",
      "billing_country_code": "DO",
      "billing_country_area": "",
      "billing_email": "",
      "customer_ip_address": "192.220.234.211",
      "extra_data": "",
      "token": "4b37b698-3f59-4b49-af20-8a36ad177763",
      "currency": "USD",
      "total": "277.70",
      "captured_amount": "0.00",
      "checkout": null,
      "order": 2,
      "cc_first_digits": "",
      "cc_last_digits": "",
      "cc_brand": "",
      "cc_exp_month": null,
      "cc_exp_year": null
    }
  },
  {
    "model": "payment.payment",
    "pk": 3,
    "fields": {
      "gateway": "dummy",
      "is_active": true,
      "created": "2018-11-30T20:24:44.924Z",
      "modified": "2018-11-30T20:24:44.924Z",
      "charge_status": "charged",
      "billing_first_name": "Kathleen",
      "billing_last_name": "Thomas",
      "billing_company_name": "",
      "billing_address_1": "261 Golden Estate Suite 734",
      "billing_address_2": "",
      "billing_city": "Howelltown",
      "billing_city_area": "",
      "billing_postal_code": "30724",
      "billing_country_code": "AT",
      "billing_country_area": "",
      "billing_email": "kathleen.thomas@example.com",
      "customer_ip_address": "99.29.112.143",
      "extra_data": "",
      "token": "22f33560-5020-40e0-b72b-bfe7f7493c42",
      "currency": "USD",
      "total": "151.93",
      "captured_amount": "151.93",
      "checkout": null,
      "order": 3,
      "cc_first_digits": "",
      "cc_last_digits": "",
      "cc_brand": "",
      "cc_exp_month": null,
      "cc_exp_year": null
    }
  },
  {
    "model": "payment.payment",
    "pk": 4,
    "fields": {
      "gateway": "dummy",
      "is_active": false,
      "created": "2018-11-30T20:24:45.056Z",
      "modified": "2018-11-30T20:24:45.056Z",
      "charge_status": "fully-refunded",
      "billing_first_name": "Joan",
      "billing_last_name": "Powell",
      "billing_company_name": "",
      "billing_address_1": "59079 Nelson Shoals Suite 749",
      "billing_address_2": "",
      "billing_city": "Justinmouth",
      "billing_city_area": "",
      "billing_postal_code": "11341",
      "billing_country_code": "NZ",
      "billing_country_area": "",
      "billing_email": "",
      "customer_ip_address": "192.52.186.182",
      "extra_data": "",
      "token": "1e756893-5ad5-4980-9557-20309ec11f5e",
      "currency": "USD",
      "total": "254.65",
      "captured_amount": "0.00",
      "checkout": null,
      "order": 4,
      "cc_first_digits": "",
      "cc_last_digits": "",
      "cc_brand": "",
      "cc_exp_month": null,
      "cc_exp_year": null
    }
  },
  {
    "model": "payment.payment",
    "pk": 5,
    "fields": {
      "gateway": "dummy",
      "is_active": false,
      "created": "2018-11-30T20:24:45.196Z",
      "modified": "2018-11-30T20:24:45.196Z",
      "charge_status": "fully-refunded",
      "billing_first_name": "Angela",
      "billing_last_name": "Hammond",
      "billing_company_name": "",
      "billing_address_1": "9923 Tucker Port",
      "billing_address_2": "",
      "billing_city": "Moorechester",
      "billing_city_area": "",
      "billing_postal_code": "70496",
      "billing_country_code": "SL",
      "billing_country_area": "",
      "billing_email": "angela.hammond@example.com",
      "customer_ip_address": "203.0.184.111",
      "extra_data": "",
      "token": "bc348f28-8d47-4762-a5aa-70e8c014a476",
      "currency": "USD",
      "total": "111.76",
      "captured_amount": "0.00",
      "checkout": null,
      "order": 5,
      "cc_first_digits": "",
      "cc_last_digits": "",
      "cc_brand": "",
      "cc_exp_month": null,
      "cc_exp_year": null
    }
  },
  {
    "model": "payment.payment",
    "pk": 6,
    "fields": {
      "gateway": "dummy",
      "is_active": false,
      "created": "2018-11-30T20:24:45.324Z",
      "modified": "2018-11-30T20:24:45.324Z",
      "charge_status": "fully-refunded",
      "billing_first_name": "Kayla",
      "billing_last_name": "Mann",
      "billing_company_name": "",
      "billing_address_1": "7619 Michelle Groves Suite 720",
      "billing_address_2": "",
      "billing_city": "Perkinsville",
      "billing_city_area": "",
      "billing_postal_code": "04556",
      "billing_country_code": "CZ",
      "billing_country_area": "",
      "billing_email": "kayla.mann@example.com",
      "customer_ip_address": "192.88.98.91",
      "extra_data": "",
      "token": "e0144682-4287-4169-a28c-600238aad329",
      "currency": "USD",
      "total": "143.70",
      "captured_amount": "0.00",
      "checkout": null,
      "order": 6,
      "cc_first_digits": "",
      "cc_last_digits": "",
      "cc_brand": "",
      "cc_exp_month": null,
      "cc_exp_year": null
    }
  },
  {
    "model": "payment.payment",
    "pk": 7,
    "fields": {
      "gateway": "dummy",
      "is_active": true,
      "created": "2018-11-30T20:24:45.475Z",
      "modified": "2018-11-30T20:24:45.475Z",
      "charge_status": "charged",
      "billing_first_name": "Miguel",
      "billing_last_name": "Jones",
      "billing_company_name": "",
      "billing_address_1": "669 Jose Vista Suite 240",
      "billing_address_2": "",
      "billing_city": "Ryantown",
      "billing_city_area": "",
      "billing_postal_code": "23770",
      "billing_country_code": "TM",
      "billing_country_area": "",
      "billing_email": "",
      "customer_ip_address": "192.175.131.88",
      "extra_data": "",
      "token": "e05398f3-2080-4200-9bb5-b5a6075624c7",
      "currency": "USD",
      "total": "331.76",
      "captured_amount": "331.76",
      "checkout": null,
      "order": 7,
      "cc_first_digits": "",
      "cc_last_digits": "",
      "cc_brand": "",
      "cc_exp_month": null,
      "cc_exp_year": null
    }
  },
  {
    "model": "payment.payment",
    "pk": 8,
    "fields": {
      "gateway": "dummy",
      "is_active": false,
      "created": "2018-11-30T20:24:45.614Z",
      "modified": "2018-11-30T20:24:45.614Z",
      "charge_status": "not-charged",
      "billing_first_name": "Wendy",
      "billing_last_name": "Reyes",
      "billing_company_name": "",
      "billing_address_1": "03807 Short Shores",
      "billing_address_2": "",
      "billing_city": "Murraychester",
      "billing_city_area": "",
      "billing_postal_code": "06912",
      "billing_country_code": "LY",
      "billing_country_area": "",
      "billing_email": "wendy.reyes@example.com",
      "customer_ip_address": "202.41.65.169",
      "extra_data": "",
      "token": "3a25626a-d6e1-4a9a-9f13-5be38be7ccfb",
      "currency": "USD",
      "total": "49.57",
      "captured_amount": "0.00",
      "checkout": null,
      "order": 8,
      "cc_first_digits": "",
      "cc_last_digits": "",
      "cc_brand": "",
      "cc_exp_month": null,
      "cc_exp_year": null
    }
  },
  {
    "model": "payment.payment",
    "pk": 9,
    "fields": {
      "gateway": "dummy",
      "is_active": true,
      "created": "2018-11-30T20:24:45.712Z",
      "modified": "2018-11-30T20:24:45.712Z",
      "charge_status": "charged",
      "billing_first_name": "Amanda",
      "billing_last_name": "Aguilar",
      "billing_company_name": "",
      "billing_address_1": "46815 Nicholas Mountains Suite 968",
      "billing_address_2": "",
      "billing_city": "Port Karenmouth",
      "billing_city_area": "",
      "billing_postal_code": "45776",
      "billing_country_code": "HN",
      "billing_country_area": "",
      "billing_email": "",
      "customer_ip_address": "203.8.217.22",
      "extra_data": "",
      "token": "f4c62667-2f1e-4563-909a-ef5376f4a202",
      "currency": "USD",
      "total": "143.80",
      "captured_amount": "143.80",
      "checkout": null,
      "order": 9,
      "cc_first_digits": "",
      "cc_last_digits": "",
      "cc_brand": "",
      "cc_exp_month": null,
      "cc_exp_year": null
    }
  },
  {
    "model": "payment.payment",
    "pk": 10,
    "fields": {
      "gateway": "dummy",
      "is_active": true,
      "created": "2018-11-30T20:24:45.820Z",
      "modified": "2018-11-30T20:24:45.820Z",
      "charge_status": "charged",
      "billing_first_name": "Karen",
      "billing_last_name": "Byrd",
      "billing_company_name": "",
      "billing_address_1": "589 Aaron Mountains",
      "billing_address_2": "",
      "billing_city": "South Joshua",
      "billing_city_area": "",
      "billing_postal_code": "18966",
      "billing_country_code": "TO",
      "billing_country_area": "",
      "billing_email": "",
      "customer_ip_address": "192.184.161.129",
      "extra_data": "",
      "token": "c063d98d-6a6b-4349-977d-d157e4098826",
      "currency": "USD",
      "total": "160.48",
      "captured_amount": "160.48",
      "checkout": null,
      "order": 10,
      "cc_first_digits": "",
      "cc_last_digits": "",
      "cc_brand": "",
      "cc_exp_month": null,
      "cc_exp_year": null
    }
  },
  {
    "model": "payment.payment",
    "pk": 11,
    "fields": {
      "gateway": "dummy",
      "is_active": true,
      "created": "2018-11-30T20:24:45.997Z",
      "modified": "2018-11-30T20:24:45.997Z",
      "charge_status": "charged",
      "billing_first_name": "Michelle",
      "billing_last_name": "Pierce",
      "billing_company_name": "",
      "billing_address_1": "942 Williams Rest",
      "billing_address_2": "",
      "billing_city": "East Juan",
      "billing_city_area": "",
      "billing_postal_code": "83363",
      "billing_country_code": "DM",
      "billing_country_area": "",
      "billing_email": "",
      "customer_ip_address": "194.154.146.1",
      "extra_data": "",
      "token": "99ecdc36-1bf8-471a-9574-0fab8e256542",
      "currency": "USD",
      "total": "358.51",
      "captured_amount": "358.51",
      "checkout": null,
      "order": 11,
      "cc_first_digits": "",
      "cc_last_digits": "",
      "cc_brand": "",
      "cc_exp_month": null,
      "cc_exp_year": null
    }
  },
  {
    "model": "payment.payment",
    "pk": 12,
    "fields": {
      "gateway": "dummy",
      "is_active": true,
      "created": "2018-11-30T20:24:46.161Z",
      "modified": "2018-11-30T20:24:46.161Z",
      "charge_status": "charged",
      "billing_first_name": "Maria",
      "billing_last_name": "Young",
      "billing_company_name": "",
      "billing_address_1": "30378 Gloria Road Apt. 191",
      "billing_address_2": "",
      "billing_city": "West Brucestad",
      "billing_city_area": "",
      "billing_postal_code": "16033",
      "billing_country_code": "MW",
      "billing_country_area": "",
      "billing_email": "maria.young@example.com",
      "customer_ip_address": "192.31.93.20",
      "extra_data": "",
      "token": "33e95dda-1b32-4bf6-8028-58b2b916c164",
      "currency": "USD",
      "total": "354.73",
      "captured_amount": "354.73",
      "checkout": null,
      "order": 12,
      "cc_first_digits": "",
      "cc_last_digits": "",
      "cc_brand": "",
      "cc_exp_month": null,
      "cc_exp_year": null
    }
  },
  {
    "model": "payment.payment",
    "pk": 13,
    "fields": {
      "gateway": "dummy",
      "is_active": false,
      "created": "2018-11-30T20:24:46.312Z",
      "modified": "2018-11-30T20:24:46.312Z",
      "charge_status": "fully-refunded",
      "billing_first_name": "Joan",
      "billing_last_name": "Powell",
      "billing_company_name": "",
      "billing_address_1": "59079 Nelson Shoals Suite 749",
      "billing_address_2": "",
      "billing_city": "Justinmouth",
      "billing_city_area": "",
      "billing_postal_code": "11341",
      "billing_country_code": "NZ",
      "billing_country_area": "",
      "billing_email": "",
      "customer_ip_address": "192.88.217.22",
      "extra_data": "",
      "token": "9837283b-50f8-4e08-8707-f91db210cec4",
      "currency": "USD",
      "total": "191.95",
      "captured_amount": "0.00",
      "checkout": null,
      "order": 13,
      "cc_first_digits": "",
      "cc_last_digits": "",
      "cc_brand": "",
      "cc_exp_month": null,
      "cc_exp_year": null
    }
  },
  {
    "model": "payment.payment",
    "pk": 14,
    "fields": {
      "gateway": "dummy",
      "is_active": true,
      "created": "2018-11-30T20:24:46.471Z",
      "modified": "2018-11-30T20:24:46.471Z",
      "charge_status": "not-charged",
      "billing_first_name": "Amy",
      "billing_last_name": "Harris",
      "billing_company_name": "",
      "billing_address_1": "61607 Neal Parks",
      "billing_address_2": "",
      "billing_city": "South Kristyland",
      "billing_city_area": "",
      "billing_postal_code": "70252",
      "billing_country_code": "CH",
      "billing_country_area": "",
      "billing_email": "",
      "customer_ip_address": "198.51.102.123",
      "extra_data": "",
      "token": "1e5c45bc-a70e-4d65-9286-405c86f907f5",
      "currency": "USD",
      "total": "197.57",
      "captured_amount": "0.00",
      "checkout": null,
      "order": 14,
      "cc_first_digits": "",
      "cc_last_digits": "",
      "cc_brand": "",
      "cc_exp_month": null,
      "cc_exp_year": null
    }
  },
  {
    "model": "payment.payment",
    "pk": 15,
    "fields": {
      "gateway": "dummy",
      "is_active": false,
      "created": "2018-11-30T20:24:46.600Z",
      "modified": "2018-11-30T20:24:46.600Z",
      "charge_status": "not-charged",
      "billing_first_name": "Barbara",
      "billing_last_name": "Nixon",
      "billing_company_name": "",
      "billing_address_1": "222 Cortez Stravenue Suite 872",
      "billing_address_2": "",
      "billing_city": "New Holly",
      "billing_city_area": "",
      "billing_postal_code": "46617",
      "billing_country_code": "SL",
      "billing_country_area": "",
      "billing_email": "barbara.nixon@example.com",
      "customer_ip_address": "192.52.228.188",
      "extra_data": "",
      "token": "203953a8-e7be-4257-b9f6-b0a0d58e2cb3",
      "currency": "USD",
      "total": "118.85",
      "captured_amount": "0.00",
      "checkout": null,
      "order": 15,
      "cc_first_digits": "",
      "cc_last_digits": "",
      "cc_brand": "",
      "cc_exp_month": null,
      "cc_exp_year": null
    }
  },
  {
    "model": "payment.payment",
    "pk": 16,
    "fields": {
      "gateway": "dummy",
      "is_active": true,
      "created": "2018-11-30T20:24:46.753Z",
      "modified": "2018-11-30T20:24:46.753Z",
      "charge_status": "charged",
      "billing_first_name": "Danielle",
      "billing_last_name": "Reid",
      "billing_company_name": "",
      "billing_address_1": "7194 Allen Squares Suite 857",
      "billing_address_2": "",
      "billing_city": "South Lisashire",
      "billing_city_area": "",
      "billing_postal_code": "93882",
      "billing_country_code": "BT",
      "billing_country_area": "",
      "billing_email": "danielle.reid@example.com",
      "customer_ip_address": "6.111.41.135",
      "extra_data": "",
      "token": "160561dd-e660-47ec-99e6-789239d7d571",
      "currency": "USD",
      "total": "193.76",
      "captured_amount": "193.76",
      "checkout": null,
      "order": 16,
      "cc_first_digits": "",
      "cc_last_digits": "",
      "cc_brand": "",
      "cc_exp_month": null,
      "cc_exp_year": null
    }
  },
  {
    "model": "payment.payment",
    "pk": 17,
    "fields": {
      "gateway": "dummy",
      "is_active": true,
      "created": "2018-11-30T20:24:46.874Z",
      "modified": "2018-11-30T20:24:46.874Z",
      "charge_status": "charged",
      "billing_first_name": "John",
      "billing_last_name": "Johnson",
      "billing_company_name": "",
      "billing_address_1": "823 Jerry Hill Apt. 705",
      "billing_address_2": "",
      "billing_city": "Timothymouth",
      "billing_city_area": "",
      "billing_postal_code": "56770",
      "billing_country_code": "CR",
      "billing_country_area": "",
      "billing_email": "john.johnson@example.com",
      "customer_ip_address": "192.0.3.34",
      "extra_data": "",
      "token": "8a3a8b2b-f89c-4148-adc3-e9f9d47915cf",
      "currency": "USD",
      "total": "171.65",
      "captured_amount": "171.65",
      "checkout": null,
      "order": 17,
      "cc_first_digits": "",
      "cc_last_digits": "",
      "cc_brand": "",
      "cc_exp_month": null,
      "cc_exp_year": null
    }
  },
  {
    "model": "payment.payment",
    "pk": 18,
    "fields": {
      "gateway": "dummy",
      "is_active": true,
      "created": "2018-11-30T20:24:47.004Z",
      "modified": "2018-11-30T20:24:47.004Z",
      "charge_status": "not-charged",
      "billing_first_name": "Clarence",
      "billing_last_name": "Wong",
      "billing_company_name": "",
      "billing_address_1": "49236 Barajas Cliff",
      "billing_address_2": "",
      "billing_city": "Swansonborough",
      "billing_city_area": "",
      "billing_postal_code": "08746",
      "billing_country_code": "NL",
      "billing_country_area": "",
      "billing_email": "clarence.wong@example.com",
      "customer_ip_address": "121.3.47.54",
      "extra_data": "",
      "token": "b3663e2c-c7dc-4fd2-8822-efd99a7207f5",
      "currency": "USD",
      "total": "241.76",
      "captured_amount": "0.00",
      "checkout": null,
      "order": 18,
      "cc_first_digits": "",
      "cc_last_digits": "",
      "cc_brand": "",
      "cc_exp_month": null,
      "cc_exp_year": null
    }
  },
  {
    "model": "payment.payment",
    "pk": 19,
    "fields": {
      "gateway": "dummy",
      "is_active": true,
      "created": "2018-11-30T20:24:47.093Z",
      "modified": "2018-11-30T20:24:47.093Z",
      "charge_status": "charged",
      "billing_first_name": "Amy",
      "billing_last_name": "Harris",
      "billing_company_name": "",
      "billing_address_1": "61607 Neal Parks",
      "billing_address_2": "",
      "billing_city": "South Kristyland",
      "billing_city_area": "",
      "billing_postal_code": "70252",
      "billing_country_code": "CH",
      "billing_country_area": "",
      "billing_email": "",
      "customer_ip_address": "192.0.29.176",
      "extra_data": "",
      "token": "908a5e0e-5e41-4c5b-b325-ff081334403e",
      "currency": "USD",
      "total": "306.62",
      "captured_amount": "306.62",
      "checkout": null,
      "order": 19,
      "cc_first_digits": "",
      "cc_last_digits": "",
      "cc_brand": "",
      "cc_exp_month": null,
      "cc_exp_year": null
    }
  },
  {
    "model": "payment.payment",
    "pk": 20,
    "fields": {
      "gateway": "dummy",
      "is_active": false,
      "created": "2018-11-30T20:24:47.267Z",
      "modified": "2018-11-30T20:24:47.267Z",
      "charge_status": "fully-refunded",
      "billing_first_name": "Joan",
      "billing_last_name": "Powell",
      "billing_company_name": "",
      "billing_address_1": "59079 Nelson Shoals Suite 749",
      "billing_address_2": "",
      "billing_city": "Justinmouth",
      "billing_city_area": "",
      "billing_postal_code": "11341",
      "billing_country_code": "NZ",
      "billing_country_area": "",
      "billing_email": "",
      "customer_ip_address": "198.48.9.186",
      "extra_data": "",
      "token": "81af47e5-fefa-49a5-a677-9f898bea4247",
      "currency": "USD",
      "total": "391.95",
      "captured_amount": "0.00",
      "checkout": null,
      "order": 20,
      "cc_first_digits": "",
      "cc_last_digits": "",
      "cc_brand": "",
      "cc_exp_month": null,
      "cc_exp_year": null
    }
  },
  {
    "model": "payment.payment",
    "pk": 21,
    "fields": {
      "gateway": "dummy",
      "is_active": true,
      "created": "2018-12-04T15:29:39.489Z",
      "modified": "2018-12-04T15:29:39.489Z",
      "charge_status": "charged",
      "billing_first_name": "Troy",
      "billing_last_name": "Young",
      "billing_company_name": "",
      "billing_address_1": "441 Christopher Fords Suite 743",
      "billing_address_2": "",
      "billing_city": "West Martha",
      "billing_city_area": "",
      "billing_postal_code": "13176",
      "billing_country_code": "PW",
      "billing_country_area": "",
      "billing_email": "",
      "customer_ip_address": "192.175.51.231",
      "extra_data": "",
      "token": "b7e6ee92-816f-419d-bfe3-7a9f16e99f2b",
      "currency": "USD",
      "total": "152.86",
      "captured_amount": "152.86",
      "checkout": null,
      "order": 21,
      "cc_first_digits": "",
      "cc_last_digits": "",
      "cc_brand": "",
      "cc_exp_month": null,
      "cc_exp_year": null
    }
  },
  {
    "model": "payment.payment",
    "pk": 22,
    "fields": {
      "gateway": "dummy",
      "is_active": true,
      "created": "2018-12-04T15:29:39.634Z",
      "modified": "2018-12-04T15:29:39.634Z",
      "charge_status": "charged",
      "billing_first_name": "Timothy",
      "billing_last_name": "Gardner",
      "billing_company_name": "",
      "billing_address_1": "98177 Holloway Turnpike",
      "billing_address_2": "",
      "billing_city": "Joelview",
      "billing_city_area": "",
      "billing_postal_code": "39267",
      "billing_country_code": "TD",
      "billing_country_area": "",
      "billing_email": "",
      "customer_ip_address": "192.31.233.121",
      "extra_data": "",
      "token": "4963c93d-d4f5-4918-a1cc-e755ae370435",
      "currency": "USD",
      "total": "237.96",
      "captured_amount": "237.96",
      "checkout": null,
      "order": 22,
      "cc_first_digits": "",
      "cc_last_digits": "",
      "cc_brand": "",
      "cc_exp_month": null,
      "cc_exp_year": null
    }
  },
  {
    "model": "payment.payment",
    "pk": 23,
    "fields": {
      "gateway": "dummy",
      "is_active": true,
      "created": "2018-12-04T15:29:39.815Z",
      "modified": "2018-12-04T15:29:39.815Z",
      "charge_status": "not-charged",
      "billing_first_name": "Lori",
      "billing_last_name": "Tucker",
      "billing_company_name": "",
      "billing_address_1": "67124 Scott Flat",
      "billing_address_2": "",
      "billing_city": "East Laurachester",
      "billing_city_area": "",
      "billing_postal_code": "55409",
      "billing_country_code": "HR",
      "billing_country_area": "",
      "billing_email": "",
      "customer_ip_address": "192.88.98.101",
      "extra_data": "",
      "token": "12bf1214-ac6a-4fd5-bce7-1289b2ba7209",
      "currency": "USD",
      "total": "311.48",
      "captured_amount": "0.00",
      "checkout": null,
      "order": 23,
      "cc_first_digits": "",
      "cc_last_digits": "",
      "cc_brand": "",
      "cc_exp_month": null,
      "cc_exp_year": null
    }
  },
  {
    "model": "payment.payment",
    "pk": 24,
    "fields": {
      "gateway": "dummy",
      "is_active": true,
      "created": "2018-12-04T15:29:39.999Z",
      "modified": "2018-12-04T15:29:39.999Z",
      "charge_status": "charged",
      "billing_first_name": "Garrett",
      "billing_last_name": "Grimes",
      "billing_company_name": "",
      "billing_address_1": "8402 Johnson Stream Suite 877",
      "billing_address_2": "",
      "billing_city": "Bartonstad",
      "billing_city_area": "",
      "billing_postal_code": "90793",
      "billing_country_code": "ME",
      "billing_country_area": "",
      "billing_email": "garrett.grimes@example.com",
      "customer_ip_address": "192.30.237.204",
      "extra_data": "",
      "token": "5dbce812-5c98-465e-afdd-4529e8c9acd1",
      "currency": "USD",
      "total": "248.84",
      "captured_amount": "248.84",
      "checkout": null,
      "order": 24,
      "cc_first_digits": "",
      "cc_last_digits": "",
      "cc_brand": "",
      "cc_exp_month": null,
      "cc_exp_year": null
    }
  },
  {
    "model": "payment.payment",
    "pk": 25,
    "fields": {
      "gateway": "dummy",
      "is_active": true,
      "created": "2018-12-04T15:29:40.185Z",
      "modified": "2018-12-04T15:29:40.185Z",
      "charge_status": "charged",
      "billing_first_name": "James",
      "billing_last_name": "Turner",
      "billing_company_name": "",
      "billing_address_1": "46629 Campbell River Apt. 460",
      "billing_address_2": "",
      "billing_city": "Hannahmouth",
      "billing_city_area": "",
      "billing_postal_code": "68655",
      "billing_country_code": "MH",
      "billing_country_area": "",
      "billing_email": "james.turner@example.com",
      "customer_ip_address": "4.26.81.5",
      "extra_data": "",
      "token": "16598bb0-eba5-41fe-b703-260f5bac0329",
      "currency": "USD",
      "total": "306.33",
      "captured_amount": "306.33",
      "checkout": null,
      "order": 25,
      "cc_first_digits": "",
      "cc_last_digits": "",
      "cc_brand": "",
      "cc_exp_month": null,
      "cc_exp_year": null
    }
  },
  {
    "model": "payment.payment",
    "pk": 26,
    "fields": {
      "gateway": "dummy",
      "is_active": false,
      "created": "2018-12-04T15:29:40.447Z",
      "modified": "2018-12-04T15:29:40.447Z",
      "charge_status": "fully-refunded",
      "billing_first_name": "Cody",
      "billing_last_name": "Wu",
      "billing_company_name": "",
      "billing_address_1": "325 Poole Village",
      "billing_address_2": "",
      "billing_city": "South Brianaborough",
      "billing_city_area": "",
      "billing_postal_code": "92908",
      "billing_country_code": "BT",
      "billing_country_area": "",
      "billing_email": "cody.wu@example.com",
      "customer_ip_address": "203.0.99.17",
      "extra_data": "",
      "token": "cf37d066-4d69-4d02-9d6e-c532be48d614",
      "currency": "USD",
      "total": "338.64",
      "captured_amount": "0.00",
      "checkout": null,
      "order": 26,
      "cc_first_digits": "",
      "cc_last_digits": "",
      "cc_brand": "",
      "cc_exp_month": null,
      "cc_exp_year": null
    }
  },
  {
    "model": "payment.payment",
    "pk": 27,
    "fields": {
      "gateway": "dummy",
      "is_active": true,
      "created": "2018-12-04T15:29:40.598Z",
      "modified": "2018-12-04T15:29:40.598Z",
      "charge_status": "not-charged",
      "billing_first_name": "Michael",
      "billing_last_name": "Good",
      "billing_company_name": "",
      "billing_address_1": "351 Jennifer Village",
      "billing_address_2": "",
      "billing_city": "North Phillipbury",
      "billing_city_area": "",
      "billing_postal_code": "74396",
      "billing_country_code": "AT",
      "billing_country_area": "",
      "billing_email": "michael.good@example.com",
      "customer_ip_address": "178.194.12.19",
      "extra_data": "",
      "token": "b9a2081a-e85f-42ed-b8e2-ea881431b87a",
      "currency": "USD",
      "total": "231.65",
      "captured_amount": "0.00",
      "checkout": null,
      "order": 27,
      "cc_first_digits": "",
      "cc_last_digits": "",
      "cc_brand": "",
      "cc_exp_month": null,
      "cc_exp_year": null
    }
  },
  {
    "model": "payment.payment",
    "pk": 28,
    "fields": {
      "gateway": "dummy",
      "is_active": false,
      "created": "2018-12-04T15:29:40.711Z",
      "modified": "2018-12-04T15:29:40.711Z",
      "charge_status": "not-charged",
      "billing_first_name": "David",
      "billing_last_name": "Bradford",
      "billing_company_name": "",
      "billing_address_1": "50154 Martin Lodge Suite 916",
      "billing_address_2": "",
      "billing_city": "North Kristine",
      "billing_city_area": "",
      "billing_postal_code": "13982",
      "billing_country_code": "DO",
      "billing_country_area": "",
      "billing_email": "",
      "customer_ip_address": "192.175.49.158",
      "extra_data": "",
      "token": "770ea752-36ac-4ac0-8a95-c3898eb0048b",
      "currency": "USD",
      "total": "188.50",
      "captured_amount": "0.00",
      "checkout": null,
      "order": 28,
      "cc_first_digits": "",
      "cc_last_digits": "",
      "cc_brand": "",
      "cc_exp_month": null,
      "cc_exp_year": null
    }
  },
  {
    "model": "payment.payment",
    "pk": 29,
    "fields": {
      "gateway": "dummy",
      "is_active": true,
      "created": "2018-12-04T15:29:40.937Z",
      "modified": "2018-12-04T15:29:40.937Z",
      "charge_status": "not-charged",
      "billing_first_name": "Kylie",
      "billing_last_name": "Mcdonald",
      "billing_company_name": "",
      "billing_address_1": "4946 Smith Lakes Apt. 352",
      "billing_address_2": "",
      "billing_city": "Lindseyshire",
      "billing_city_area": "",
      "billing_postal_code": "05708",
      "billing_country_code": "DZ",
      "billing_country_area": "",
      "billing_email": "",
      "customer_ip_address": "192.88.105.76",
      "extra_data": "",
      "token": "aaa86e76-19c7-4eed-a316-21a81b88b9c4",
      "currency": "USD",
      "total": "142.80",
      "captured_amount": "0.00",
      "checkout": null,
      "order": 29,
      "cc_first_digits": "",
      "cc_last_digits": "",
      "cc_brand": "",
      "cc_exp_month": null,
      "cc_exp_year": null
    }
  },
  {
    "model": "payment.payment",
    "pk": 30,
    "fields": {
      "gateway": "dummy",
      "is_active": true,
      "created": "2018-12-04T15:29:41.063Z",
      "modified": "2018-12-04T15:29:41.063Z",
      "charge_status": "charged",
      "billing_first_name": "Michelle",
      "billing_last_name": "Pierce",
      "billing_company_name": "",
      "billing_address_1": "942 Williams Rest",
      "billing_address_2": "",
      "billing_city": "East Juan",
      "billing_city_area": "",
      "billing_postal_code": "83363",
      "billing_country_code": "DM",
      "billing_country_area": "",
      "billing_email": "",
      "customer_ip_address": "192.88.96.79",
      "extra_data": "",
      "token": "b364fd10-0835-4f85-bef8-22e5078cd02a",
      "currency": "USD",
      "total": "192.62",
      "captured_amount": "192.62",
      "checkout": null,
      "order": 30,
      "cc_first_digits": "",
      "cc_last_digits": "",
      "cc_brand": "",
      "cc_exp_month": null,
      "cc_exp_year": null
    }
  },
  {
    "model": "payment.payment",
    "pk": 31,
    "fields": {
      "gateway": "dummy",
      "is_active": true,
      "created": "2018-12-04T15:29:41.226Z",
      "modified": "2018-12-04T15:29:41.226Z",
      "charge_status": "charged",
      "billing_first_name": "Jacob",
      "billing_last_name": "Torres",
      "billing_company_name": "",
      "billing_address_1": "797 Campbell Causeway",
      "billing_address_2": "",
      "billing_city": "New Annmouth",
      "billing_city_area": "",
      "billing_postal_code": "76000",
      "billing_country_code": "KN",
      "billing_country_area": "",
      "billing_email": "jacob.torres@example.com",
      "customer_ip_address": "192.0.15.155",
      "extra_data": "",
      "token": "6b7e0af8-0b8a-461b-8819-34b150d05521",
      "currency": "USD",
      "total": "136.00",
      "captured_amount": "136.00",
      "checkout": null,
      "order": 31,
      "cc_first_digits": "",
      "cc_last_digits": "",
      "cc_brand": "",
      "cc_exp_month": null,
      "cc_exp_year": null
    }
  },
  {
    "model": "payment.payment",
    "pk": 32,
    "fields": {
      "gateway": "dummy",
      "is_active": false,
      "created": "2018-12-04T15:29:41.411Z",
      "modified": "2018-12-04T15:29:41.411Z",
      "charge_status": "fully-refunded",
      "billing_first_name": "Matthew",
      "billing_last_name": "Brock",
      "billing_company_name": "",
      "billing_address_1": "5835 Rosario Forks Suite 795",
      "billing_address_2": "",
      "billing_city": "Lake Tonyborough",
      "billing_city_area": "",
      "billing_postal_code": "95681",
      "billing_country_code": "GE",
      "billing_country_area": "",
      "billing_email": "matthew.brock@example.com",
      "customer_ip_address": "198.59.23.136",
      "extra_data": "",
      "token": "3375328c-ef65-4a58-8ff8-7963ec3a9b24",
      "currency": "USD",
      "total": "218.45",
      "captured_amount": "0.00",
      "checkout": null,
      "order": 32,
      "cc_first_digits": "",
      "cc_last_digits": "",
      "cc_brand": "",
      "cc_exp_month": null,
      "cc_exp_year": null
    }
  },
  {
    "model": "payment.payment",
    "pk": 33,
    "fields": {
      "gateway": "dummy",
      "is_active": true,
      "created": "2018-12-04T15:29:41.627Z",
      "modified": "2018-12-04T15:29:41.627Z",
      "charge_status": "charged",
      "billing_first_name": "Corey",
      "billing_last_name": "Walters",
      "billing_company_name": "",
      "billing_address_1": "1229 Joseph Neck",
      "billing_address_2": "",
      "billing_city": "Derrickshire",
      "billing_city_area": "",
      "billing_postal_code": "64912",
      "billing_country_code": "TJ",
      "billing_country_area": "",
      "billing_email": "",
      "customer_ip_address": "192.178.254.193",
      "extra_data": "",
      "token": "60d36ace-5ee8-4a36-927e-dbf2fc806a0b",
      "currency": "USD",
      "total": "362.93",
      "captured_amount": "362.93",
      "checkout": null,
      "order": 33,
      "cc_first_digits": "",
      "cc_last_digits": "",
      "cc_brand": "",
      "cc_exp_month": null,
      "cc_exp_year": null
    }
  },
  {
    "model": "payment.payment",
    "pk": 34,
    "fields": {
      "gateway": "dummy",
      "is_active": false,
      "created": "2018-12-04T15:29:41.806Z",
      "modified": "2018-12-04T15:29:41.806Z",
      "charge_status": "fully-refunded",
      "billing_first_name": "Jacqueline",
      "billing_last_name": "Acosta",
      "billing_company_name": "",
      "billing_address_1": "37682 Mccullough Forges Apt. 850",
      "billing_address_2": "",
      "billing_city": "Conleystad",
      "billing_city_area": "",
      "billing_postal_code": "78558",
      "billing_country_code": "UA",
      "billing_country_area": "",
      "billing_email": "",
      "customer_ip_address": "192.31.197.71",
      "extra_data": "",
      "token": "2c984c8e-ccdc-4c9a-96b4-30c2c4bf7e90",
      "currency": "USD",
      "total": "339.30",
      "captured_amount": "0.00",
      "checkout": null,
      "order": 34,
      "cc_first_digits": "",
      "cc_last_digits": "",
      "cc_brand": "",
      "cc_exp_month": null,
      "cc_exp_year": null
    }
  },
  {
    "model": "payment.payment",
    "pk": 35,
    "fields": {
      "gateway": "dummy",
      "is_active": true,
      "created": "2018-12-04T15:29:41.953Z",
      "modified": "2018-12-04T15:29:41.953Z",
      "charge_status": "not-charged",
      "billing_first_name": "Jacqueline",
      "billing_last_name": "Acosta",
      "billing_company_name": "",
      "billing_address_1": "37682 Mccullough Forges Apt. 850",
      "billing_address_2": "",
      "billing_city": "Conleystad",
      "billing_city_area": "",
      "billing_postal_code": "78558",
      "billing_country_code": "UA",
      "billing_country_area": "",
      "billing_email": "",
      "customer_ip_address": "203.0.236.33",
      "extra_data": "",
      "token": "ba1e77d4-e863-4578-91fd-5c0662d87d4c",
      "currency": "USD",
      "total": "73.63",
      "captured_amount": "0.00",
      "checkout": null,
      "order": 35,
      "cc_first_digits": "",
      "cc_last_digits": "",
      "cc_brand": "",
      "cc_exp_month": null,
      "cc_exp_year": null
    }
  },
  {
    "model": "payment.payment",
    "pk": 36,
    "fields": {
      "gateway": "dummy",
      "is_active": true,
      "created": "2018-12-04T15:29:42.075Z",
      "modified": "2018-12-04T15:29:42.075Z",
      "charge_status": "not-charged",
      "billing_first_name": "Daniel",
      "billing_last_name": "Burton",
      "billing_company_name": "",
      "billing_address_1": "48254 Haney Roads",
      "billing_address_2": "",
      "billing_city": "Katherineborough",
      "billing_city_area": "",
      "billing_postal_code": "64734",
      "billing_country_code": "TJ",
      "billing_country_area": "",
      "billing_email": "daniel.burton@example.com",
      "customer_ip_address": "169.9.54.198",
      "extra_data": "",
      "token": "f70d47e4-dbe8-4c92-838d-2f183a4fb113",
      "currency": "USD",
      "total": "179.84",
      "captured_amount": "0.00",
      "checkout": null,
      "order": 36,
      "cc_first_digits": "",
      "cc_last_digits": "",
      "cc_brand": "",
      "cc_exp_month": null,
      "cc_exp_year": null
    }
  },
  {
    "model": "payment.payment",
    "pk": 37,
    "fields": {
      "gateway": "dummy",
      "is_active": true,
      "created": "2018-12-04T15:29:42.223Z",
      "modified": "2018-12-04T15:29:42.223Z",
      "charge_status": "charged",
      "billing_first_name": "Katherine",
      "billing_last_name": "Knapp",
      "billing_company_name": "",
      "billing_address_1": "585 Ryan Shores",
      "billing_address_2": "",
      "billing_city": "New Julia",
      "billing_city_area": "",
      "billing_postal_code": "76179",
      "billing_country_code": "SD",
      "billing_country_area": "",
      "billing_email": "",
      "customer_ip_address": "198.99.211.97",
      "extra_data": "",
      "token": "31166ffd-1912-4524-a9ba-427867a90f47",
      "currency": "USD",
      "total": "146.62",
      "captured_amount": "146.62",
      "checkout": null,
      "order": 37,
      "cc_first_digits": "",
      "cc_last_digits": "",
      "cc_brand": "",
      "cc_exp_month": null,
      "cc_exp_year": null
    }
  },
  {
    "model": "payment.payment",
    "pk": 38,
    "fields": {
      "gateway": "dummy",
      "is_active": true,
      "created": "2018-12-04T15:29:42.438Z",
      "modified": "2018-12-04T15:29:42.438Z",
      "charge_status": "charged",
      "billing_first_name": "Amy",
      "billing_last_name": "Harris",
      "billing_company_name": "",
      "billing_address_1": "61607 Neal Parks",
      "billing_address_2": "",
      "billing_city": "South Kristyland",
      "billing_city_area": "",
      "billing_postal_code": "70252",
      "billing_country_code": "CH",
      "billing_country_area": "",
      "billing_email": "",
      "customer_ip_address": "192.31.202.211",
      "extra_data": "",
      "token": "03ef7a0c-8022-4628-b451-a61f259e0eab",
      "currency": "USD",
      "total": "184.73",
      "captured_amount": "184.73",
      "checkout": null,
      "order": 38,
      "cc_first_digits": "",
      "cc_last_digits": "",
      "cc_brand": "",
      "cc_exp_month": null,
      "cc_exp_year": null
    }
  },
  {
    "model": "payment.payment",
    "pk": 39,
    "fields": {
      "gateway": "dummy",
      "is_active": true,
      "created": "2018-12-04T15:29:42.561Z",
      "modified": "2018-12-04T15:29:42.561Z",
      "charge_status": "charged",
      "billing_first_name": "Bradley",
      "billing_last_name": "Watson",
      "billing_company_name": "",
      "billing_address_1": "8603 Farmer Forge Apt. 220",
      "billing_address_2": "",
      "billing_city": "North Joseph",
      "billing_city_area": "",
      "billing_postal_code": "86449",
      "billing_country_code": "LS",
      "billing_country_area": "",
      "billing_email": "bradley.watson@example.com",
      "customer_ip_address": "192.31.174.250",
      "extra_data": "",
      "token": "2a39c663-ed63-4f02-81a8-fb2d78f36633",
      "currency": "USD",
      "total": "95.57",
      "captured_amount": "95.57",
      "checkout": null,
      "order": 39,
      "cc_first_digits": "",
      "cc_last_digits": "",
      "cc_brand": "",
      "cc_exp_month": null,
      "cc_exp_year": null
    }
  },
  {
    "model": "payment.payment",
    "pk": 40,
    "fields": {
      "gateway": "dummy",
      "is_active": true,
      "created": "2018-12-04T15:29:42.903Z",
      "modified": "2018-12-04T15:29:42.903Z",
      "charge_status": "charged",
      "billing_first_name": "Ryan",
      "billing_last_name": "Whitaker",
      "billing_company_name": "",
      "billing_address_1": "232 Graham Trace Apt. 306",
      "billing_address_2": "",
      "billing_city": "West Josebury",
      "billing_city_area": "",
      "billing_postal_code": "05291",
      "billing_country_code": "TT",
      "billing_country_area": "",
      "billing_email": "ryan.whitaker@example.com",
      "customer_ip_address": "192.28.135.62",
      "extra_data": "",
      "token": "a4ab1102-87f2-4d2d-b091-ec6ad6434609",
      "currency": "USD",
      "total": "184.08",
      "captured_amount": "184.08",
      "checkout": null,
      "order": 40,
      "cc_first_digits": "",
      "cc_last_digits": "",
      "cc_brand": "",
      "cc_exp_month": null,
      "cc_exp_year": null
    }
  },
  {
    "model": "payment.transaction",
    "pk": 1,
    "fields": {
      "created": "2018-11-30T20:24:44.604Z",
      "payment": 1,
      "token": "3fc951e4-4922-479c-9fcc-04315e60d7cf",
      "kind": "auth",
      "is_success": true,
      "currency": "USD",
      "amount": "432.62",
      "error": null,
      "gateway_response": {}
    }
  },
  {
    "model": "payment.transaction",
    "pk": 2,
    "fields": {
      "created": "2018-11-30T20:24:44.611Z",
      "payment": 1,
      "token": "565d6506-e412-4791-8308-0a3beea8795a",
      "kind": "void",
      "is_success": true,
      "currency": "USD",
      "amount": "432.62",
      "error": null,
      "gateway_response": {}
    }
  },
  {
    "model": "payment.transaction",
    "pk": 3,
    "fields": {
      "created": "2018-11-30T20:24:44.773Z",
      "payment": 2,
      "token": "4b37b698-3f59-4b49-af20-8a36ad177763",
      "kind": "auth",
      "is_success": true,
      "currency": "USD",
      "amount": "277.70",
      "error": null,
      "gateway_response": {}
    }
  },
  {
    "model": "payment.transaction",
    "pk": 4,
    "fields": {
      "created": "2018-11-30T20:24:44.778Z",
      "payment": 2,
      "token": "5bec47b7-1118-45a2-869c-61e4c15fdb98",
      "kind": "void",
      "is_success": true,
      "currency": "USD",
      "amount": "277.70",
      "error": null,
      "gateway_response": {}
    }
  },
  {
    "model": "payment.transaction",
    "pk": 5,
    "fields": {
      "created": "2018-11-30T20:24:44.929Z",
      "payment": 3,
      "token": "22f33560-5020-40e0-b72b-bfe7f7493c42",
      "kind": "auth",
      "is_success": true,
      "currency": "USD",
      "amount": "151.93",
      "error": null,
      "gateway_response": {}
    }
  },
  {
    "model": "payment.transaction",
    "pk": 6,
    "fields": {
      "created": "2018-11-30T20:24:44.934Z",
      "payment": 3,
      "token": "ca5b84d9-5ea8-43e7-9bcc-4877429a9858",
      "kind": "capture",
      "is_success": true,
      "currency": "USD",
      "amount": "151.93",
      "error": null,
      "gateway_response": {}
    }
  },
  {
    "model": "payment.transaction",
    "pk": 7,
    "fields": {
      "created": "2018-11-30T20:24:45.061Z",
      "payment": 4,
      "token": "1e756893-5ad5-4980-9557-20309ec11f5e",
      "kind": "auth",
      "is_success": true,
      "currency": "USD",
      "amount": "254.65",
      "error": null,
      "gateway_response": {}
    }
  },
  {
    "model": "payment.transaction",
    "pk": 8,
    "fields": {
      "created": "2018-11-30T20:24:45.066Z",
      "payment": 4,
      "token": "d0e6ff87-0d47-410a-a034-fae67f583afb",
      "kind": "capture",
      "is_success": true,
      "currency": "USD",
      "amount": "254.65",
      "error": null,
      "gateway_response": {}
    }
  },
  {
    "model": "payment.transaction",
    "pk": 9,
    "fields": {
      "created": "2018-11-30T20:24:45.080Z",
      "payment": 4,
      "token": "bfb3aea3-fb5b-494d-ac8d-a165983377b9",
      "kind": "refund",
      "is_success": true,
      "currency": "USD",
      "amount": "254.65",
      "error": null,
      "gateway_response": {}
    }
  },
  {
    "model": "payment.transaction",
    "pk": 10,
    "fields": {
      "created": "2018-11-30T20:24:45.201Z",
      "payment": 5,
      "token": "bc348f28-8d47-4762-a5aa-70e8c014a476",
      "kind": "auth",
      "is_success": true,
      "currency": "USD",
      "amount": "111.76",
      "error": null,
      "gateway_response": {}
    }
  },
  {
    "model": "payment.transaction",
    "pk": 11,
    "fields": {
      "created": "2018-11-30T20:24:45.206Z",
      "payment": 5,
      "token": "67b68593-de7d-488e-9d72-44c43016149a",
      "kind": "capture",
      "is_success": true,
      "currency": "USD",
      "amount": "111.76",
      "error": null,
      "gateway_response": {}
    }
  },
  {
    "model": "payment.transaction",
    "pk": 12,
    "fields": {
      "created": "2018-11-30T20:24:45.221Z",
      "payment": 5,
      "token": "96f0f526-4177-491f-a949-7e09e1a16ede",
      "kind": "refund",
      "is_success": true,
      "currency": "USD",
      "amount": "111.76",
      "error": null,
      "gateway_response": {}
    }
  },
  {
    "model": "payment.transaction",
    "pk": 13,
    "fields": {
      "created": "2018-11-30T20:24:45.330Z",
      "payment": 6,
      "token": "e0144682-4287-4169-a28c-600238aad329",
      "kind": "auth",
      "is_success": true,
      "currency": "USD",
      "amount": "143.70",
      "error": null,
      "gateway_response": {}
    }
  },
  {
    "model": "payment.transaction",
    "pk": 14,
    "fields": {
      "created": "2018-11-30T20:24:45.336Z",
      "payment": 6,
      "token": "0b6332ac-27fa-445e-9d0a-4b0c44f8d4b2",
      "kind": "capture",
      "is_success": true,
      "currency": "USD",
      "amount": "143.70",
      "error": null,
      "gateway_response": {}
    }
  },
  {
    "model": "payment.transaction",
    "pk": 15,
    "fields": {
      "created": "2018-11-30T20:24:45.351Z",
      "payment": 6,
      "token": "06b762ad-eb49-4224-83bb-d9d2a0cc073a",
      "kind": "refund",
      "is_success": true,
      "currency": "USD",
      "amount": "143.70",
      "error": null,
      "gateway_response": {}
    }
  },
  {
    "model": "payment.transaction",
    "pk": 16,
    "fields": {
      "created": "2018-11-30T20:24:45.482Z",
      "payment": 7,
      "token": "e05398f3-2080-4200-9bb5-b5a6075624c7",
      "kind": "auth",
      "is_success": true,
      "currency": "USD",
      "amount": "331.76",
      "error": null,
      "gateway_response": {}
    }
  },
  {
    "model": "payment.transaction",
    "pk": 17,
    "fields": {
      "created": "2018-11-30T20:24:45.487Z",
      "payment": 7,
      "token": "2dfb0d3b-8784-4b47-b6f5-2939392a1dcb",
      "kind": "capture",
      "is_success": true,
      "currency": "USD",
      "amount": "331.76",
      "error": null,
      "gateway_response": {}
    }
  },
  {
    "model": "payment.transaction",
    "pk": 18,
    "fields": {
      "created": "2018-11-30T20:24:45.619Z",
      "payment": 8,
      "token": "3a25626a-d6e1-4a9a-9f13-5be38be7ccfb",
      "kind": "auth",
      "is_success": true,
      "currency": "USD",
      "amount": "49.57",
      "error": null,
      "gateway_response": {}
    }
  },
  {
    "model": "payment.transaction",
    "pk": 19,
    "fields": {
      "created": "2018-11-30T20:24:45.624Z",
      "payment": 8,
      "token": "f889a0fe-f1c4-43a4-ba3f-3795702dc3a8",
      "kind": "void",
      "is_success": true,
      "currency": "USD",
      "amount": "49.57",
      "error": null,
      "gateway_response": {}
    }
  },
  {
    "model": "payment.transaction",
    "pk": 20,
    "fields": {
      "created": "2018-11-30T20:24:45.722Z",
      "payment": 9,
      "token": "f4c62667-2f1e-4563-909a-ef5376f4a202",
      "kind": "auth",
      "is_success": true,
      "currency": "USD",
      "amount": "143.80",
      "error": null,
      "gateway_response": {}
    }
  },
  {
    "model": "payment.transaction",
    "pk": 21,
    "fields": {
      "created": "2018-11-30T20:24:45.727Z",
      "payment": 9,
      "token": "7bf91a75-1c71-4564-b921-4db8333d91a5",
      "kind": "capture",
      "is_success": true,
      "currency": "USD",
      "amount": "143.80",
      "error": null,
      "gateway_response": {}
    }
  },
  {
    "model": "payment.transaction",
    "pk": 22,
    "fields": {
      "created": "2018-11-30T20:24:45.826Z",
      "payment": 10,
      "token": "c063d98d-6a6b-4349-977d-d157e4098826",
      "kind": "auth",
      "is_success": true,
      "currency": "USD",
      "amount": "160.48",
      "error": null,
      "gateway_response": {}
    }
  },
  {
    "model": "payment.transaction",
    "pk": 23,
    "fields": {
      "created": "2018-11-30T20:24:45.832Z",
      "payment": 10,
      "token": "debc24fd-b6ea-46be-895a-dfafcf2dce0c",
      "kind": "capture",
      "is_success": true,
      "currency": "USD",
      "amount": "160.48",
      "error": null,
      "gateway_response": {}
    }
  },
  {
    "model": "payment.transaction",
    "pk": 24,
    "fields": {
      "created": "2018-11-30T20:24:46.003Z",
      "payment": 11,
      "token": "99ecdc36-1bf8-471a-9574-0fab8e256542",
      "kind": "auth",
      "is_success": true,
      "currency": "USD",
      "amount": "358.51",
      "error": null,
      "gateway_response": {}
    }
  },
  {
    "model": "payment.transaction",
    "pk": 25,
    "fields": {
      "created": "2018-11-30T20:24:46.009Z",
      "payment": 11,
      "token": "a8792bc8-40e4-4ba3-8c01-beed5c871c55",
      "kind": "capture",
      "is_success": true,
      "currency": "USD",
      "amount": "358.51",
      "error": null,
      "gateway_response": {}
    }
  },
  {
    "model": "payment.transaction",
    "pk": 26,
    "fields": {
      "created": "2018-11-30T20:24:46.167Z",
      "payment": 12,
      "token": "33e95dda-1b32-4bf6-8028-58b2b916c164",
      "kind": "auth",
      "is_success": true,
      "currency": "USD",
      "amount": "354.73",
      "error": null,
      "gateway_response": {}
    }
  },
  {
    "model": "payment.transaction",
    "pk": 27,
    "fields": {
      "created": "2018-11-30T20:24:46.172Z",
      "payment": 12,
      "token": "645f7329-6c4c-46ca-9caf-dbbf9dda0f78",
      "kind": "capture",
      "is_success": true,
      "currency": "USD",
      "amount": "354.73",
      "error": null,
      "gateway_response": {}
    }
  },
  {
    "model": "payment.transaction",
    "pk": 28,
    "fields": {
      "created": "2018-11-30T20:24:46.318Z",
      "payment": 13,
      "token": "9837283b-50f8-4e08-8707-f91db210cec4",
      "kind": "auth",
      "is_success": true,
      "currency": "USD",
      "amount": "191.95",
      "error": null,
      "gateway_response": {}
    }
  },
  {
    "model": "payment.transaction",
    "pk": 29,
    "fields": {
      "created": "2018-11-30T20:24:46.322Z",
      "payment": 13,
      "token": "e2e24e31-54d3-4fe6-9dae-216a75bf9004",
      "kind": "capture",
      "is_success": true,
      "currency": "USD",
      "amount": "191.95",
      "error": null,
      "gateway_response": {}
    }
  },
  {
    "model": "payment.transaction",
    "pk": 30,
    "fields": {
      "created": "2018-11-30T20:24:46.337Z",
      "payment": 13,
      "token": "b4b354b7-f902-4ad6-ad9a-36ca357d556a",
      "kind": "refund",
      "is_success": true,
      "currency": "USD",
      "amount": "191.95",
      "error": null,
      "gateway_response": {}
    }
  },
  {
    "model": "payment.transaction",
    "pk": 31,
    "fields": {
      "created": "2018-11-30T20:24:46.476Z",
      "payment": 14,
      "token": "1e5c45bc-a70e-4d65-9286-405c86f907f5",
      "kind": "auth",
      "is_success": true,
      "currency": "USD",
      "amount": "197.57",
      "error": null,
      "gateway_response": {}
    }
  },
  {
    "model": "payment.transaction",
    "pk": 32,
    "fields": {
      "created": "2018-11-30T20:24:46.606Z",
      "payment": 15,
      "token": "203953a8-e7be-4257-b9f6-b0a0d58e2cb3",
      "kind": "auth",
      "is_success": true,
      "currency": "USD",
      "amount": "118.85",
      "error": null,
      "gateway_response": {}
    }
  },
  {
    "model": "payment.transaction",
    "pk": 33,
    "fields": {
      "created": "2018-11-30T20:24:46.611Z",
      "payment": 15,
      "token": "08835a9f-69f2-4dda-9fc2-1323fd524257",
      "kind": "void",
      "is_success": true,
      "currency": "USD",
      "amount": "118.85",
      "error": null,
      "gateway_response": {}
    }
  },
  {
    "model": "payment.transaction",
    "pk": 34,
    "fields": {
      "created": "2018-11-30T20:24:46.758Z",
      "payment": 16,
      "token": "160561dd-e660-47ec-99e6-789239d7d571",
      "kind": "auth",
      "is_success": true,
      "currency": "USD",
      "amount": "193.76",
      "error": null,
      "gateway_response": {}
    }
  },
  {
    "model": "payment.transaction",
    "pk": 35,
    "fields": {
      "created": "2018-11-30T20:24:46.763Z",
      "payment": 16,
      "token": "255c4be0-e402-4149-ab49-11b01dbebac9",
      "kind": "capture",
      "is_success": true,
      "currency": "USD",
      "amount": "193.76",
      "error": null,
      "gateway_response": {}
    }
  },
  {
    "model": "payment.transaction",
    "pk": 36,
    "fields": {
      "created": "2018-11-30T20:24:46.880Z",
      "payment": 17,
      "token": "8a3a8b2b-f89c-4148-adc3-e9f9d47915cf",
      "kind": "auth",
      "is_success": true,
      "currency": "USD",
      "amount": "171.65",
      "error": null,
      "gateway_response": {}
    }
  },
  {
    "model": "payment.transaction",
    "pk": 37,
    "fields": {
      "created": "2018-11-30T20:24:46.886Z",
      "payment": 17,
      "token": "bd5e9b47-cc3b-4808-b33d-9d570d9d98cd",
      "kind": "capture",
      "is_success": true,
      "currency": "USD",
      "amount": "171.65",
      "error": null,
      "gateway_response": {}
    }
  },
  {
    "model": "payment.transaction",
    "pk": 38,
    "fields": {
      "created": "2018-11-30T20:24:47.011Z",
      "payment": 18,
      "token": "b3663e2c-c7dc-4fd2-8822-efd99a7207f5",
      "kind": "auth",
      "is_success": true,
      "currency": "USD",
      "amount": "241.76",
      "error": null,
      "gateway_response": {}
    }
  },
  {
    "model": "payment.transaction",
    "pk": 39,
    "fields": {
      "created": "2018-11-30T20:24:47.098Z",
      "payment": 19,
      "token": "908a5e0e-5e41-4c5b-b325-ff081334403e",
      "kind": "auth",
      "is_success": true,
      "currency": "USD",
      "amount": "306.62",
      "error": null,
      "gateway_response": {}
    }
  },
  {
    "model": "payment.transaction",
    "pk": 40,
    "fields": {
      "created": "2018-11-30T20:24:47.103Z",
      "payment": 19,
      "token": "31edfbdb-ea3c-43fd-8883-49087c3ddeb0",
      "kind": "capture",
      "is_success": true,
      "currency": "USD",
      "amount": "306.62",
      "error": null,
      "gateway_response": {}
    }
  },
  {
    "model": "payment.transaction",
    "pk": 41,
    "fields": {
      "created": "2018-11-30T20:24:47.272Z",
      "payment": 20,
      "token": "81af47e5-fefa-49a5-a677-9f898bea4247",
      "kind": "auth",
      "is_success": true,
      "currency": "USD",
      "amount": "391.95",
      "error": null,
      "gateway_response": {}
    }
  },
  {
    "model": "payment.transaction",
    "pk": 42,
    "fields": {
      "created": "2018-11-30T20:24:47.277Z",
      "payment": 20,
      "token": "84c91c38-994c-40e7-9ac5-36a07455e96e",
      "kind": "capture",
      "is_success": true,
      "currency": "USD",
      "amount": "391.95",
      "error": null,
      "gateway_response": {}
    }
  },
  {
    "model": "payment.transaction",
    "pk": 43,
    "fields": {
      "created": "2018-11-30T20:24:47.293Z",
      "payment": 20,
      "token": "087fe47f-f3eb-47d2-b24d-de97a9dd4f53",
      "kind": "refund",
      "is_success": true,
      "currency": "USD",
      "amount": "391.95",
      "error": null,
      "gateway_response": {}
    }
  },
  {
    "model": "payment.transaction",
    "pk": 44,
    "fields": {
      "created": "2018-12-04T15:29:39.502Z",
      "payment": 21,
      "token": "b7e6ee92-816f-419d-bfe3-7a9f16e99f2b",
      "kind": "auth",
      "is_success": true,
      "currency": "USD",
      "amount": "152.86",
      "error": null,
      "gateway_response": {}
    }
  },
  {
    "model": "payment.transaction",
    "pk": 45,
    "fields": {
      "created": "2018-12-04T15:29:39.508Z",
      "payment": 21,
      "token": "e1d9e166-be67-4b80-928b-4dba949de496",
      "kind": "capture",
      "is_success": true,
      "currency": "USD",
      "amount": "152.86",
      "error": null,
      "gateway_response": {}
    }
  },
  {
    "model": "payment.transaction",
    "pk": 46,
    "fields": {
      "created": "2018-12-04T15:29:39.640Z",
      "payment": 22,
      "token": "4963c93d-d4f5-4918-a1cc-e755ae370435",
      "kind": "auth",
      "is_success": true,
      "currency": "USD",
      "amount": "237.96",
      "error": null,
      "gateway_response": {}
    }
  },
  {
    "model": "payment.transaction",
    "pk": 47,
    "fields": {
      "created": "2018-12-04T15:29:39.645Z",
      "payment": 22,
      "token": "8c5ebdd7-ee23-4a2c-b3ca-72a0313ffcdc",
      "kind": "capture",
      "is_success": true,
      "currency": "USD",
      "amount": "237.96",
      "error": null,
      "gateway_response": {}
    }
  },
  {
    "model": "payment.transaction",
    "pk": 48,
    "fields": {
      "created": "2018-12-04T15:29:39.822Z",
      "payment": 23,
      "token": "12bf1214-ac6a-4fd5-bce7-1289b2ba7209",
      "kind": "auth",
      "is_success": true,
      "currency": "USD",
      "amount": "311.48",
      "error": null,
      "gateway_response": {}
    }
  },
  {
    "model": "payment.transaction",
    "pk": 49,
    "fields": {
      "created": "2018-12-04T15:29:40.005Z",
      "payment": 24,
      "token": "5dbce812-5c98-465e-afdd-4529e8c9acd1",
      "kind": "auth",
      "is_success": true,
      "currency": "USD",
      "amount": "248.84",
      "error": null,
      "gateway_response": {}
    }
  },
  {
    "model": "payment.transaction",
    "pk": 50,
    "fields": {
      "created": "2018-12-04T15:29:40.010Z",
      "payment": 24,
      "token": "8974aabd-4f3e-4b50-94b6-adcb70211a69",
      "kind": "capture",
      "is_success": true,
      "currency": "USD",
      "amount": "248.84",
      "error": null,
      "gateway_response": {}
    }
  },
  {
    "model": "payment.transaction",
    "pk": 51,
    "fields": {
      "created": "2018-12-04T15:29:40.191Z",
      "payment": 25,
      "token": "16598bb0-eba5-41fe-b703-260f5bac0329",
      "kind": "auth",
      "is_success": true,
      "currency": "USD",
      "amount": "306.33",
      "error": null,
      "gateway_response": {}
    }
  },
  {
    "model": "payment.transaction",
    "pk": 52,
    "fields": {
      "created": "2018-12-04T15:29:40.196Z",
      "payment": 25,
      "token": "d89e5ee7-6cfc-4873-9a6f-8892215a08ba",
      "kind": "capture",
      "is_success": true,
      "currency": "USD",
      "amount": "306.33",
      "error": null,
      "gateway_response": {}
    }
  },
  {
    "model": "payment.transaction",
    "pk": 53,
    "fields": {
      "created": "2018-12-04T15:29:40.452Z",
      "payment": 26,
      "token": "cf37d066-4d69-4d02-9d6e-c532be48d614",
      "kind": "auth",
      "is_success": true,
      "currency": "USD",
      "amount": "338.64",
      "error": null,
      "gateway_response": {}
    }
  },
  {
    "model": "payment.transaction",
    "pk": 54,
    "fields": {
      "created": "2018-12-04T15:29:40.457Z",
      "payment": 26,
      "token": "f85b2c94-f456-4163-9a95-ce0ced4ec0a8",
      "kind": "capture",
      "is_success": true,
      "currency": "USD",
      "amount": "338.64",
      "error": null,
      "gateway_response": {}
    }
  },
  {
    "model": "payment.transaction",
    "pk": 55,
    "fields": {
      "created": "2018-12-04T15:29:40.470Z",
      "payment": 26,
      "token": "1b6dcb2a-61bb-47eb-8e0a-40c2b1d19c76",
      "kind": "refund",
      "is_success": true,
      "currency": "USD",
      "amount": "338.64",
      "error": null,
      "gateway_response": {}
    }
  },
  {
    "model": "payment.transaction",
    "pk": 56,
    "fields": {
      "created": "2018-12-04T15:29:40.603Z",
      "payment": 27,
      "token": "b9a2081a-e85f-42ed-b8e2-ea881431b87a",
      "kind": "auth",
      "is_success": true,
      "currency": "USD",
      "amount": "231.65",
      "error": null,
      "gateway_response": {}
    }
  },
  {
    "model": "payment.transaction",
    "pk": 57,
    "fields": {
      "created": "2018-12-04T15:29:40.718Z",
      "payment": 28,
      "token": "770ea752-36ac-4ac0-8a95-c3898eb0048b",
      "kind": "auth",
      "is_success": true,
      "currency": "USD",
      "amount": "188.50",
      "error": null,
      "gateway_response": {}
    }
  },
  {
    "model": "payment.transaction",
    "pk": 58,
    "fields": {
      "created": "2018-12-04T15:29:40.723Z",
      "payment": 28,
      "token": "d7f32357-a13c-4c95-93c9-840cd311c5dc",
      "kind": "void",
      "is_success": true,
      "currency": "USD",
      "amount": "188.50",
      "error": null,
      "gateway_response": {}
    }
  },
  {
    "model": "payment.transaction",
    "pk": 59,
    "fields": {
      "created": "2018-12-04T15:29:40.943Z",
      "payment": 29,
      "token": "aaa86e76-19c7-4eed-a316-21a81b88b9c4",
      "kind": "auth",
      "is_success": true,
      "currency": "USD",
      "amount": "142.80",
      "error": null,
      "gateway_response": {}
    }
  },
  {
    "model": "payment.transaction",
    "pk": 60,
    "fields": {
      "created": "2018-12-04T15:29:41.069Z",
      "payment": 30,
      "token": "b364fd10-0835-4f85-bef8-22e5078cd02a",
      "kind": "auth",
      "is_success": true,
      "currency": "USD",
      "amount": "192.62",
      "error": null,
      "gateway_response": {}
    }
  },
  {
    "model": "payment.transaction",
    "pk": 61,
    "fields": {
      "created": "2018-12-04T15:29:41.074Z",
      "payment": 30,
      "token": "b57caef7-5888-4160-b50d-1ce1ff559c1b",
      "kind": "capture",
      "is_success": true,
      "currency": "USD",
      "amount": "192.62",
      "error": null,
      "gateway_response": {}
    }
  },
  {
    "model": "payment.transaction",
    "pk": 62,
    "fields": {
      "created": "2018-12-04T15:29:41.232Z",
      "payment": 31,
      "token": "6b7e0af8-0b8a-461b-8819-34b150d05521",
      "kind": "auth",
      "is_success": true,
      "currency": "USD",
      "amount": "136.00",
      "error": null,
      "gateway_response": {}
    }
  },
  {
    "model": "payment.transaction",
    "pk": 63,
    "fields": {
      "created": "2018-12-04T15:29:41.237Z",
      "payment": 31,
      "token": "ce12fa07-de56-4a99-9a52-f594823874f3",
      "kind": "capture",
      "is_success": true,
      "currency": "USD",
      "amount": "136.00",
      "error": null,
      "gateway_response": {}
    }
  },
  {
    "model": "payment.transaction",
    "pk": 64,
    "fields": {
      "created": "2018-12-04T15:29:41.417Z",
      "payment": 32,
      "token": "3375328c-ef65-4a58-8ff8-7963ec3a9b24",
      "kind": "auth",
      "is_success": true,
      "currency": "USD",
      "amount": "218.45",
      "error": null,
      "gateway_response": {}
    }
  },
  {
    "model": "payment.transaction",
    "pk": 65,
    "fields": {
      "created": "2018-12-04T15:29:41.422Z",
      "payment": 32,
      "token": "9a3a12b9-ad4d-4e86-9613-7dd1031ad9a7",
      "kind": "capture",
      "is_success": true,
      "currency": "USD",
      "amount": "218.45",
      "error": null,
      "gateway_response": {}
    }
  },
  {
    "model": "payment.transaction",
    "pk": 66,
    "fields": {
      "created": "2018-12-04T15:29:41.436Z",
      "payment": 32,
      "token": "8f1ff21a-776b-4979-a60d-42dcaa7ac869",
      "kind": "refund",
      "is_success": true,
      "currency": "USD",
      "amount": "218.45",
      "error": null,
      "gateway_response": {}
    }
  },
  {
    "model": "payment.transaction",
    "pk": 67,
    "fields": {
      "created": "2018-12-04T15:29:41.633Z",
      "payment": 33,
      "token": "60d36ace-5ee8-4a36-927e-dbf2fc806a0b",
      "kind": "auth",
      "is_success": true,
      "currency": "USD",
      "amount": "362.93",
      "error": null,
      "gateway_response": {}
    }
  },
  {
    "model": "payment.transaction",
    "pk": 68,
    "fields": {
      "created": "2018-12-04T15:29:41.638Z",
      "payment": 33,
      "token": "578a284c-c940-4396-b44f-2294e411c80e",
      "kind": "capture",
      "is_success": true,
      "currency": "USD",
      "amount": "362.93",
      "error": null,
      "gateway_response": {}
    }
  },
  {
    "model": "payment.transaction",
    "pk": 69,
    "fields": {
      "created": "2018-12-04T15:29:41.813Z",
      "payment": 34,
      "token": "2c984c8e-ccdc-4c9a-96b4-30c2c4bf7e90",
      "kind": "auth",
      "is_success": true,
      "currency": "USD",
      "amount": "339.30",
      "error": null,
      "gateway_response": {}
    }
  },
  {
    "model": "payment.transaction",
    "pk": 70,
    "fields": {
      "created": "2018-12-04T15:29:41.818Z",
      "payment": 34,
      "token": "22086bad-6900-459c-9c50-8e823bbfb828",
      "kind": "capture",
      "is_success": true,
      "currency": "USD",
      "amount": "339.30",
      "error": null,
      "gateway_response": {}
    }
  },
  {
    "model": "payment.transaction",
    "pk": 71,
    "fields": {
      "created": "2018-12-04T15:29:41.832Z",
      "payment": 34,
      "token": "fc99ae48-8ac1-45c6-b8c0-7f207b8d1b4d",
      "kind": "refund",
      "is_success": true,
      "currency": "USD",
      "amount": "339.30",
      "error": null,
      "gateway_response": {}
    }
  },
  {
    "model": "payment.transaction",
    "pk": 72,
    "fields": {
      "created": "2018-12-04T15:29:41.959Z",
      "payment": 35,
      "token": "ba1e77d4-e863-4578-91fd-5c0662d87d4c",
      "kind": "auth",
      "is_success": true,
      "currency": "USD",
      "amount": "73.63",
      "error": null,
      "gateway_response": {}
    }
  },
  {
    "model": "payment.transaction",
    "pk": 73,
    "fields": {
      "created": "2018-12-04T15:29:42.081Z",
      "payment": 36,
      "token": "f70d47e4-dbe8-4c92-838d-2f183a4fb113",
      "kind": "auth",
      "is_success": true,
      "currency": "USD",
      "amount": "179.84",
      "error": null,
      "gateway_response": {}
    }
  },
  {
    "model": "payment.transaction",
    "pk": 74,
    "fields": {
      "created": "2018-12-04T15:29:42.229Z",
      "payment": 37,
      "token": "31166ffd-1912-4524-a9ba-427867a90f47",
      "kind": "auth",
      "is_success": true,
      "currency": "USD",
      "amount": "146.62",
      "error": null,
      "gateway_response": {}
    }
  },
  {
    "model": "payment.transaction",
    "pk": 75,
    "fields": {
      "created": "2018-12-04T15:29:42.234Z",
      "payment": 37,
      "token": "4bf18748-91c4-4e1a-940c-e56a0abf8810",
      "kind": "capture",
      "is_success": true,
      "currency": "USD",
      "amount": "146.62",
      "error": null,
      "gateway_response": {}
    }
  },
  {
    "model": "payment.transaction",
    "pk": 76,
    "fields": {
      "created": "2018-12-04T15:29:42.444Z",
      "payment": 38,
      "token": "03ef7a0c-8022-4628-b451-a61f259e0eab",
      "kind": "auth",
      "is_success": true,
      "currency": "USD",
      "amount": "184.73",
      "error": null,
      "gateway_response": {}
    }
  },
  {
    "model": "payment.transaction",
    "pk": 77,
    "fields": {
      "created": "2018-12-04T15:29:42.449Z",
      "payment": 38,
      "token": "7efc4885-6765-43eb-8150-57262fa86ac1",
      "kind": "capture",
      "is_success": true,
      "currency": "USD",
      "amount": "184.73",
      "error": null,
      "gateway_response": {}
    }
  },
  {
    "model": "payment.transaction",
    "pk": 78,
    "fields": {
      "created": "2018-12-04T15:29:42.567Z",
      "payment": 39,
      "token": "2a39c663-ed63-4f02-81a8-fb2d78f36633",
      "kind": "auth",
      "is_success": true,
      "currency": "USD",
      "amount": "95.57",
      "error": null,
      "gateway_response": {}
    }
  },
  {
    "model": "payment.transaction",
    "pk": 79,
    "fields": {
      "created": "2018-12-04T15:29:42.572Z",
      "payment": 39,
      "token": "65356877-a4f2-4a9f-a3a2-25b30377d154",
      "kind": "capture",
      "is_success": true,
      "currency": "USD",
      "amount": "95.57",
      "error": null,
      "gateway_response": {}
    }
  },
  {
    "model": "payment.transaction",
    "pk": 80,
    "fields": {
      "created": "2018-12-04T15:29:42.909Z",
      "payment": 40,
      "token": "a4ab1102-87f2-4d2d-b091-ec6ad6434609",
      "kind": "auth",
      "is_success": true,
      "currency": "USD",
      "amount": "184.08",
      "error": null,
      "gateway_response": {}
    }
  },
  {
    "model": "payment.transaction",
    "pk": 81,
    "fields": {
      "created": "2018-12-04T15:29:42.914Z",
      "payment": 40,
      "token": "ed84ccd0-62d2-407f-a1ce-18b0273d15da",
      "kind": "capture",
      "is_success": true,
      "currency": "USD",
      "amount": "184.08",
      "error": null,
      "gateway_response": {}
    }
  }
]